source_id,source_pdf,physical_page,image,width,height,sha256
jia-yi-full,谢惠民-数学分析习题课讲义答案 (甲乙).pdf,1,answer-pages/jia-yi-full/page-0001.jpg,1450,2051,5CE5D4788238DEC5A8C6E509F63462CD90B0EDE803E7F6B5D7B94E27E41197D5
jia-yi-full,谢惠民-数学分析习题课讲义答案 (甲乙).pdf,2,answer-pages/jia-yi-full/page-0002.jpg,1450,2051,540CBC96ED3A96F9347149E2725B7B8E6CBA973450B69E4578E442BC228BA02F
jia-yi-full,谢惠民-数学分析习题课讲义答案 (甲乙).pdf,3,answer-pages/jia-yi-full/page-0003.jpg,1450,2051,6E0FD9B345D8AA5DDFF5B8740A5FDE075749E8108D7DB8B147FF02211D58771F
jia-yi-full,谢惠民-数学分析习题课讲义答案 (甲乙).pdf,4,answer-pages/jia-yi-full/page-0004.jpg,1450,2051,D85593D3AA76DB5D9380CAC721336DFC14F33C8DB3098E4F71AB4D7ACE1367CD
jia-yi-full,谢惠民-数学分析习题课讲义答案 (甲乙).pdf,5,answer-pages/jia-yi-full/page-0005.jpg,1450,2051,6BE4FCF7C37C0E8345454B00D6D4D8723130EB082825E4C9D570CEC16C79456F
jia-yi-full,谢惠民-数学分析习题课讲义答案 (甲乙).pdf,6,answer-pages/jia-yi-full/page-0006.jpg,1450,2051,280AF39F7C776F027BE423A8AC68DF57F732108BF94A4F302A06E6B0B4E1A85C
jia-yi-full,谢惠民-数学分析习题课讲义答案 (甲乙).pdf,7,answer-pages/jia-yi-full/page-0007.jpg,1450,2051,80736081D51804D05B5D577215345FC61139C94927B1444D0CCF758CBD759107
jia-yi-full,谢惠民-数学分析习题课讲义答案 (甲乙).pdf,8,answer-pages/jia-yi-full/page-0008.jpg,1450,2051,8840C1FEB7EA203C2654E47394D67A760CCA19E3736877D52BB28D00690CA1EB
jia-yi-full,谢惠民-数学分析习题课讲义答案 (甲乙).pdf,9,answer-pages/jia-yi-full/page-0009.jpg,1450,2051,384F7EFCC360E6662F2E962B510D9A4161E60F20C03B246FF17D7150A83844E4
jia-yi-full,谢惠民-数学分析习题课讲义答案 (甲乙).pdf,10,answer-pages/jia-yi-full/page-0010.jpg,1450,2051,41A016ABEA4E4C166E560CD42EA54CF5691B453D902A5EAD15C425505D8BCC3D
jia-yi-full,谢惠民-数学分析习题课讲义答案 (甲乙).pdf,11,answer-pages/jia-yi-full/page-0011.jpg,1450,2051,3EAE4BC143C8B9A97CC0DE4CA977B69956C4D27C121B500C01A7A87003876DA1
jia-yi-full,谢惠民-数学分析习题课讲义答案 (甲乙).pdf,12,answer-pages/jia-yi-full/page-0012.jpg,1450,2051,8ED40E86F5EFE08C8EF072C53893E95B4826FDB4EE9BF1F800C18E086F09352F
jia-yi-full,谢惠民-数学分析习题课讲义答案 (甲乙).pdf,13,answer-pages/jia-yi-full/page-0013.jpg,1450,2051,E46EA41DBA697C5AEBC6BB9C3E8084E17E2C919F00CA8462C7E34693335DD0EE
jia-yi-full,谢惠民-数学分析习题课讲义答案 (甲乙).pdf,14,answer-pages/jia-yi-full/page-0014.jpg,1450,2051,5D6BDFD2424B7DE61CD1855A890581332BB3AFFE1AF58F0BCFF721B3BF3EFF64
jia-yi-full,谢惠民-数学分析习题课讲义答案 (甲乙).pdf,15,answer-pages/jia-yi-full/page-0015.jpg,1450,2051,CEAC5CACBEFAAC52409A85AFE327A524F17322DC4C5BE0C3C9D42384105D7BD9
jia-yi-full,谢惠民-数学分析习题课讲义答案 (甲乙).pdf,16,answer-pages/jia-yi-full/page-0016.jpg,1450,2051,0230C5407178D6DCCDB8A4F5A0E52F7A4CDFB53094882238BD4072F0B6150C44
jia-yi-full,谢惠民-数学分析习题课讲义答案 (甲乙).pdf,17,answer-pages/jia-yi-full/page-0017.jpg,1450,2051,14B2D21C4199C7D32DE6FAE056FE0DA3675396A42DB027E886173C6E6CB54955
jia-yi-full,谢惠民-数学分析习题课讲义答案 (甲乙).pdf,18,answer-pages/jia-yi-full/page-0018.jpg,1450,2051,F35BAFA35ABEFB7E906C0322714E28D18ECB6FB8950A5336C7B58BC50884BBC9
jia-yi-full,谢惠民-数学分析习题课讲义答案 (甲乙).pdf,19,answer-pages/jia-yi-full/page-0019.jpg,1450,2051,07DBD4F514CC9DA6C5A89A5C7B71A5A98512F2A4C858D1FCA857370E74553DD3
jia-yi-full,谢惠民-数学分析习题课讲义答案 (甲乙).pdf,20,answer-pages/jia-yi-full/page-0020.jpg,1450,2051,96D246EBA7AF73C36D86F48F993CBFF9CE4B018EBB8774A6305FEB50779415B6
jia-yi-full,谢惠民-数学分析习题课讲义答案 (甲乙).pdf,21,answer-pages/jia-yi-full/page-0021.jpg,1450,2051,3E2E34B8BF769F3972B9505308237B906D57D992D069CAB3984FDF6760D3FF41
jia-yi-full,谢惠民-数学分析习题课讲义答案 (甲乙).pdf,22,answer-pages/jia-yi-full/page-0022.jpg,1450,2051,4E4423FB4299E51D8E39D3466F2915FA92ABB1A6BDEDF4D9DA18D95BEEB96050
jia-yi-full,谢惠民-数学分析习题课讲义答案 (甲乙).pdf,23,answer-pages/jia-yi-full/page-0023.jpg,1450,2051,F1CA4332FB0FDD7FB2B151E19BB19D9137915A123154B85A1D97528CEF758557
jia-yi-full,谢惠民-数学分析习题课讲义答案 (甲乙).pdf,24,answer-pages/jia-yi-full/page-0024.jpg,1450,2051,2BF20995B63811181086B1BEBB8D6BAFA8891B094083DBFFAAB5ED0B4B78A281
jia-yi-full,谢惠民-数学分析习题课讲义答案 (甲乙).pdf,25,answer-pages/jia-yi-full/page-0025.jpg,1450,2051,5069C66142CE62535AC2A005ED680A0A7860748CD886C6B989830476BDABA6A4
jia-yi-full,谢惠民-数学分析习题课讲义答案 (甲乙).pdf,26,answer-pages/jia-yi-full/page-0026.jpg,1450,2051,B7BACFD2C0CF2F68E65AD3CF5222FA916AE50F3D9ACE0ACFD200A830414DEA58
jia-yi-full,谢惠民-数学分析习题课讲义答案 (甲乙).pdf,27,answer-pages/jia-yi-full/page-0027.jpg,1450,2051,8A05DFBC5551F3D7F7E5CBC204A1F897237BE3B13D477BE8D9BB172F504CD104
jia-yi-full,谢惠民-数学分析习题课讲义答案 (甲乙).pdf,28,answer-pages/jia-yi-full/page-0028.jpg,1450,2051,608B772760BDC7155C76B52C1BD6E2AA98D352AB089E7EB03D50B2E979462458
jia-yi-full,谢惠民-数学分析习题课讲义答案 (甲乙).pdf,29,answer-pages/jia-yi-full/page-0029.jpg,1450,2051,7D1182D4DB073CB9357A685B1CC76F93935ECF27C61FDDE744389E277883090E
jia-yi-full,谢惠民-数学分析习题课讲义答案 (甲乙).pdf,30,answer-pages/jia-yi-full/page-0030.jpg,1450,2051,D2CDB81BC1742EC92309B31C990237441E90A92B1303C989227C970847A2A048
jia-yi-full,谢惠民-数学分析习题课讲义答案 (甲乙).pdf,31,answer-pages/jia-yi-full/page-0031.jpg,1450,2051,90D950F789C460BCA102C6AF09037B5D46FE1992C745D5B9BB610C8F6CD40729
jia-yi-full,谢惠民-数学分析习题课讲义答案 (甲乙).pdf,32,answer-pages/jia-yi-full/page-0032.jpg,1450,2051,E206152DD47452594BA36C8D7384977C093306EA7D8E4FECA858CA06F33AEC5E
jia-yi-full,谢惠民-数学分析习题课讲义答案 (甲乙).pdf,33,answer-pages/jia-yi-full/page-0033.jpg,1450,2051,C402B88078DCC8E3556ED6B317CA5684F21EF6D88A9DDE5CB7EE69053EE59A64
jia-yi-full,谢惠民-数学分析习题课讲义答案 (甲乙).pdf,34,answer-pages/jia-yi-full/page-0034.jpg,1450,2051,75F1477236A14F60611D9A9B9383491A2037F9B43DFBD0C8BC922FEC885C1923
jia-yi-full,谢惠民-数学分析习题课讲义答案 (甲乙).pdf,35,answer-pages/jia-yi-full/page-0035.jpg,1450,2051,AE8D4B038CC017680F0422A5665F292DA80B86195F3F34FA5143DCB8D98C0F47
jia-yi-full,谢惠民-数学分析习题课讲义答案 (甲乙).pdf,36,answer-pages/jia-yi-full/page-0036.jpg,1450,2051,75129D560E625B586BD19E0E2BC8A6C3D43B709C8B423601880EC2DB42B1EDF5
jia-yi-full,谢惠民-数学分析习题课讲义答案 (甲乙).pdf,37,answer-pages/jia-yi-full/page-0037.jpg,1450,2051,7CC93CF0C15D86B3817F7941535296C01D72EC8DD13BE1575F31307970DA22B7
jia-yi-full,谢惠民-数学分析习题课讲义答案 (甲乙).pdf,38,answer-pages/jia-yi-full/page-0038.jpg,1450,2051,7FAFF7F7AE7B0FB516C78C034A11DEB3EC93AC713F768AB11B86CC44038A0FCF
jia-yi-full,谢惠民-数学分析习题课讲义答案 (甲乙).pdf,39,answer-pages/jia-yi-full/page-0039.jpg,1450,2051,50804B2DD318546ED0DD05D09740A6DDB089F82FB4AC8EECCA4DA900967F422A
jia-yi-full,谢惠民-数学分析习题课讲义答案 (甲乙).pdf,40,answer-pages/jia-yi-full/page-0040.jpg,1450,2051,DFB8E5459C9681B9079849EF00FEDD048F9745C97D2ADEC174D1AA57B3909357
jia-yi-full,谢惠民-数学分析习题课讲义答案 (甲乙).pdf,41,answer-pages/jia-yi-full/page-0041.jpg,1450,2051,30A309031C78CF6B2C20D5AECB54CE875351464CEB81614C75C17B0CFCE8363D
jia-yi-full,谢惠民-数学分析习题课讲义答案 (甲乙).pdf,42,answer-pages/jia-yi-full/page-0042.jpg,1450,2051,95B717D61329A6D6E5642834804102FE03C55BF5515FA7102EECEB3D2EC90F07
jia-yi-full,谢惠民-数学分析习题课讲义答案 (甲乙).pdf,43,answer-pages/jia-yi-full/page-0043.jpg,1450,2051,3409005CE3C93B821B6091384C3E5C48E011F41FEAADDA8AD1F794AED01D58B3
jia-yi-full,谢惠民-数学分析习题课讲义答案 (甲乙).pdf,44,answer-pages/jia-yi-full/page-0044.jpg,1450,2051,A8B99C224D13D5F1E987481537F6384B003204477EB901FFECBB4BAC3B702368
jia-yi-full,谢惠民-数学分析习题课讲义答案 (甲乙).pdf,45,answer-pages/jia-yi-full/page-0045.jpg,1450,2051,9F6AD14D3FF2F217FB7CB472449FEE2336BE76534EF0EF9295FB986DF4E68B46
jia-yi-full,谢惠民-数学分析习题课讲义答案 (甲乙).pdf,46,answer-pages/jia-yi-full/page-0046.jpg,1450,2051,2E13CF850E69530734B5E4CE47D4586C40DAE86F442EF150A3D6958947DAB7F7
jia-yi-full,谢惠民-数学分析习题课讲义答案 (甲乙).pdf,47,answer-pages/jia-yi-full/page-0047.jpg,1450,2051,F5712EAC475A4EF21A8D05E1F207C03B51748C799622B78D3A3A71A8D33AB90D
jia-yi-full,谢惠民-数学分析习题课讲义答案 (甲乙).pdf,48,answer-pages/jia-yi-full/page-0048.jpg,1450,2051,D100F4A7B016AB1C21F570CEC734C8E5E6966C4496F9C389AA9D524403939989
jia-yi-full,谢惠民-数学分析习题课讲义答案 (甲乙).pdf,49,answer-pages/jia-yi-full/page-0049.jpg,1450,2051,3FA8CCA3E0F5C12F3B6389DA8ACBA4D1D1903F402805D188BE257E615D0ED43D
jia-yi-full,谢惠民-数学分析习题课讲义答案 (甲乙).pdf,50,answer-pages/jia-yi-full/page-0050.jpg,1450,2051,73889F170926ED14F385911387024E775401F20F182307326BD8C69B1E129E4C
jia-yi-full,谢惠民-数学分析习题课讲义答案 (甲乙).pdf,51,answer-pages/jia-yi-full/page-0051.jpg,1450,2051,F21C1073D61D02678FB7817CC8E4E1940E46C3B4285BB2316B528CC84E3A4A9F
jia-yi-full,谢惠民-数学分析习题课讲义答案 (甲乙).pdf,52,answer-pages/jia-yi-full/page-0052.jpg,1450,2051,90C451CE2281967BDD4B200572A7E402AB32D3C3492FB9A293077674DB61629A
jia-yi-full,谢惠民-数学分析习题课讲义答案 (甲乙).pdf,53,answer-pages/jia-yi-full/page-0053.jpg,1450,2051,95C0B0886EDABAC75D7D7490D4C9E98C0497DEB88BE5F2D34B4F0B3254126071
jia-yi-full,谢惠民-数学分析习题课讲义答案 (甲乙).pdf,54,answer-pages/jia-yi-full/page-0054.jpg,1450,2051,D21F66851B6FCC904111CE6482F0802AC341425EBD8CC9C9C45A77CE3A3774D0
jia-yi-full,谢惠民-数学分析习题课讲义答案 (甲乙).pdf,55,answer-pages/jia-yi-full/page-0055.jpg,1450,2051,A68562ACD98FCCB434D1BE34FF3C839587D008C327062FA716C89085AD4986CE
jia-yi-full,谢惠民-数学分析习题课讲义答案 (甲乙).pdf,56,answer-pages/jia-yi-full/page-0056.jpg,1450,2051,A66513B6513208868C1D9CD10D1D46631A6248A2E9926DFBD33047DDFA2D57B4
jia-yi-full,谢惠民-数学分析习题课讲义答案 (甲乙).pdf,57,answer-pages/jia-yi-full/page-0057.jpg,1450,2051,A68580A3B095A5C3D138B1E7E75EDB57A498B9FA09E8D31E2DA29688F93A2568
jia-yi-full,谢惠民-数学分析习题课讲义答案 (甲乙).pdf,58,answer-pages/jia-yi-full/page-0058.jpg,1450,2051,DF488AEF8F62D09ACF1DDC031B061D403EFBA20B975A02DFEBDE65B7C765DBC6
jia-yi-full,谢惠民-数学分析习题课讲义答案 (甲乙).pdf,59,answer-pages/jia-yi-full/page-0059.jpg,1450,2051,64569870851AAA250575E8B9080E013C226598606610A35439849FE9329AC5ED
jia-yi-full,谢惠民-数学分析习题课讲义答案 (甲乙).pdf,60,answer-pages/jia-yi-full/page-0060.jpg,1450,2051,46B7176FC0409EBC46D9D967BDFFB7E2B3B24470384774D8AEB987EFE6ADED51
jia-yi-full,谢惠民-数学分析习题课讲义答案 (甲乙).pdf,61,answer-pages/jia-yi-full/page-0061.jpg,1450,2051,FF478941111FDDF6DDEF3337618BE1C88AAC0B7A57B2CFF10AF501B51347667A
jia-yi-full,谢惠民-数学分析习题课讲义答案 (甲乙).pdf,62,answer-pages/jia-yi-full/page-0062.jpg,1450,2051,12021C4546828423956AD6884308773E5A17FCA6EDDC68CF090CD5BBCC0BFB13
jia-yi-full,谢惠民-数学分析习题课讲义答案 (甲乙).pdf,63,answer-pages/jia-yi-full/page-0063.jpg,1450,2051,D667775EEE869AF3067D5EEFF183EB47C6AAAEACE9C81D62944721FD1C26EC3B
jia-yi-full,谢惠民-数学分析习题课讲义答案 (甲乙).pdf,64,answer-pages/jia-yi-full/page-0064.jpg,1450,2051,EB7D5F04D2D41D5A8D26865259FE6FF712645C7BFE2437CF997B34C366E7ECC7
jia-yi-full,谢惠民-数学分析习题课讲义答案 (甲乙).pdf,65,answer-pages/jia-yi-full/page-0065.jpg,1450,2051,1A47F5A7B8B3B39F25AC37B768A6323C451B5D1A7B6D8C26659DB092D0E4A858
jia-yi-full,谢惠民-数学分析习题课讲义答案 (甲乙).pdf,66,answer-pages/jia-yi-full/page-0066.jpg,1450,2051,46BA5EB0C33151C978AD6079CF19E09A8E3C34D439586701FEEEC86627A32A76
jia-yi-full,谢惠民-数学分析习题课讲义答案 (甲乙).pdf,67,answer-pages/jia-yi-full/page-0067.jpg,1450,2051,16079D7EA132E3781AD111858509C17BD604988CB3DB51B35D942BF46FAEC5F4
jia-yi-full,谢惠民-数学分析习题课讲义答案 (甲乙).pdf,68,answer-pages/jia-yi-full/page-0068.jpg,1450,2051,7E1581EFA98294ECAE632672EC939F49FC16C9AC3BD8D77FDBE8E8B05E72EE0D
jia-yi-full,谢惠民-数学分析习题课讲义答案 (甲乙).pdf,69,answer-pages/jia-yi-full/page-0069.jpg,1450,2051,32CF73F520B78D6A2965738AA8DC1A582497410167DF221FAE6CA77F018B65E8
jia-yi-full,谢惠民-数学分析习题课讲义答案 (甲乙).pdf,70,answer-pages/jia-yi-full/page-0070.jpg,1450,2051,DACEC9790CE7AC5545D0C109DDCAAA980E3DCF8CA8B013840ACF60A1EFA1B53E
jia-yi-full,谢惠民-数学分析习题课讲义答案 (甲乙).pdf,71,answer-pages/jia-yi-full/page-0071.jpg,1450,2051,B34FC6A424108E561C63F072475163320616110DEF905AA75DDCF6434EDB44AB
jia-yi-full,谢惠民-数学分析习题课讲义答案 (甲乙).pdf,72,answer-pages/jia-yi-full/page-0072.jpg,1450,2051,5264B8357B3A3A7407E3D507FA6A4C08AF885ADD5580C4F7422511645B8F81A8
jia-yi-full,谢惠民-数学分析习题课讲义答案 (甲乙).pdf,73,answer-pages/jia-yi-full/page-0073.jpg,1450,2051,9814990886A568AB0C3AB3CE1C2C3A84824E7D8A92BF31319E84D5FAB84EEF7A
jia-yi-full,谢惠民-数学分析习题课讲义答案 (甲乙).pdf,74,answer-pages/jia-yi-full/page-0074.jpg,1450,2051,5BC86EBBDB3BF7E4CE1D17F67D396DAA21C97B66FCB176309F20852E0CA0CCCA
jia-yi-full,谢惠民-数学分析习题课讲义答案 (甲乙).pdf,75,answer-pages/jia-yi-full/page-0075.jpg,1450,2051,E997DA440E6E1EC287701F7A5CC1C9502E9351CCCE50C9C9B0974E0CEBC9B466
jia-yi-full,谢惠民-数学分析习题课讲义答案 (甲乙).pdf,76,answer-pages/jia-yi-full/page-0076.jpg,1450,2051,163B6CCB35D1D4CCC51F33DF2F15600ED58C9C6F656F544434618BFB90EE2BE9
jia-yi-full,谢惠民-数学分析习题课讲义答案 (甲乙).pdf,77,answer-pages/jia-yi-full/page-0077.jpg,1450,2051,589EC379B06C3ED98358546437C91E44605F572F89C7033796793D188AA4481B
jia-yi-full,谢惠民-数学分析习题课讲义答案 (甲乙).pdf,78,answer-pages/jia-yi-full/page-0078.jpg,1450,2051,2CEC6BFEDE872B4D9495DD52A31701EB5234712BAD3AA921FA18B10E5E4B7CDD
jia-yi-full,谢惠民-数学分析习题课讲义答案 (甲乙).pdf,79,answer-pages/jia-yi-full/page-0079.jpg,1450,2051,64A73E7A1A029E4662C4C9C84FC21B64A9B4598E6CC52EAB2FF0A8D5B8EC7AA3
jia-yi-full,谢惠民-数学分析习题课讲义答案 (甲乙).pdf,80,answer-pages/jia-yi-full/page-0080.jpg,1450,2051,DB1BB8FDE7A58BD0722031DFA0B877B0052A2E682864BF473390B22A62846A06
jia-yi-full,谢惠民-数学分析习题课讲义答案 (甲乙).pdf,81,answer-pages/jia-yi-full/page-0081.jpg,1450,2051,89B4680F8BC94B9F05216E16F934ABDD3C0FB02CD4282F06CD2C50120151277C
jia-yi-full,谢惠民-数学分析习题课讲义答案 (甲乙).pdf,82,answer-pages/jia-yi-full/page-0082.jpg,1450,2051,C71CF88461D5B93E70238246CE4C533FE4F22FBBD32A6899E9243FC7A4687D39
jia-yi-full,谢惠民-数学分析习题课讲义答案 (甲乙).pdf,83,answer-pages/jia-yi-full/page-0083.jpg,1450,2051,5884EA338CB7D791BD642A240F27078A5BEFAC07AE470CAD388793002BAF3A95
jia-yi-full,谢惠民-数学分析习题课讲义答案 (甲乙).pdf,84,answer-pages/jia-yi-full/page-0084.jpg,1450,2051,3C14F1588DB2D8C9AF031B3A545CD44468D0CF4CC003CEE46941A13BCFCF4413
jia-yi-full,谢惠民-数学分析习题课讲义答案 (甲乙).pdf,85,answer-pages/jia-yi-full/page-0085.jpg,1450,2051,CFC321307686CEC16123234CF0E6D33641F73A3B3D9BCC8A31E8CEFCEC96E37E
jia-yi-full,谢惠民-数学分析习题课讲义答案 (甲乙).pdf,86,answer-pages/jia-yi-full/page-0086.jpg,1450,2051,47F9F607B9E37BA9F906858CA4C2A1761A43DCB19470B5BE129BB1BCA425FCA9
jia-yi-full,谢惠民-数学分析习题课讲义答案 (甲乙).pdf,87,answer-pages/jia-yi-full/page-0087.jpg,1450,2051,A1672E719FA7FD59D9CD0D2A83BC928E5E755CCFB2B5557701A8E7B54A764119
jia-yi-full,谢惠民-数学分析习题课讲义答案 (甲乙).pdf,88,answer-pages/jia-yi-full/page-0088.jpg,1450,2051,E012520B59947BDAA2D3820A0C0CC02FD68BD7746013CCC1594D793E536EE6E3
jia-yi-full,谢惠民-数学分析习题课讲义答案 (甲乙).pdf,89,answer-pages/jia-yi-full/page-0089.jpg,1450,2051,177204039BCE89DCA53FBD7DD44FF24A1F49B077BDB7AB3D41185A2992DED10C
jia-yi-full,谢惠民-数学分析习题课讲义答案 (甲乙).pdf,90,answer-pages/jia-yi-full/page-0090.jpg,1450,2051,E8A0FDA4F8AA0D48A99340226C302A29B74D1612C0B19D1A3CA3A7A22D06C4E5
jia-yi-full,谢惠民-数学分析习题课讲义答案 (甲乙).pdf,91,answer-pages/jia-yi-full/page-0091.jpg,1450,2051,B12AE132C4E50CC78E4E02738E43FA886BCE0CF6D20EE8CFFA6D72163E78E973
jia-yi-full,谢惠民-数学分析习题课讲义答案 (甲乙).pdf,92,answer-pages/jia-yi-full/page-0092.jpg,1450,2051,02B2273AAC780E90C8F2403D9BB361C40535AB6763484C1B98788F3B1DECCD98
jia-yi-full,谢惠民-数学分析习题课讲义答案 (甲乙).pdf,93,answer-pages/jia-yi-full/page-0093.jpg,1450,2051,30F5AAF7A0629E8B8383603977C6D66788784C7A9DC44D39AF0FD6F27A49C793
jia-yi-full,谢惠民-数学分析习题课讲义答案 (甲乙).pdf,94,answer-pages/jia-yi-full/page-0094.jpg,1450,2051,885726C59499A1AFD57A29082DDFFFCE5A5A8A7D20F54C02A474A686E4391E6A
jia-yi-full,谢惠民-数学分析习题课讲义答案 (甲乙).pdf,95,answer-pages/jia-yi-full/page-0095.jpg,1450,2051,1352241468882900C0DD07B95EC81BDF08BFBFE568AB4D23D0EA1549320304C0
jia-yi-full,谢惠民-数学分析习题课讲义答案 (甲乙).pdf,96,answer-pages/jia-yi-full/page-0096.jpg,1450,2051,8C18BCC452A0B0DE188F2652B37802F3CEC63E280EAE9A11E6D5AFDC348CDF2E
jia-yi-full,谢惠民-数学分析习题课讲义答案 (甲乙).pdf,97,answer-pages/jia-yi-full/page-0097.jpg,1450,2051,20D68D28577EBF5BFE4CEEA28D54654900AB2ED3761E0779B3EFF4DC921B932B
jia-yi-full,谢惠民-数学分析习题课讲义答案 (甲乙).pdf,98,answer-pages/jia-yi-full/page-0098.jpg,1450,2051,74F7BF724D4DC4189C5556278A034F7E47F8B393FFEDE73705581B5A7E2D837A
jia-yi-full,谢惠民-数学分析习题课讲义答案 (甲乙).pdf,99,answer-pages/jia-yi-full/page-0099.jpg,1450,2051,5595BB69A65FFDC7A5F365586580B2BD4E25599827429E2FADDA67430FB194CF
jia-yi-full,谢惠民-数学分析习题课讲义答案 (甲乙).pdf,100,answer-pages/jia-yi-full/page-0100.jpg,1450,2051,267742E7C458BF97182F85BEE84A60A4CEF0D3D7C758DB0FCBD6396B2A2699F9
jia-yi-full,谢惠民-数学分析习题课讲义答案 (甲乙).pdf,101,answer-pages/jia-yi-full/page-0101.jpg,1450,2051,7A30A7BEBFF3674E4283650C6A471BFC3E4319461765896AD78B7698A06DF440
jia-yi-full,谢惠民-数学分析习题课讲义答案 (甲乙).pdf,102,answer-pages/jia-yi-full/page-0102.jpg,1450,2051,BD6C1C32C8B57EE4AE883C4A29B42F17AA82FCCA2252599C065A2BD3DA1A6231
jia-yi-full,谢惠民-数学分析习题课讲义答案 (甲乙).pdf,103,answer-pages/jia-yi-full/page-0103.jpg,1450,2051,9BC853EF25FA5764E284524DAE54496A07FFFB7ED7830D111F09711B7E6E7B76
jia-yi-full,谢惠民-数学分析习题课讲义答案 (甲乙).pdf,104,answer-pages/jia-yi-full/page-0104.jpg,1450,2051,3C90AD8FD66341E43573C8498DC92383DEC4AD1233F1853F090884A6A63E93AF
jia-yi-full,谢惠民-数学分析习题课讲义答案 (甲乙).pdf,105,answer-pages/jia-yi-full/page-0105.jpg,1450,2051,7CC453EAA967626E61C27BC106E683947B9C1D1F60A290A91C69FAD75A061750
jia-yi-full,谢惠民-数学分析习题课讲义答案 (甲乙).pdf,106,answer-pages/jia-yi-full/page-0106.jpg,1450,2051,FFA93B2DDFECD458D99083FD0A16DC6FD564017E63B6D331DFFD3A5AB866E808
jia-yi-full,谢惠民-数学分析习题课讲义答案 (甲乙).pdf,107,answer-pages/jia-yi-full/page-0107.jpg,1450,2051,D4E592695A5B465A525DC5A9202E1628463833EDE9AB664681518219744F7A95
jia-yi-full,谢惠民-数学分析习题课讲义答案 (甲乙).pdf,108,answer-pages/jia-yi-full/page-0108.jpg,1450,2051,94D1DEC5A2CCA2F8A15F284BE4EDB6E7EA1524CD09AFEFC361DC36E1B8B83925
jia-yi-full,谢惠民-数学分析习题课讲义答案 (甲乙).pdf,109,answer-pages/jia-yi-full/page-0109.jpg,1450,2051,B2F67512D32E96E6685F633517050A19DC6099F4DEA56D5EE3D1D5F4040D3ADD
jia-yi-full,谢惠民-数学分析习题课讲义答案 (甲乙).pdf,110,answer-pages/jia-yi-full/page-0110.jpg,1450,2051,091DEB85AD738893B395198AC6A42CBC226CACAF346F609303B6F58D7EB5635E
jia-yi-full,谢惠民-数学分析习题课讲义答案 (甲乙).pdf,111,answer-pages/jia-yi-full/page-0111.jpg,1450,2051,AE1C73431B0EED280722A752D298979087EC19D0322C99C2D02420CAAA09BAA6
jia-yi-full,谢惠民-数学分析习题课讲义答案 (甲乙).pdf,112,answer-pages/jia-yi-full/page-0112.jpg,1450,2051,53A3FAF68C57DC485A6539B5FEEB4941C7CA6583961AA93A2C863CE28BF7A562
jia-yi-full,谢惠民-数学分析习题课讲义答案 (甲乙).pdf,113,answer-pages/jia-yi-full/page-0113.jpg,1450,2051,D70D5AD75A4CD41FE918EAFEB8411D0786E3CDE782DC405BB61CDB6DCA304424
jia-yi-full,谢惠民-数学分析习题课讲义答案 (甲乙).pdf,114,answer-pages/jia-yi-full/page-0114.jpg,1450,2051,EE7DBCC155ABA6C612F545191914524F105C484B7C6B7DB46B8740EFF8454544
jia-yi-full,谢惠民-数学分析习题课讲义答案 (甲乙).pdf,115,answer-pages/jia-yi-full/page-0115.jpg,1450,2051,0660784AAFDB60DA0D633A4DB8FE0EF7EEDAAB4EB61089273718C4C55AE1CDA1
jia-yi-full,谢惠民-数学分析习题课讲义答案 (甲乙).pdf,116,answer-pages/jia-yi-full/page-0116.jpg,1450,2051,EFBD731A5465BC5CB949DE75D8E420A991A78A993AFDA767CBE0DC20481F902C
jia-yi-full,谢惠民-数学分析习题课讲义答案 (甲乙).pdf,117,answer-pages/jia-yi-full/page-0117.jpg,1450,2051,80CBB452DEDA2801482FCD7CA3D9EDE04A78D54EC6C6B2FECB564CAC5A4B4B5A
jia-yi-full,谢惠民-数学分析习题课讲义答案 (甲乙).pdf,118,answer-pages/jia-yi-full/page-0118.jpg,1450,2051,B0797CF550920D7D87F605ACEBE36F843857526D1F92533375840C31DF8AD947
jia-yi-full,谢惠民-数学分析习题课讲义答案 (甲乙).pdf,119,answer-pages/jia-yi-full/page-0119.jpg,1450,2051,5F9621401AC3EA82147617ABB8F7D2A60AA7F3ECE8B1AAAFBDDA0F9FE6BD05ED
jia-yi-full,谢惠民-数学分析习题课讲义答案 (甲乙).pdf,120,answer-pages/jia-yi-full/page-0120.jpg,1450,2051,7EA74954309B2AE4E2F06317D2AE9334C6E0BE2E036BD708A5DCB391CC80CF9E
jia-yi-full,谢惠民-数学分析习题课讲义答案 (甲乙).pdf,121,answer-pages/jia-yi-full/page-0121.jpg,1450,2051,8494DCEE8468A3087EFBFD38EE8571E72FFF0E5095D06B217006A8660A0C3FCE
jia-yi-full,谢惠民-数学分析习题课讲义答案 (甲乙).pdf,122,answer-pages/jia-yi-full/page-0122.jpg,1450,2051,6AB85FBE9912262799D333BFDB54093C40A8AC929236CB7C1CFD4437CD6A2A40
jia-yi-full,谢惠民-数学分析习题课讲义答案 (甲乙).pdf,123,answer-pages/jia-yi-full/page-0123.jpg,1450,2051,AA6E12D6F993EE81F4E12A6F63456C553EC373B85BCC4E92BFEE50B6CD10A2B8
jia-yi-full,谢惠民-数学分析习题课讲义答案 (甲乙).pdf,124,answer-pages/jia-yi-full/page-0124.jpg,1450,2051,C5A8C4D8A4B1F472F03C79AFA0AB4231FCF24C9C05AFA4BBBE56F85ADAFB7AE3
jia-yi-full,谢惠民-数学分析习题课讲义答案 (甲乙).pdf,125,answer-pages/jia-yi-full/page-0125.jpg,1450,2051,1236BEDE32851F718BCCF29C31B48FAE890A2E1B9E0A93FA5489AEE6FAE2EBF8
jia-yi-full,谢惠民-数学分析习题课讲义答案 (甲乙).pdf,126,answer-pages/jia-yi-full/page-0126.jpg,1450,2051,4FB949CDC278AADFC7B01851EBFDACF07E0EC8B5B2A746000A224879137A3951
jia-yi-full,谢惠民-数学分析习题课讲义答案 (甲乙).pdf,127,answer-pages/jia-yi-full/page-0127.jpg,1450,2051,9973AAC0EAF84130269A134589F7AD88D56A4DA7A6C2158270583A85EF9F7FA8
jia-yi-full,谢惠民-数学分析习题课讲义答案 (甲乙).pdf,128,answer-pages/jia-yi-full/page-0128.jpg,1450,2051,ECD202D9C132295ED02FC9ECBD7A495BA20D114DABDC92E2378E603DF1A93A70
jia-yi-full,谢惠民-数学分析习题课讲义答案 (甲乙).pdf,129,answer-pages/jia-yi-full/page-0129.jpg,1450,2051,4CA59FEBCF25A09740C5DED87B57AA08A525174A32D3BDE861B219614A22DC4C
jia-yi-full,谢惠民-数学分析习题课讲义答案 (甲乙).pdf,130,answer-pages/jia-yi-full/page-0130.jpg,1450,2051,165EBF97F5BFDE2E0047B332EB3F80B9499ADB39CDFBE3A15A14B22C060EC088
jia-yi-full,谢惠民-数学分析习题课讲义答案 (甲乙).pdf,131,answer-pages/jia-yi-full/page-0131.jpg,1450,2051,DC46AA27A9A3BAECC1203FAA5AC2689767BFB18AF093354B524229521A228B20
jia-yi-full,谢惠民-数学分析习题课讲义答案 (甲乙).pdf,132,answer-pages/jia-yi-full/page-0132.jpg,1450,2051,723C0307A8A992D81B97ABB55D16E51FD0E021EF108D583F2BDBBDE52A45B108
jia-yi-full,谢惠民-数学分析习题课讲义答案 (甲乙).pdf,133,answer-pages/jia-yi-full/page-0133.jpg,1450,2051,EAA782EB81F499443367942A5A9B07A11855E4D004359570663467610332709A
jia-yi-full,谢惠民-数学分析习题课讲义答案 (甲乙).pdf,134,answer-pages/jia-yi-full/page-0134.jpg,1450,2051,C55AB0A658A15DE977BDFDDE6AA833F54151EE4DD3F310AF1E2159B912F2C154
jia-yi-full,谢惠民-数学分析习题课讲义答案 (甲乙).pdf,135,answer-pages/jia-yi-full/page-0135.jpg,1450,2051,9C77059DD8B031791734B191E28FB7BCFE30F48E50B54583334DB9FEB3C9D1E6
jia-yi-full,谢惠民-数学分析习题课讲义答案 (甲乙).pdf,136,answer-pages/jia-yi-full/page-0136.jpg,1450,2051,1350E06E8027833D3B943F0F6E0BF478DD64181B3669934DB51CBBBC3A837D54
jia-yi-full,谢惠民-数学分析习题课讲义答案 (甲乙).pdf,137,answer-pages/jia-yi-full/page-0137.jpg,1450,2051,DD62447D1C52B01C8604D9CE689DE7089FBCF693BBE2CA7F36C3241BA079C305
jia-yi-full,谢惠民-数学分析习题课讲义答案 (甲乙).pdf,138,answer-pages/jia-yi-full/page-0138.jpg,1450,2051,95057CD7FBF4DC81EB069CF50E76F2F20F76ABB9B2D08814A3AE9E75EDF535A4
jia-yi-full,谢惠民-数学分析习题课讲义答案 (甲乙).pdf,139,answer-pages/jia-yi-full/page-0139.jpg,1450,2051,9141CC48D4F2146BD276745CD770D3B88BB30AE6AFCC860D5F6EBCA5254C3898
jia-yi-full,谢惠民-数学分析习题课讲义答案 (甲乙).pdf,140,answer-pages/jia-yi-full/page-0140.jpg,1450,2051,F05D1B34950F050077E86A028156163EFB2F25402068E1B094C2F940763D1BC1
jia-yi-full,谢惠民-数学分析习题课讲义答案 (甲乙).pdf,141,answer-pages/jia-yi-full/page-0141.jpg,1450,2051,B9F07C42632710F5BC47FDD8ABF779A80BDD23120E7CEA47CFF3A21BF79E1EA7
jia-yi-full,谢惠民-数学分析习题课讲义答案 (甲乙).pdf,142,answer-pages/jia-yi-full/page-0142.jpg,1450,2051,69C3BF762B8C47B0E0BA9DE491EFBC637A0121DC1BC69C1F85AD0981031E7924
jia-yi-full,谢惠民-数学分析习题课讲义答案 (甲乙).pdf,143,answer-pages/jia-yi-full/page-0143.jpg,1450,2051,91806EB2489B8695D250D3F4C97F91632CADE8D8C1578447227784F407309601
jia-yi-full,谢惠民-数学分析习题课讲义答案 (甲乙).pdf,144,answer-pages/jia-yi-full/page-0144.jpg,1450,2051,7B0A75146F73D2283C1E431CCC3BCEC31AD0E58E0DE532B274D335D0608A4B5F
jia-yi-full,谢惠民-数学分析习题课讲义答案 (甲乙).pdf,145,answer-pages/jia-yi-full/page-0145.jpg,1450,2051,CF655FBADA617380D92DCA1C8D72999B708F1859BC70F6001EEB260D2FBAF5A6
jia-yi-full,谢惠民-数学分析习题课讲义答案 (甲乙).pdf,146,answer-pages/jia-yi-full/page-0146.jpg,1450,2051,456B961CFC922727285CE55E7633B2A8CDD379C962E82C3FA426BCF0E2A3D5FF
jia-yi-full,谢惠民-数学分析习题课讲义答案 (甲乙).pdf,147,answer-pages/jia-yi-full/page-0147.jpg,1450,2051,AFBD3E783E35EB04556033B83BFFA815C6FB2AA068172AA661837C9ED806439D
jia-yi-full,谢惠民-数学分析习题课讲义答案 (甲乙).pdf,148,answer-pages/jia-yi-full/page-0148.jpg,1450,2051,DDDB0B6B775CDF4961321D80C37789FE32E5ABDCEECAB1CF858D74953F6029B5
jia-yi-full,谢惠民-数学分析习题课讲义答案 (甲乙).pdf,149,answer-pages/jia-yi-full/page-0149.jpg,1450,2051,682CF473F57FBCAC49257E8AAD8D1AB089D4C3FE4ABBBD91454AE077F7C94496
jia-yi-full,谢惠民-数学分析习题课讲义答案 (甲乙).pdf,150,answer-pages/jia-yi-full/page-0150.jpg,1450,2051,C700BDBD3640CD638D944B9C6A687BC712F6A6876EDBE7C211067206DDA25BAB
jia-yi-full,谢惠民-数学分析习题课讲义答案 (甲乙).pdf,151,answer-pages/jia-yi-full/page-0151.jpg,1450,2051,EB3EA2EC5C49760B523AA058A6992D935A962A68C1355035AE1A0BA7648B958F
jia-yi-full,谢惠民-数学分析习题课讲义答案 (甲乙).pdf,152,answer-pages/jia-yi-full/page-0152.jpg,1450,2051,F795164C0F6FE1D9B5A384ECBBE2ADCC6B8017F8CD1EE872E73DE46F1B28B58A
jia-yi-full,谢惠民-数学分析习题课讲义答案 (甲乙).pdf,153,answer-pages/jia-yi-full/page-0153.jpg,1450,2051,CEB60D3B7BBF6C7A6156F6748DBE1DB60D5532E2DCAD393C0078782EA78A7D39
jia-yi-full,谢惠民-数学分析习题课讲义答案 (甲乙).pdf,154,answer-pages/jia-yi-full/page-0154.jpg,1450,2051,16D4F70AA434B13B1F9BA25D15EE030C177E4A711923851B57A3F80CB1F751E6
jia-yi-full,谢惠民-数学分析习题课讲义答案 (甲乙).pdf,155,answer-pages/jia-yi-full/page-0155.jpg,1450,2051,3B74A28145F8C77C829E836D69AFC5230EBA168CFD1EBEDAE989E13208FFA48E
jia-yi-full,谢惠民-数学分析习题课讲义答案 (甲乙).pdf,156,answer-pages/jia-yi-full/page-0156.jpg,1450,2051,08280A1398F4CBC46F0EAE1ABB14A0CEE1157A493C02E1F5B03B4860B22FA87E
jia-yi-full,谢惠民-数学分析习题课讲义答案 (甲乙).pdf,157,answer-pages/jia-yi-full/page-0157.jpg,1450,2051,E41513FBCD07ED7F0D64B69C8431BD681D919339DA5AD9FF4396F5D3C0BB571B
jia-yi-full,谢惠民-数学分析习题课讲义答案 (甲乙).pdf,158,answer-pages/jia-yi-full/page-0158.jpg,1450,2051,5AF829EE06038FF86AAE53D9A3A0A4F400039437F9255625C8059AACA1FAB59B
jia-yi-full,谢惠民-数学分析习题课讲义答案 (甲乙).pdf,159,answer-pages/jia-yi-full/page-0159.jpg,1450,2051,1CD094F10F304A735643A44CCFBC98CC7682FFF075309FB794E2B9240BDC871B
jia-yi-full,谢惠民-数学分析习题课讲义答案 (甲乙).pdf,160,answer-pages/jia-yi-full/page-0160.jpg,1450,2051,D80E76F9AE524269C23D0AEF99F0AEDD8C4AC989BDDD70C41F7F839305EE3C19
jia-yi-full,谢惠民-数学分析习题课讲义答案 (甲乙).pdf,161,answer-pages/jia-yi-full/page-0161.jpg,1450,2051,94E88C45BD7471270637A4A3006F487536DA3B8518644E2512554B09B2EFC286
jia-yi-full,谢惠民-数学分析习题课讲义答案 (甲乙).pdf,162,answer-pages/jia-yi-full/page-0162.jpg,1450,2051,D2B07A27D57D9C703A11BFBA516FE338960DF8F9F479A4E4551CC226FA87E2B9
jia-yi-full,谢惠民-数学分析习题课讲义答案 (甲乙).pdf,163,answer-pages/jia-yi-full/page-0163.jpg,1450,2051,F4D2303863513F794B17371953D179A174A28FEA6039A01F6FC39E7C473C337F
jia-yi-full,谢惠民-数学分析习题课讲义答案 (甲乙).pdf,164,answer-pages/jia-yi-full/page-0164.jpg,1450,2051,EDEFA3CA67B2AF4987B172FAED162E2B4A80DD4A8219071882BFDEFE8B9F98D7
jia-yi-full,谢惠民-数学分析习题课讲义答案 (甲乙).pdf,165,answer-pages/jia-yi-full/page-0165.jpg,1450,2051,5787F6890C84D50CA97261C0CC44099E700B20FAB40321E2BAF18694D10D2273
jia-yi-full,谢惠民-数学分析习题课讲义答案 (甲乙).pdf,166,answer-pages/jia-yi-full/page-0166.jpg,1450,2051,4631E927305FD34DBB92BE428CD12C668240570812EEC4F57AE7CE00A78D201F
jia-yi-full,谢惠民-数学分析习题课讲义答案 (甲乙).pdf,167,answer-pages/jia-yi-full/page-0167.jpg,1450,2051,AEB1E6EF3867EC59343415083738196225EF4ACA23CF6260C1524596AC5189B5
jia-yi-full,谢惠民-数学分析习题课讲义答案 (甲乙).pdf,168,answer-pages/jia-yi-full/page-0168.jpg,1450,2051,63DE0834C5AC415D96A395746BF8572CCC44B2E9C5957AE08E4E3F82F610C357
jia-yi-full,谢惠民-数学分析习题课讲义答案 (甲乙).pdf,169,answer-pages/jia-yi-full/page-0169.jpg,1450,2051,ACEF59C221942A6A09EB1787F7E9F8CD203B592CB16EB1C674C28C129F40C362
jia-yi-full,谢惠民-数学分析习题课讲义答案 (甲乙).pdf,170,answer-pages/jia-yi-full/page-0170.jpg,1450,2051,39EEFEE0F2BC0830FBB5292F5AFE53C6C0542C92B7B4697A58BDE6F30817BE7C
jia-yi-full,谢惠民-数学分析习题课讲义答案 (甲乙).pdf,171,answer-pages/jia-yi-full/page-0171.jpg,1450,2051,5FE22CBAFB092BC7D14DE7EEEEE95292A779BC6A011D72C4BECCD6BE649B6AAD
jia-yi-full,谢惠民-数学分析习题课讲义答案 (甲乙).pdf,172,answer-pages/jia-yi-full/page-0172.jpg,1450,2051,346C99F805F816EA33FADD4FDD26DAF4E252B8A41837F700D2CA69AED0C0DBF5
jia-yi-full,谢惠民-数学分析习题课讲义答案 (甲乙).pdf,173,answer-pages/jia-yi-full/page-0173.jpg,1450,2051,7BFE76CFB37C10DDADA2F0F1CCF6FD10AD22CCAAE10905772D8A59C86A1F43C2
jia-yi-full,谢惠民-数学分析习题课讲义答案 (甲乙).pdf,174,answer-pages/jia-yi-full/page-0174.jpg,1450,2051,3E050F7F5F6CEE52B7F4C37787DCE685B80016BA0F07339AE6A84ACB9938072C
jia-yi-full,谢惠民-数学分析习题课讲义答案 (甲乙).pdf,175,answer-pages/jia-yi-full/page-0175.jpg,1450,2051,5E35D7E601F5DD14D9407463DEA0A083F51B34398F97987D446F40A61C9A91E9
jia-yi-full,谢惠民-数学分析习题课讲义答案 (甲乙).pdf,176,answer-pages/jia-yi-full/page-0176.jpg,1450,2051,45830220184E6C5063388F6488A524BF4B69B325B8E510DA7320239C05AC11CF
jia-yi-full,谢惠民-数学分析习题课讲义答案 (甲乙).pdf,177,answer-pages/jia-yi-full/page-0177.jpg,1450,2051,367A8F13672895A4500D9A8C1EA7219165FE1C8B9D3B285CB65345865E7BDA8A
jia-yi-full,谢惠民-数学分析习题课讲义答案 (甲乙).pdf,178,answer-pages/jia-yi-full/page-0178.jpg,1450,2051,FD5A5245D59E306CFB728136A305F4007AFE477F99161CB2615A850F92F55C58
jia-yi-full,谢惠民-数学分析习题课讲义答案 (甲乙).pdf,179,answer-pages/jia-yi-full/page-0179.jpg,1450,2051,E995ED90CE58757FD61A115EBE51C6801FB66923C7467D86776C6690135D01F5
jia-yi-full,谢惠民-数学分析习题课讲义答案 (甲乙).pdf,180,answer-pages/jia-yi-full/page-0180.jpg,1450,2051,782ABBB20C3A6249E71A0229FC22D4B19B2269958B4F20EFFEEBEFE2D8E98A6E
jia-yi-full,谢惠民-数学分析习题课讲义答案 (甲乙).pdf,181,answer-pages/jia-yi-full/page-0181.jpg,1450,2051,9463C83059C78392934B2AF2FECAB12C0858CE2D88F613D4E38DD9BE27609F83
jia-yi-full,谢惠民-数学分析习题课讲义答案 (甲乙).pdf,182,answer-pages/jia-yi-full/page-0182.jpg,1450,2051,C8C6828E4D1E11445EC8A80B0605C6EB01B6311C0C328792A92F27C56F96B90E
jia-yi-full,谢惠民-数学分析习题课讲义答案 (甲乙).pdf,183,answer-pages/jia-yi-full/page-0183.jpg,1450,2051,FD2CFD3A3CF5EBC76F47DD52E4810FC09CF93217AD8AFE97237F8938E67CBD10
jia-yi-full,谢惠民-数学分析习题课讲义答案 (甲乙).pdf,184,answer-pages/jia-yi-full/page-0184.jpg,1450,2051,6B6E97B439E01BCBB792002915FB09A283CB62D524F4F1783C3356FAE8A90CA9
jia-yi-full,谢惠民-数学分析习题课讲义答案 (甲乙).pdf,185,answer-pages/jia-yi-full/page-0185.jpg,1450,2051,9E5061832F0C8D3A9ECFB2C6CC0BFC39CD0F3F5161647A7E6A47932656D12938
jia-yi-full,谢惠民-数学分析习题课讲义答案 (甲乙).pdf,186,answer-pages/jia-yi-full/page-0186.jpg,1450,2051,857ADBC38AF49A95E5DC8E49DF12705436CEC3A701F791759CB17D409312D11C
jia-yi-full,谢惠民-数学分析习题课讲义答案 (甲乙).pdf,187,answer-pages/jia-yi-full/page-0187.jpg,1450,2051,CFACE27A4A047448884ABDB3F2E6367721F79CF2BC57641E6A1F339251C4A256
jia-yi-full,谢惠民-数学分析习题课讲义答案 (甲乙).pdf,188,answer-pages/jia-yi-full/page-0188.jpg,1450,2051,962CF23B32F135F9FC7B235BE87065482BF224C5F628D673AED0E281DC6BC653
jia-yi-full,谢惠民-数学分析习题课讲义答案 (甲乙).pdf,189,answer-pages/jia-yi-full/page-0189.jpg,1450,2051,7E2797818C562F90D4AB279362BE681A66EC0B8159186DDAB3F1311C70950454
jia-yi-full,谢惠民-数学分析习题课讲义答案 (甲乙).pdf,190,answer-pages/jia-yi-full/page-0190.jpg,1450,2051,CF21D53949D96992135C99C11ED0734C401E6B29725FAE709829D946598A2583
jia-yi-full,谢惠民-数学分析习题课讲义答案 (甲乙).pdf,191,answer-pages/jia-yi-full/page-0191.jpg,1450,2051,3BB9EB25D1E5E19AE490F3A1C4566F21866D56B077C38815F817BC154DAB3E33
jia-yi-full,谢惠民-数学分析习题课讲义答案 (甲乙).pdf,192,answer-pages/jia-yi-full/page-0192.jpg,1450,2051,B816AD112009D5AC2D9CE15126A86269FA74BB3D9CFFB6AD2AD2417CDC46E9EC
jia-yi-full,谢惠民-数学分析习题课讲义答案 (甲乙).pdf,193,answer-pages/jia-yi-full/page-0193.jpg,1450,2051,BDA84E28A1074F0C611ED278073858467A7C9FCB3038AA0DB59FDE732111C90D
jia-yi-full,谢惠民-数学分析习题课讲义答案 (甲乙).pdf,194,answer-pages/jia-yi-full/page-0194.jpg,1450,2051,5CA37BD49D52341DF59C88D2E305331E1D0A8263F10EECC93B7E332B39C9E887
jia-yi-full,谢惠民-数学分析习题课讲义答案 (甲乙).pdf,195,answer-pages/jia-yi-full/page-0195.jpg,1450,2051,A0FC8C6B06D5DE73DB4CEFD2F4ACE89516C09CD535A3E77DC1453762F1D9302C
jia-yi-full,谢惠民-数学分析习题课讲义答案 (甲乙).pdf,196,answer-pages/jia-yi-full/page-0196.jpg,1450,2051,9DCF21112202C0CC8DB0848A46979CC117A9F6260787FB572532D88FFAC2B16F
jia-yi-full,谢惠民-数学分析习题课讲义答案 (甲乙).pdf,197,answer-pages/jia-yi-full/page-0197.jpg,1450,2051,0454B33DF256BD8C13A523AE097BBA3A140E98C79D15CCCB7397F896CD1ECA42
jia-yi-full,谢惠民-数学分析习题课讲义答案 (甲乙).pdf,198,answer-pages/jia-yi-full/page-0198.jpg,1450,2051,01F14AB9647C04F61E2ED3B736FD81ED2D5DC226E36FA4CC9F75B99EE2BB25D2
jia-yi-full,谢惠民-数学分析习题课讲义答案 (甲乙).pdf,199,answer-pages/jia-yi-full/page-0199.jpg,1450,2051,1952ED198302399D783B5920011BD6A812797EA377AAF914CD46E996599FEA52
jia-yi-full,谢惠民-数学分析习题课讲义答案 (甲乙).pdf,200,answer-pages/jia-yi-full/page-0200.jpg,1450,2051,5D174149FC4E1762A8C25D9F4E0E5DED68158CC741FD4DBA1F1608FD5A86F9D3
jia-yi-full,谢惠民-数学分析习题课讲义答案 (甲乙).pdf,201,answer-pages/jia-yi-full/page-0201.jpg,1450,2051,E7B633ACD815F76ABC51863A66D9C5934B99C7363012EE4258892B2B09425194
jia-yi-full,谢惠民-数学分析习题课讲义答案 (甲乙).pdf,202,answer-pages/jia-yi-full/page-0202.jpg,1450,2051,A888AF3DF0EA9CD0907C99FB86F20D319C1FA72ED01D7B5A3048FB86A19A0F1B
jia-yi-full,谢惠民-数学分析习题课讲义答案 (甲乙).pdf,203,answer-pages/jia-yi-full/page-0203.jpg,1450,2051,4CF948DF7C84438616A3A281C9210302AAA24CF7BE434CC60132FD60418EEB08
jia-yi-full,谢惠民-数学分析习题课讲义答案 (甲乙).pdf,204,answer-pages/jia-yi-full/page-0204.jpg,1450,2051,2058CBBC17FB1732D28100A6B0F27AAD81FD63DA3265FE74DB5244F5BB6CE970
jia-yi-full,谢惠民-数学分析习题课讲义答案 (甲乙).pdf,205,answer-pages/jia-yi-full/page-0205.jpg,1450,2051,FC397F0D4AF226BB653F96EE12685B415D4D1FDA06704A5ADD3F229DA71730BF
jia-yi-full,谢惠民-数学分析习题课讲义答案 (甲乙).pdf,206,answer-pages/jia-yi-full/page-0206.jpg,1450,2051,76C33725AB2F0146E4FBBE88205DCB72F4C183BCD9F44810693EA42DFB3635D7
jia-yi-full,谢惠民-数学分析习题课讲义答案 (甲乙).pdf,207,answer-pages/jia-yi-full/page-0207.jpg,1450,2051,F013CB3D2CE553889ED6F80415F61D44F2BCB347026B3CCFD5A734B9C6316849
jia-yi-full,谢惠民-数学分析习题课讲义答案 (甲乙).pdf,208,answer-pages/jia-yi-full/page-0208.jpg,1450,2051,F2905FEE5FF60231C21D33425B4091B233E80F13712CDCAA524EDE258BBF6976
jia-yi-full,谢惠民-数学分析习题课讲义答案 (甲乙).pdf,209,answer-pages/jia-yi-full/page-0209.jpg,1450,2051,AFAD8AFC04EA5F788DB6436BDBA0C72C4D02547E53CBE12C29C0A89CC2DB303B
jia-yi-full,谢惠民-数学分析习题课讲义答案 (甲乙).pdf,210,answer-pages/jia-yi-full/page-0210.jpg,1450,2051,368D24825FF02BD239A93438688E7A26094F044E81B3D739CD14836E4D81D73E
jia-yi-full,谢惠民-数学分析习题课讲义答案 (甲乙).pdf,211,answer-pages/jia-yi-full/page-0211.jpg,1450,2051,8DC09E69E530A57E71B66F64DFCC31C02FE36B503DA765BBA3CBA4D5BD455907
jia-yi-full,谢惠民-数学分析习题课讲义答案 (甲乙).pdf,212,answer-pages/jia-yi-full/page-0212.jpg,1450,2051,6F812A71893C5A27C99CE2D07738BC8711C46DF974FDE1A2A9CE41086FF8B005
jia-yi-full,谢惠民-数学分析习题课讲义答案 (甲乙).pdf,213,answer-pages/jia-yi-full/page-0213.jpg,1450,2051,5C2E7F10C82B748F405A985109083250AE388B8E1B72DF3A7557B86AC1174AE2
jia-yi-full,谢惠民-数学分析习题课讲义答案 (甲乙).pdf,214,answer-pages/jia-yi-full/page-0214.jpg,1450,2051,6636436B380FBAE845C57BBC35D4D00B381B87DDD8C36C18842D9B1E19D45676
jia-yi-full,谢惠民-数学分析习题课讲义答案 (甲乙).pdf,215,answer-pages/jia-yi-full/page-0215.jpg,1450,2051,E297E4EAC3C63E8D67C0BEE4592C4794F729F24CCA603185DD5422AD7797D735
jia-yi-full,谢惠民-数学分析习题课讲义答案 (甲乙).pdf,216,answer-pages/jia-yi-full/page-0216.jpg,1450,2051,DFC61640688AC38F04DDE57C8F22C682D92A5D3E56B026429C81C32E4DE03B22
jia-yi-full,谢惠民-数学分析习题课讲义答案 (甲乙).pdf,217,answer-pages/jia-yi-full/page-0217.jpg,1450,2051,96B164C8C1CC363A7400D68E25045829217185B00BFCBE3DE749428BC3BEF77F
jia-yi-full,谢惠民-数学分析习题课讲义答案 (甲乙).pdf,218,answer-pages/jia-yi-full/page-0218.jpg,1450,2051,3193E7C0CE9A6365032400C3DC1DCE639E903F3429D05DA0998224EA6FE63393
jia-yi-full,谢惠民-数学分析习题课讲义答案 (甲乙).pdf,219,answer-pages/jia-yi-full/page-0219.jpg,1450,2051,327C1A1C85DBBF0CB74209BE390E32AEB9EB17C8560E9DA655ABDF3C0C6A2F2C
jia-yi-full,谢惠民-数学分析习题课讲义答案 (甲乙).pdf,220,answer-pages/jia-yi-full/page-0220.jpg,1450,2051,AFF47A335B14184358D118121FCD99840256168FC4C97039B8DFEBEC046F35E0
jia-yi-full,谢惠民-数学分析习题课讲义答案 (甲乙).pdf,221,answer-pages/jia-yi-full/page-0221.jpg,1450,2051,315C17EBEB82D29967D5DED243C11E8DC3BF2BB8B89F2EC1BFBE43F5B785117E
jia-yi-full,谢惠民-数学分析习题课讲义答案 (甲乙).pdf,222,answer-pages/jia-yi-full/page-0222.jpg,1450,2051,1C8612310D4369B8547D8A1820046A9D3222A1CC2B51AFC21508687685B87AD8
jia-yi-full,谢惠民-数学分析习题课讲义答案 (甲乙).pdf,223,answer-pages/jia-yi-full/page-0223.jpg,1450,2051,F2A1D021DF1B21A48D5EE35E735707359B0D371827B959DA5BDD12D67D592B40
jia-yi-full,谢惠民-数学分析习题课讲义答案 (甲乙).pdf,224,answer-pages/jia-yi-full/page-0224.jpg,1450,2051,C28C724FB0EC3F55E249CB40D1A13F1D65BD8F440FD57D83C9628FB6EC48FC21
jia-yi-full,谢惠民-数学分析习题课讲义答案 (甲乙).pdf,225,answer-pages/jia-yi-full/page-0225.jpg,1450,2051,3740AF9B35CAF647247B3E2DA8498889AF106E33DDEC7FAE89BD7AF41A49B73C
jia-yi-full,谢惠民-数学分析习题课讲义答案 (甲乙).pdf,226,answer-pages/jia-yi-full/page-0226.jpg,1450,2051,B51925DFE44EEB8B72CCDC0FB587322E6214D5C99E36C93A9379C817CD454ECA
jia-yi-full,谢惠民-数学分析习题课讲义答案 (甲乙).pdf,227,answer-pages/jia-yi-full/page-0227.jpg,1450,2051,E4AE413379EF9EB3C562FE0F24DC764C7BEB585207AFBFC41BBD3D524041836C
jia-yi-full,谢惠民-数学分析习题课讲义答案 (甲乙).pdf,228,answer-pages/jia-yi-full/page-0228.jpg,1450,2051,59C13858A0E99A8C48E6B976F680BA5CAD79D62348714EEEAA47C2BA02DD00C3
jia-yi-full,谢惠民-数学分析习题课讲义答案 (甲乙).pdf,229,answer-pages/jia-yi-full/page-0229.jpg,1450,2051,806F6A25A768353D0B3C1B70D2E2E64235E06917F66D45DD49F85DBFDA3B1010
jia-yi-full,谢惠民-数学分析习题课讲义答案 (甲乙).pdf,230,answer-pages/jia-yi-full/page-0230.jpg,1450,2051,A30BD0D4218CB092CF8CF9EF910228BE4047BA4C79B6729ED559362672A25644
jia-yi-full,谢惠民-数学分析习题课讲义答案 (甲乙).pdf,231,answer-pages/jia-yi-full/page-0231.jpg,1450,2051,58458A6B215489B8B8DB6C497BD82A7986483811FAA96AD4F95E29DD4242F76E
jia-yi-full,谢惠民-数学分析习题课讲义答案 (甲乙).pdf,232,answer-pages/jia-yi-full/page-0232.jpg,1450,2051,D002B963656EA148B0199773D97E668407CBBD3F39DB0BD078BDBEA9F5EC8F6B
jia-yi-full,谢惠民-数学分析习题课讲义答案 (甲乙).pdf,233,answer-pages/jia-yi-full/page-0233.jpg,1450,2051,8AB8A8743A0B42D8804E98C95C2BD76CFC69E5954847A12550E90F9261BF4972
jia-yi-full,谢惠民-数学分析习题课讲义答案 (甲乙).pdf,234,answer-pages/jia-yi-full/page-0234.jpg,1450,2051,61CCD4082D09F08142434A1BA47BAEAEA840322AB15ECEC87BCF4DF2CE561B80
jia-yi-full,谢惠民-数学分析习题课讲义答案 (甲乙).pdf,235,answer-pages/jia-yi-full/page-0235.jpg,1450,2051,D7CC71210755F97DDF737DD3CDF37C19011D71428A3CD255EC664615D6BB85D5
jia-yi-full,谢惠民-数学分析习题课讲义答案 (甲乙).pdf,236,answer-pages/jia-yi-full/page-0236.jpg,1450,2051,E701546A8B74CD17B4B464EB65B9FBFCBFBC3E9547B46661F6CB678928ABF28A
jia-yi-full,谢惠民-数学分析习题课讲义答案 (甲乙).pdf,237,answer-pages/jia-yi-full/page-0237.jpg,1450,2051,AE464115291C20718AD4B725C28BC3D96D65D08D149A387B45B01C6574B81D34
jia-yi-full,谢惠民-数学分析习题课讲义答案 (甲乙).pdf,238,answer-pages/jia-yi-full/page-0238.jpg,1450,2051,DE9E4AB77643230009B05770613F0174394E045CFCADFEBF028B33BB19030DCD
jia-yi-full,谢惠民-数学分析习题课讲义答案 (甲乙).pdf,239,answer-pages/jia-yi-full/page-0239.jpg,1450,2051,1465BD6B67260E56789EC272054DC4D5E23A92C07C935D1BF71EFF277FF660E1
jia-yi-full,谢惠民-数学分析习题课讲义答案 (甲乙).pdf,240,answer-pages/jia-yi-full/page-0240.jpg,1450,2051,FA9DA0B12104512CA6FAD9A1B1BFA2A7CA66AD30DA40A023BF8DE2B43F442FD4
jia-yi-full,谢惠民-数学分析习题课讲义答案 (甲乙).pdf,241,answer-pages/jia-yi-full/page-0241.jpg,1450,2051,608C1A0443BF16BD168AD44BB9D5D9A2ED24A783B1D4C1860A3FAD76EA50D4F1
jia-yi-full,谢惠民-数学分析习题课讲义答案 (甲乙).pdf,242,answer-pages/jia-yi-full/page-0242.jpg,1450,2051,1900C81B4D04161473CDCE4EE5A747EAA0C6C9321725F8BDCAC55911C7059F26
jia-yi-full,谢惠民-数学分析习题课讲义答案 (甲乙).pdf,243,answer-pages/jia-yi-full/page-0243.jpg,1450,2051,81736FEDCDCEDDE0EC67D7643EEC6A76C9E157F0AB10D708BF6F1A71BE6BFFE9
jia-yi-full,谢惠民-数学分析习题课讲义答案 (甲乙).pdf,244,answer-pages/jia-yi-full/page-0244.jpg,1450,2051,6A8E2BF8241BDC11510681B773A04CD098608C0ADE41B6D3236907B6256143F8
jia-yi-full,谢惠民-数学分析习题课讲义答案 (甲乙).pdf,245,answer-pages/jia-yi-full/page-0245.jpg,1450,2051,1C9A0C9D2052911A6EFF030811F31D11A58AC85D4CA02D50BE2B27013BEFB43F
jia-yi-full,谢惠民-数学分析习题课讲义答案 (甲乙).pdf,246,answer-pages/jia-yi-full/page-0246.jpg,1450,2051,5EA5C1907882D285AEEBB32C5349772C8C2404949BC29B7849F118070CF77BDD
jia-yi-full,谢惠民-数学分析习题课讲义答案 (甲乙).pdf,247,answer-pages/jia-yi-full/page-0247.jpg,1450,2051,9A47C317840221479AA9E78BA364C7D7CBD08545AE0C8D2B5AB1FA8E52381BE0
jia-yi-full,谢惠民-数学分析习题课讲义答案 (甲乙).pdf,248,answer-pages/jia-yi-full/page-0248.jpg,1450,2051,770085F40EF09F903B0DAD2095EAFAC4C100A595993EEDD247498C5D546235E5
jia-yi-full,谢惠民-数学分析习题课讲义答案 (甲乙).pdf,249,answer-pages/jia-yi-full/page-0249.jpg,1450,2051,C627550F5F67D1122D652B532A60B8A658971A7851B1FC97775173CF53E27EE9
jia-yi-full,谢惠民-数学分析习题课讲义答案 (甲乙).pdf,250,answer-pages/jia-yi-full/page-0250.jpg,1450,2051,E32DBDECE299C3350E0DC0187E4EB40472D9FF05C5DEB6D63335B863A258370B
jia-yi-full,谢惠民-数学分析习题课讲义答案 (甲乙).pdf,251,answer-pages/jia-yi-full/page-0251.jpg,1450,2051,104C39038E5CE2F4EEA8574F19CE081251AB7CCCEC2A4E915D004855F604A08E
jia-yi-full,谢惠民-数学分析习题课讲义答案 (甲乙).pdf,252,answer-pages/jia-yi-full/page-0252.jpg,1450,2051,1DD165B65F167FC4C28D61E2EC6BE03BA1E79EE7D2A42B03475A953AD2A8E506
jia-yi-full,谢惠民-数学分析习题课讲义答案 (甲乙).pdf,253,answer-pages/jia-yi-full/page-0253.jpg,1450,2051,5A76D9E0B9B8CD3F4F904CC515BAA77EC7B6976B2C69A9D6105724DC1985E9B3
jia-yi-full,谢惠民-数学分析习题课讲义答案 (甲乙).pdf,254,answer-pages/jia-yi-full/page-0254.jpg,1450,2051,101F05123416330867346A14124EF65483AEEAB566E8B4400C9016E80BF3E959
jia-yi-full,谢惠民-数学分析习题课讲义答案 (甲乙).pdf,255,answer-pages/jia-yi-full/page-0255.jpg,1450,2051,792E09B1C201B89FC07487D3FEEB902AE4EC35D40136C4B2BA92901179A9786C
jia-yi-full,谢惠民-数学分析习题课讲义答案 (甲乙).pdf,256,answer-pages/jia-yi-full/page-0256.jpg,1450,2051,CC1417763A40D5F8A6A43A53C0EB1D0B045014B15583EA9B3869A289D1B49A0F
jia-yi-full,谢惠民-数学分析习题课讲义答案 (甲乙).pdf,257,answer-pages/jia-yi-full/page-0257.jpg,1450,2051,D7AEBEFC08CF2985F3CE6F0FC095465C9363108EB168C9FC58C3E13E86975EF4
jia-yi-full,谢惠民-数学分析习题课讲义答案 (甲乙).pdf,258,answer-pages/jia-yi-full/page-0258.jpg,1450,2051,9A147DB648B0E465BE241084CBC0A521BF61ED5F60B866B5DB1FA8219F8FE9F6
jia-yi-full,谢惠民-数学分析习题课讲义答案 (甲乙).pdf,259,answer-pages/jia-yi-full/page-0259.jpg,1450,2051,DC6C6F88DB46B25D37EAF81A9EC33474EE56A754CCFEE5DC62378AD7A7015037
jia-yi-full,谢惠民-数学分析习题课讲义答案 (甲乙).pdf,260,answer-pages/jia-yi-full/page-0260.jpg,1450,2051,7E73A04D36728E71C886AA272A58C3AB5735CD26BB4482BCFCCE5011E5EB9B8F
jia-yi-full,谢惠民-数学分析习题课讲义答案 (甲乙).pdf,261,answer-pages/jia-yi-full/page-0261.jpg,1450,2051,61A93064DF55883A75B68CB8796135A68A5D41B6CA9D4E16934E72ECB6316D7F
jia-yi-full,谢惠民-数学分析习题课讲义答案 (甲乙).pdf,262,answer-pages/jia-yi-full/page-0262.jpg,1450,2051,EEB14B924717C26B898EE4AA3DF06FE8EF67C1B447A534DEA5645F213A07728B
jia-yi-full,谢惠民-数学分析习题课讲义答案 (甲乙).pdf,263,answer-pages/jia-yi-full/page-0263.jpg,1450,2051,FF6545900DE109CF1247601DC9F9BA71AD1E79EDDA3D1827B08026CC0B722D11
jia-yi-full,谢惠民-数学分析习题课讲义答案 (甲乙).pdf,264,answer-pages/jia-yi-full/page-0264.jpg,1450,2051,366764266EF524A460E076E7ACC3345D7C28DAFFEEBAC72C36D1A18371D08B14
jia-yi-full,谢惠民-数学分析习题课讲义答案 (甲乙).pdf,265,answer-pages/jia-yi-full/page-0265.jpg,1450,2051,C1A846ADD2CEBA98BAB4D91E47398B371F3A518631017585A9538A7804DCC7CB
jia-yi-full,谢惠民-数学分析习题课讲义答案 (甲乙).pdf,266,answer-pages/jia-yi-full/page-0266.jpg,1450,2051,49FDA776F6758029ED56A393A0624FC5B4F617AF1F9823CEF5E3F778D55B48E8
jia-yi-full,谢惠民-数学分析习题课讲义答案 (甲乙).pdf,267,answer-pages/jia-yi-full/page-0267.jpg,1450,2051,966373576E30519A68A2E4CF45EA04C77F84B0756C632800EF80E85891446C92
jia-yi-full,谢惠民-数学分析习题课讲义答案 (甲乙).pdf,268,answer-pages/jia-yi-full/page-0268.jpg,1450,2051,F2A5887BB1FAA96863CDF2AB262C32282978AD977BA6699EBAA42CB198A51671
jia-yi-full,谢惠民-数学分析习题课讲义答案 (甲乙).pdf,269,answer-pages/jia-yi-full/page-0269.jpg,1450,2051,2CDDA73B9E2ACA2355917672196F0B93B943F2167E607C95FCF20B9FC444B255
jia-yi-full,谢惠民-数学分析习题课讲义答案 (甲乙).pdf,270,answer-pages/jia-yi-full/page-0270.jpg,1450,2051,3B917D57E5DB667156F573F723005A1D86FA9D88627B1CCE66508E3AFAFED344
jia-yi-full,谢惠民-数学分析习题课讲义答案 (甲乙).pdf,271,answer-pages/jia-yi-full/page-0271.jpg,1450,2051,3C70D7DBD1DCC67F12BD7483479059925A4F18DB3C2D782F4553C9405A4ADACA
jia-yi-full,谢惠民-数学分析习题课讲义答案 (甲乙).pdf,272,answer-pages/jia-yi-full/page-0272.jpg,1450,2051,5726352EA9FAD220F5BE26873E420B6F83A50A255C304975B1CBA46C8D98321D
jia-yi-full,谢惠民-数学分析习题课讲义答案 (甲乙).pdf,273,answer-pages/jia-yi-full/page-0273.jpg,1450,2051,E66369763A2FC3811C919D0D16CDEED4177A160FE93EFF366717420275729DA7
jia-yi-full,谢惠民-数学分析习题课讲义答案 (甲乙).pdf,274,answer-pages/jia-yi-full/page-0274.jpg,1450,2051,8B820067E463DF36FC65198E7004F213DED5AEDD4F9AE5C580729C8E5BEC32E8
jia-yi-full,谢惠民-数学分析习题课讲义答案 (甲乙).pdf,275,answer-pages/jia-yi-full/page-0275.jpg,1450,2051,98962558835D3D3B97E8B647DD793C35C99E335995C5878B050D5E712EA036A8
jia-yi-full,谢惠民-数学分析习题课讲义答案 (甲乙).pdf,276,answer-pages/jia-yi-full/page-0276.jpg,1450,2051,BC5F4175A08887A01FB427D94E776A77FD2A49B0C9E20C770BDD32A92B23D4BC
jia-yi-full,谢惠民-数学分析习题课讲义答案 (甲乙).pdf,277,answer-pages/jia-yi-full/page-0277.jpg,1450,2051,273D9C73EAF3642D06886BBFFD013D4735A1A0AFBF4D58BD6468B45D17F244AE
jia-yi-full,谢惠民-数学分析习题课讲义答案 (甲乙).pdf,278,answer-pages/jia-yi-full/page-0278.jpg,1450,2051,15DED70CDE674E15F59B37D7B916090EBDEB5F6AE9ECBDADC5E8B16AC57F4B9E
jia-yi-full,谢惠民-数学分析习题课讲义答案 (甲乙).pdf,279,answer-pages/jia-yi-full/page-0279.jpg,1450,2051,77267B4FEE74B4DC399350EEBC021A05F03D7D94190EE893F1B8CB8E672E3A38
jia-yi-full,谢惠民-数学分析习题课讲义答案 (甲乙).pdf,280,answer-pages/jia-yi-full/page-0280.jpg,1450,2051,CD6DFBF28566171D9CB7EADE0E4BC482ABE2BB165D6F5C928B7377F001C1CE81
jia-yi-full,谢惠民-数学分析习题课讲义答案 (甲乙).pdf,281,answer-pages/jia-yi-full/page-0281.jpg,1450,2051,80155163C93E8AC442BF4C9F6F11045F9369AEC4DBABA89F926522DBBF4BE1D4
jia-yi-full,谢惠民-数学分析习题课讲义答案 (甲乙).pdf,282,answer-pages/jia-yi-full/page-0282.jpg,1450,2051,007C6917CCB9A6D70ACCB5D1085A4AE6CF93A31EA96B4B204FF770D73D6BA260
jia-yi-full,谢惠民-数学分析习题课讲义答案 (甲乙).pdf,283,answer-pages/jia-yi-full/page-0283.jpg,1450,2051,816AAA2AA835AAC9F061F11E9679D5E3C919FE513F1A404681587EA332C37D8E
jia-yi-full,谢惠民-数学分析习题课讲义答案 (甲乙).pdf,284,answer-pages/jia-yi-full/page-0284.jpg,1450,2051,DEAF6FBE600ED608C94DB8AAB60E8A3A0976EC20FE29131659AB2F06AA714C10
jia-yi-full,谢惠民-数学分析习题课讲义答案 (甲乙).pdf,285,answer-pages/jia-yi-full/page-0285.jpg,1450,2051,71857756AEC2183F19D685EE0FB2D2C05FC1D9C44B24CF8F1237387197158B4B
jia-yi-full,谢惠民-数学分析习题课讲义答案 (甲乙).pdf,286,answer-pages/jia-yi-full/page-0286.jpg,1450,2051,42A8EFFA9AE1ED72E22CB7D645727244D8EF01D3DFE70A67B53B5B2B68C21E21
jia-yi-full,谢惠民-数学分析习题课讲义答案 (甲乙).pdf,287,answer-pages/jia-yi-full/page-0287.jpg,1450,2051,1592AC1A040F7D3D4D35E347C99B2CC470B7F1A71075C3CD17314E6A3B0D3501
jia-yi-full,谢惠民-数学分析习题课讲义答案 (甲乙).pdf,288,answer-pages/jia-yi-full/page-0288.jpg,1450,2051,4FBF4A055306F5B28DDB2F03419F2C01B6119D8F3C9159F7B0BD866536829746
jia-yi-full,谢惠民-数学分析习题课讲义答案 (甲乙).pdf,289,answer-pages/jia-yi-full/page-0289.jpg,1450,2051,E943BA1DC4ECACA2C34572D69FACF934A619E3BC2CF8064085795CF67A17A0BF
jia-yi-full,谢惠民-数学分析习题课讲义答案 (甲乙).pdf,290,answer-pages/jia-yi-full/page-0290.jpg,1450,2051,9E89DEDCD087FFF2589F531FC3A29B55C854B2D641ED88276477C81071EBB201
jia-yi-full,谢惠民-数学分析习题课讲义答案 (甲乙).pdf,291,answer-pages/jia-yi-full/page-0291.jpg,1450,2051,52CCAF3FD8CDD34D1DC48C98C86F3E6E33955FE8EE078CF9C158203F4EA9EDE3
jia-yi-full,谢惠民-数学分析习题课讲义答案 (甲乙).pdf,292,answer-pages/jia-yi-full/page-0292.jpg,1450,2051,D781D7FDA6D843C52A6051488E78D1F114603A99D7080288C6D6E96682F6F86F
jia-yi-full,谢惠民-数学分析习题课讲义答案 (甲乙).pdf,293,answer-pages/jia-yi-full/page-0293.jpg,1450,2051,C1548EB5BB3E05467CAE9BB1529A94098A229F5A1306897538C4A4746B3E0E9F
jia-yi-full,谢惠民-数学分析习题课讲义答案 (甲乙).pdf,294,answer-pages/jia-yi-full/page-0294.jpg,1450,2051,3ABD9F11B22C6C2C49C1CB6531A75185D376946D078217F3A251FE3B2A07B290
jia-yi-full,谢惠民-数学分析习题课讲义答案 (甲乙).pdf,295,answer-pages/jia-yi-full/page-0295.jpg,1450,2051,E8045B93DF7F9149F816DC9081F2578F636ECE7017186B54B6902F3ACB881419
jia-yi-full,谢惠民-数学分析习题课讲义答案 (甲乙).pdf,296,answer-pages/jia-yi-full/page-0296.jpg,1450,2051,BC517E52EAAC0504D7AA6F44EA4C6DA0F3098D00C2DA9260ECED82F87F0EE094
jia-yi-full,谢惠民-数学分析习题课讲义答案 (甲乙).pdf,297,answer-pages/jia-yi-full/page-0297.jpg,1450,2051,A7A71F932C5DB1C2ED344E908E904D5A42B9D89BCFA8DB8D04BCAF2E17151B78
jia-yi-full,谢惠民-数学分析习题课讲义答案 (甲乙).pdf,298,answer-pages/jia-yi-full/page-0298.jpg,1450,2051,44C119BC07A20DC9FDBD0AD4FC912C6AFBE491BD7487EE0FA77B5926414983D7
jia-yi-full,谢惠民-数学分析习题课讲义答案 (甲乙).pdf,299,answer-pages/jia-yi-full/page-0299.jpg,1450,2051,A9AEA1014BCFD87076ADD64B2599A35B4700F40C792CEC9FF08C1FE05735BD98
jia-yi-full,谢惠民-数学分析习题课讲义答案 (甲乙).pdf,300,answer-pages/jia-yi-full/page-0300.jpg,1450,2051,307016E30B91E6AE1F6CE1835301181960C5878B13AAFFD97CD91D8F5A3F293C
jia-yi-full,谢惠民-数学分析习题课讲义答案 (甲乙).pdf,301,answer-pages/jia-yi-full/page-0301.jpg,1450,2051,9E054ADB75B26BB7C25ED3E16BBEADDD31BA62B000A803630731F9B4E5BA5D08
jia-yi-full,谢惠民-数学分析习题课讲义答案 (甲乙).pdf,302,answer-pages/jia-yi-full/page-0302.jpg,1450,2051,9678B5B206560D696CA3649EDED061FDDE2300F9A25A3E6088D805111178885A
jia-yi-full,谢惠民-数学分析习题课讲义答案 (甲乙).pdf,303,answer-pages/jia-yi-full/page-0303.jpg,1450,2051,B472037C5D35A8C56E611E4E066DA7639416C6235454D098952EA180A9881617
jia-yi-full,谢惠民-数学分析习题课讲义答案 (甲乙).pdf,304,answer-pages/jia-yi-full/page-0304.jpg,1450,2051,793821A07BBE85AA7C97D3305F0F83D5F52602F9AA4021DA16D30D493894A2A7
jia-yi-full,谢惠民-数学分析习题课讲义答案 (甲乙).pdf,305,answer-pages/jia-yi-full/page-0305.jpg,1450,2051,9544B2CFF22019834E1D921B993A0AC1B4D32F996D194E59C357E6B979292CD4
jia-yi-full,谢惠民-数学分析习题课讲义答案 (甲乙).pdf,306,answer-pages/jia-yi-full/page-0306.jpg,1450,2051,412D8A1820074A32E37E5A27DD5B0F092B27F8E7080DEFF90B030A325C65D3BB
jia-yi-full,谢惠民-数学分析习题课讲义答案 (甲乙).pdf,307,answer-pages/jia-yi-full/page-0307.jpg,1450,2051,EF3BA1C429DF4E96789C7D7034DA2D2A495EA223E9F04F6AD4E03C989292C5F1
jia-yi-full,谢惠民-数学分析习题课讲义答案 (甲乙).pdf,308,answer-pages/jia-yi-full/page-0308.jpg,1450,2051,793F2784E3E650223A29F39FB9075AB7467B011DB30347FE9ADF383476142132
jia-yi-full,谢惠民-数学分析习题课讲义答案 (甲乙).pdf,309,answer-pages/jia-yi-full/page-0309.jpg,1450,2051,68C01B22368961039CE2649AA3F08F8F24856994367400594C2B30A9C24D231E
jia-yi-full,谢惠民-数学分析习题课讲义答案 (甲乙).pdf,310,answer-pages/jia-yi-full/page-0310.jpg,1450,2051,737DEDEF374FEF6F62CB4163F78D266D7814BC2E9B1D23F2CBCF8FCDDD9857DE
jia-yi-full,谢惠民-数学分析习题课讲义答案 (甲乙).pdf,311,answer-pages/jia-yi-full/page-0311.jpg,1450,2051,AA47A054FAA891240BF5974ADA214616689F22539169AB64F9D44C5FBC051655
jia-yi-full,谢惠民-数学分析习题课讲义答案 (甲乙).pdf,312,answer-pages/jia-yi-full/page-0312.jpg,1450,2051,90F07E7A8FC5856E89BCAE82AE1BC9D38D80EC32EB7355513787CC7C0390E69B
jia-yi-full,谢惠民-数学分析习题课讲义答案 (甲乙).pdf,313,answer-pages/jia-yi-full/page-0313.jpg,1450,2051,3BFD39F5BA05BA94B297D95617E81A1C5D8C1F4E3D8F27F6B677D445D7E7E099
jia-yi-full,谢惠民-数学分析习题课讲义答案 (甲乙).pdf,314,answer-pages/jia-yi-full/page-0314.jpg,1450,2051,D2E9416D13FA825E9E5F018ADD2ADAFBEDCFD3CB378AC0B309E0F76DA7A57F2F
jia-yi-full,谢惠民-数学分析习题课讲义答案 (甲乙).pdf,315,answer-pages/jia-yi-full/page-0315.jpg,1450,2051,92AA1B4AC0C82346C3F1BFF0170724203D5264D0FAE6F4B77BFA18F89DA0EED2
jia-yi-full,谢惠民-数学分析习题课讲义答案 (甲乙).pdf,316,answer-pages/jia-yi-full/page-0316.jpg,1450,2051,C32E16C2C15555F2959E9B54E475F6C5D238F48DC6A115425CC903F52B8F5DA0
jia-yi-full,谢惠民-数学分析习题课讲义答案 (甲乙).pdf,317,answer-pages/jia-yi-full/page-0317.jpg,1450,2051,56777FF1A66FDC8E45188D562328BC29841C231341F4DD97F1A6500A63C54B02
jia-yi-full,谢惠民-数学分析习题课讲义答案 (甲乙).pdf,318,answer-pages/jia-yi-full/page-0318.jpg,1450,2051,00E80A785589C6A8CFDCDD652D06F5A80275B597126C9249EAED9A86C0281E98
jia-yi-full,谢惠民-数学分析习题课讲义答案 (甲乙).pdf,319,answer-pages/jia-yi-full/page-0319.jpg,1450,2051,8B7DE3E9821B02B2F81CD347674424CE13B600437312F268E4F0CAF9987FE4E4
jia-yi-full,谢惠民-数学分析习题课讲义答案 (甲乙).pdf,320,answer-pages/jia-yi-full/page-0320.jpg,1450,2051,F2FF6737E9A4EE4617774C38CC001E33D30D79AADD48ADC2E228417A10346FE1
jia-yi-full,谢惠民-数学分析习题课讲义答案 (甲乙).pdf,321,answer-pages/jia-yi-full/page-0321.jpg,1450,2051,E6AC82ADB0D0071891745CE43E6658E55F7E276FD1C05A4FE2A6F048A2D18ED0
jia-yi-full,谢惠民-数学分析习题课讲义答案 (甲乙).pdf,322,answer-pages/jia-yi-full/page-0322.jpg,1450,2051,A911F791EE0EC6DC1BBFDF88B9B741097557673595A4D9E760FA61E61064F4EB
jia-yi-full,谢惠民-数学分析习题课讲义答案 (甲乙).pdf,323,answer-pages/jia-yi-full/page-0323.jpg,1450,2051,163C22EDDE7090BADF25A621E3631351F87A4FF88FBF137C1B7F0E9BFC4A8949
jia-yi-full,谢惠民-数学分析习题课讲义答案 (甲乙).pdf,324,answer-pages/jia-yi-full/page-0324.jpg,1450,2051,687317275DF8857EB3023ED550FB9FB418EC628A2CFFB1102273616A25B41192
jia-yi-full,谢惠民-数学分析习题课讲义答案 (甲乙).pdf,325,answer-pages/jia-yi-full/page-0325.jpg,1450,2051,B617E075C597458CB83782231427AC4DC2EA098354AD6FEE95AC76752FC72E8C
jia-yi-full,谢惠民-数学分析习题课讲义答案 (甲乙).pdf,326,answer-pages/jia-yi-full/page-0326.jpg,1450,2051,031087B92D3EF5559A14D219C1C1D161844315076B7354C48E6FD7D48FFD3886
jia-yi-full,谢惠民-数学分析习题课讲义答案 (甲乙).pdf,327,answer-pages/jia-yi-full/page-0327.jpg,1450,2051,918FDCC833239FB2EE135B9AEABB2ED7EC0B77F30FE67091B7403CFE0176B970
jia-yi-full,谢惠民-数学分析习题课讲义答案 (甲乙).pdf,328,answer-pages/jia-yi-full/page-0328.jpg,1450,2051,DE1BB4566FD8DBAA6C1B36EC1EBCAA1F8AFD66A32B27A1E63F199D2199654DDC
jia-yi-full,谢惠民-数学分析习题课讲义答案 (甲乙).pdf,329,answer-pages/jia-yi-full/page-0329.jpg,1450,2051,A7CA11A07A348E68F23E15587BB0CB6FA584DE60575242E82AE684C175CA89A3
jia-yi-full,谢惠民-数学分析习题课讲义答案 (甲乙).pdf,330,answer-pages/jia-yi-full/page-0330.jpg,1450,2051,2CB5FDB225D87948012396A2F466FEE465C8E489FA8016E661FAE39AA510FCA9
jia-yi-full,谢惠民-数学分析习题课讲义答案 (甲乙).pdf,331,answer-pages/jia-yi-full/page-0331.jpg,1450,2051,C01428972F53AE5A4B04E430F0DF8FD02C19D59E27DAFA8490144D616CDD7514
jia-yi-full,谢惠民-数学分析习题课讲义答案 (甲乙).pdf,332,answer-pages/jia-yi-full/page-0332.jpg,1450,2051,53CF6B560F472640C76379C89C5E1C312CA819E6E7F38A37F2AD9B4E9A0252C4
jia-yi-full,谢惠民-数学分析习题课讲义答案 (甲乙).pdf,333,answer-pages/jia-yi-full/page-0333.jpg,1450,2051,BBE600627F49D5A8F29396C9380AEE723BCBEDF0CA372A78AEF793644B6C0D4C
jia-yi-full,谢惠民-数学分析习题课讲义答案 (甲乙).pdf,334,answer-pages/jia-yi-full/page-0334.jpg,1450,2051,EFD73CB86606B462FECC22A1AC4C5969D5AD358E92601434D94D9239FA34601D
jia-yi-full,谢惠民-数学分析习题课讲义答案 (甲乙).pdf,335,answer-pages/jia-yi-full/page-0335.jpg,1450,2051,F5CEBCF486696A945BB72B3A74DAAFBA849D0685B06F02324BC0BB0BE5EB763C
jia-yi-full,谢惠民-数学分析习题课讲义答案 (甲乙).pdf,336,answer-pages/jia-yi-full/page-0336.jpg,1450,2051,80FC1126BEB26AC12A99E549BE3634963A28F956AC05C5A3B3EF432164FDBDD4
jia-yi-full,谢惠民-数学分析习题课讲义答案 (甲乙).pdf,337,answer-pages/jia-yi-full/page-0337.jpg,1450,2051,56265F6C88CC4F628394BE4BC7D30350E7A8E509DC0922EE4FFFE50E624DC02E
jia-yi-full,谢惠民-数学分析习题课讲义答案 (甲乙).pdf,338,answer-pages/jia-yi-full/page-0338.jpg,1450,2051,F37654657175D2BE1ABEC5D41B8E15B84853ECE4B311167429B335AAD7FF944B
jia-yi-full,谢惠民-数学分析习题课讲义答案 (甲乙).pdf,339,answer-pages/jia-yi-full/page-0339.jpg,1450,2051,67263A5214921C5F4E036A069C3D7C115D1A54CA0857412C2CDCDF374A5B87BB
jia-yi-full,谢惠民-数学分析习题课讲义答案 (甲乙).pdf,340,answer-pages/jia-yi-full/page-0340.jpg,1450,2051,8F9960BF8BBAFB181E6E56FB343A2B0CDE0AF6DFBAF33BCC5ACF62885B2858D2
jia-yi-full,谢惠民-数学分析习题课讲义答案 (甲乙).pdf,341,answer-pages/jia-yi-full/page-0341.jpg,1450,2051,3EFA67614A0CE5C5BC938BDB83234EE32C533591A9109E5380C1825B74D4DDBD
jia-yi-full,谢惠民-数学分析习题课讲义答案 (甲乙).pdf,342,answer-pages/jia-yi-full/page-0342.jpg,1450,2051,8DCAFA24A964FB4697FBC5323334DDCA453884B4EBE361421A1B3A11CCAFA596
jia-yi-full,谢惠民-数学分析习题课讲义答案 (甲乙).pdf,343,answer-pages/jia-yi-full/page-0343.jpg,1450,2051,4B3B1515A0A05445BDD2F642E6D65AF9F0BB623C8495B89D0F0C737AD40EEE68
jia-yi-full,谢惠民-数学分析习题课讲义答案 (甲乙).pdf,344,answer-pages/jia-yi-full/page-0344.jpg,1450,2051,07091B19D5EF76D3F5826A72F73F9BFC36910A6C0E2D7852890B12B32AD07522
jia-yi-full,谢惠民-数学分析习题课讲义答案 (甲乙).pdf,345,answer-pages/jia-yi-full/page-0345.jpg,1450,2051,E0E377BFB9C2F8E01BEAB73F4ACDE22AF57A8B065240B471959EC8D20DC09BFA
jia-yi-full,谢惠民-数学分析习题课讲义答案 (甲乙).pdf,346,answer-pages/jia-yi-full/page-0346.jpg,1450,2051,5842F58FFA7474C92AC3074B0CDEEE6859B557A26CFF2BDB4254C23ED154126D
jia-yi-full,谢惠民-数学分析习题课讲义答案 (甲乙).pdf,347,answer-pages/jia-yi-full/page-0347.jpg,1450,2051,C68DDA5EB680A165847FAD46376652358182FC4314DCAADB6FFB9802974C931E
jia-yi-full,谢惠民-数学分析习题课讲义答案 (甲乙).pdf,348,answer-pages/jia-yi-full/page-0348.jpg,1450,2051,1CFF162369A4D7F2C0853A88E4B283FFB312600B9DB73B175B9F2AF32862E7FF
jia-yi-full,谢惠民-数学分析习题课讲义答案 (甲乙).pdf,349,answer-pages/jia-yi-full/page-0349.jpg,1450,2051,B570A974D807ECBED9028825451A71140DAE58680C5AFB8A773DBBA081BD02CD
jia-yi-full,谢惠民-数学分析习题课讲义答案 (甲乙).pdf,350,answer-pages/jia-yi-full/page-0350.jpg,1450,2051,3D08DEBF662087B47E3B25145237AACB7FBC390112EB2393C19694D36E187DD3
jia-yi-full,谢惠民-数学分析习题课讲义答案 (甲乙).pdf,351,answer-pages/jia-yi-full/page-0351.jpg,1450,2051,348F183EDF2F821496B9A4723D1F7259AF494B0EEBE5EDA78E82A9558EB22F95
jia-yi-full,谢惠民-数学分析习题课讲义答案 (甲乙).pdf,352,answer-pages/jia-yi-full/page-0352.jpg,1450,2051,66C4BC7D8A5E926E2ADDD4F52E1F0836444D24AB239FB53D73FFF066E8D27D22
jia-yi-full,谢惠民-数学分析习题课讲义答案 (甲乙).pdf,353,answer-pages/jia-yi-full/page-0353.jpg,1450,2051,DDC35B7F87273290E7577879F7464D05ABD08095DE56A2FC10DBB4A7EDDDF8F1
jia-yi-full,谢惠民-数学分析习题课讲义答案 (甲乙).pdf,354,answer-pages/jia-yi-full/page-0354.jpg,1450,2051,2991D6E8F0E09013129F0794F53E259149D3933CFBA5BA48E1828F13E14ACB51
jia-yi-full,谢惠民-数学分析习题课讲义答案 (甲乙).pdf,355,answer-pages/jia-yi-full/page-0355.jpg,1450,2051,0B7EE763A57E724CEF14900DDC156CCC1D88D095B760533B121003150A86BF6F
jia-yi-full,谢惠民-数学分析习题课讲义答案 (甲乙).pdf,356,answer-pages/jia-yi-full/page-0356.jpg,1450,2051,66C7CF2F034831C9927338FF845F6F4573B911EC0018FF2EB8B371BF87C10E6A
jia-yi-full,谢惠民-数学分析习题课讲义答案 (甲乙).pdf,357,answer-pages/jia-yi-full/page-0357.jpg,1450,2051,30CD38E278578D4526958C7544018ACF1DD34C41CB529B401C86DB1E30E2235E
jia-yi-full,谢惠民-数学分析习题课讲义答案 (甲乙).pdf,358,answer-pages/jia-yi-full/page-0358.jpg,1450,2051,3DE794C123366451683B1C77DA7FC4FEEA35D76675FC8C7DBD7DC8D54EAD4BE6
jia-yi-full,谢惠民-数学分析习题课讲义答案 (甲乙).pdf,359,answer-pages/jia-yi-full/page-0359.jpg,1450,2051,FAA32BBA8497A7CFA4E09D90C3B0680443B7EF5AE0C44111F96C949A9796524F
jia-yi-full,谢惠民-数学分析习题课讲义答案 (甲乙).pdf,360,answer-pages/jia-yi-full/page-0360.jpg,1450,2051,1D150EDD23B814B8D98EC64B6FB64F308271909C5875AE9052125E13119EEC72
jia-yi-full,谢惠民-数学分析习题课讲义答案 (甲乙).pdf,361,answer-pages/jia-yi-full/page-0361.jpg,1450,2051,ACE97A47C55A692B513779B620730093165EDC2EBD0493242EE68197F09A3380
jia-yi-full,谢惠民-数学分析习题课讲义答案 (甲乙).pdf,362,answer-pages/jia-yi-full/page-0362.jpg,1450,2051,A3F5643F0126A71CBCB8601A2412ACD0BB7A1A43649350A694FFF7D78989F250
jia-yi-full,谢惠民-数学分析习题课讲义答案 (甲乙).pdf,363,answer-pages/jia-yi-full/page-0363.jpg,1450,2051,F3EAC3BDD5A2323B7B1272DEE1DE1032AB9E749953BAC319AA075DAC641336AD
jia-yi-full,谢惠民-数学分析习题课讲义答案 (甲乙).pdf,364,answer-pages/jia-yi-full/page-0364.jpg,1450,2051,FAB4B59DB8A03F5676E7E05893AA7A497E0F9D9199F89905AA9D6571484510A1
jia-yi-full,谢惠民-数学分析习题课讲义答案 (甲乙).pdf,365,answer-pages/jia-yi-full/page-0365.jpg,1450,2051,A32421D5A65E9B7C5F1905FBAE00358B298879E140C143FBF73A3BD9A2AD18E3
jia-yi-full,谢惠民-数学分析习题课讲义答案 (甲乙).pdf,366,answer-pages/jia-yi-full/page-0366.jpg,1450,2051,1020960A3754993288B650E96F2FA491B162A9F3EDB70FEB51ACA177C89DC4FF
jia-yi-full,谢惠民-数学分析习题课讲义答案 (甲乙).pdf,367,answer-pages/jia-yi-full/page-0367.jpg,1450,2051,3917FE859B60E460AE18C5B0DBB4A44446ECAFBEB36CD34E2CEA463F575B5F80
jia-yi-full,谢惠民-数学分析习题课讲义答案 (甲乙).pdf,368,answer-pages/jia-yi-full/page-0368.jpg,1450,2051,35F19267CFF6AED448159B27A2C00177878156D0B475CA5F9271503305011AFF
jia-yi-full,谢惠民-数学分析习题课讲义答案 (甲乙).pdf,369,answer-pages/jia-yi-full/page-0369.jpg,1450,2051,C89FD589DCEC20A56C79378AC46592AC7E1AF83510A33810C46050AAC4971F0F
jia-yi-full,谢惠民-数学分析习题课讲义答案 (甲乙).pdf,370,answer-pages/jia-yi-full/page-0370.jpg,1450,2051,8EC575A6F498BF34620E70D15AB480BF2DEF7DE80973C15CA2ED4AA1EA9EE3B7
jia-yi-full,谢惠民-数学分析习题课讲义答案 (甲乙).pdf,371,answer-pages/jia-yi-full/page-0371.jpg,1450,2051,BA723E1243ADB45376B8C8BF629F90E6F765E66EBD74C8DCEC81FAC0CEE8A20D
jia-yi-full,谢惠民-数学分析习题课讲义答案 (甲乙).pdf,372,answer-pages/jia-yi-full/page-0372.jpg,1450,2051,50BD158E04AD6D13FBCF6D850C5F627FA3183BBE6BE5149258AA551218C94359
jia-yi-full,谢惠民-数学分析习题课讲义答案 (甲乙).pdf,373,answer-pages/jia-yi-full/page-0373.jpg,1450,2051,31F9116A803F43D83636FEBB7CF373230B032A18D5488C27E39EFAE88EB03678
jia-yi-full,谢惠民-数学分析习题课讲义答案 (甲乙).pdf,374,answer-pages/jia-yi-full/page-0374.jpg,1450,2051,50DA76EE6B69F9BCE7DB5F8C18EEF6D276A93220D0098FB5EB1BC3E5853BDC76
jia-yi-full,谢惠民-数学分析习题课讲义答案 (甲乙).pdf,375,answer-pages/jia-yi-full/page-0375.jpg,1450,2051,D13384D12823FECBE6921CD4BC20606657641A8D4E2B4B3BA08B2C60019C80FE
jia-yi-full,谢惠民-数学分析习题课讲义答案 (甲乙).pdf,376,answer-pages/jia-yi-full/page-0376.jpg,1450,2051,C59C6EA9C00371F128DCB35B2670D788067371FC8948785C7B6D7FB5E66D4B80
jia-yi-full,谢惠民-数学分析习题课讲义答案 (甲乙).pdf,377,answer-pages/jia-yi-full/page-0377.jpg,1450,2051,299E071AED1526652326E34CF3AD3705CAF02663466AE9155E399CFED08572EF
jia-yi-full,谢惠民-数学分析习题课讲义答案 (甲乙).pdf,378,answer-pages/jia-yi-full/page-0378.jpg,1450,2051,E20F7B9989CD33F490C98E697000AC36A6B11070058013BE8432B6A19EA96817
jia-yi-full,谢惠民-数学分析习题课讲义答案 (甲乙).pdf,379,answer-pages/jia-yi-full/page-0379.jpg,1450,2051,E22C72A119489AB41CA4CE4CDC9E8A0A6A34514A24ABB6C2ACF4E9A511F4225D
jia-yi-full,谢惠民-数学分析习题课讲义答案 (甲乙).pdf,380,answer-pages/jia-yi-full/page-0380.jpg,1450,2051,8B9F58713A8A0FFD1EDDB1BC28852E4EE73645430287D27FA4C61B5C9FE0FE61
jia-yi-full,谢惠民-数学分析习题课讲义答案 (甲乙).pdf,381,answer-pages/jia-yi-full/page-0381.jpg,1450,2051,1CDCB059078A9CAFF0A740D3D4205FF10A2C8A81BA51EFB7516D5FBA697CEEB3
jia-yi-full,谢惠民-数学分析习题课讲义答案 (甲乙).pdf,382,answer-pages/jia-yi-full/page-0382.jpg,1450,2051,92B87453FBCC855F6B1E799A98928DCCA5205F9679A906C039218E08FDBB4BC4
jia-yi-full,谢惠民-数学分析习题课讲义答案 (甲乙).pdf,383,answer-pages/jia-yi-full/page-0383.jpg,1450,2051,3A8271AFD395176226DB780F181A46A92E44403C669C9701FA24500520BD088B
jia-yi-full,谢惠民-数学分析习题课讲义答案 (甲乙).pdf,384,answer-pages/jia-yi-full/page-0384.jpg,1450,2051,F56D280F47FA818BD2B04265DA80A34569CB16FF37D0375191EDD3CF9B2F216C
jia-yi-full,谢惠民-数学分析习题课讲义答案 (甲乙).pdf,385,answer-pages/jia-yi-full/page-0385.jpg,1450,2051,9708542B7117652E39CB0D37DA0E987BD34789F90AE0D9488708537B7E4D3B21
jia-yi-full,谢惠民-数学分析习题课讲义答案 (甲乙).pdf,386,answer-pages/jia-yi-full/page-0386.jpg,1450,2051,F01631592E763A30DD3CDA7C29E32E5A1197DFDC043EB7A3D126A014A78DE8A5
jia-yi-full,谢惠民-数学分析习题课讲义答案 (甲乙).pdf,387,answer-pages/jia-yi-full/page-0387.jpg,1450,2051,396471160166FCE24A00BA4B6D2A943D040F4D57ECDA2BA3127A73BCA77E8610
jia-yi-full,谢惠民-数学分析习题课讲义答案 (甲乙).pdf,388,answer-pages/jia-yi-full/page-0388.jpg,1450,2051,41B3A1F4DC6133D8C49CC435F4DE70AD34BE80FDF5FC6D5CD8A7DC652F494AC4
jia-yi-full,谢惠民-数学分析习题课讲义答案 (甲乙).pdf,389,answer-pages/jia-yi-full/page-0389.jpg,1450,2051,551DAF0BC3E83B8CDDE71EDE8D21B75DEFE1B25C60EE08AF337EB640F428ED6E
jia-yi-full,谢惠民-数学分析习题课讲义答案 (甲乙).pdf,390,answer-pages/jia-yi-full/page-0390.jpg,1450,2051,747926E330EBA73A8555D09655756772E4F073620D0B6AF61303A4E64F85668E
jia-yi-full,谢惠民-数学分析习题课讲义答案 (甲乙).pdf,391,answer-pages/jia-yi-full/page-0391.jpg,1450,2051,6BF603ADE8697EDB15585F001B580F4C591E51F4267CE4134C8FAD9C580F44B7
jia-yi-full,谢惠民-数学分析习题课讲义答案 (甲乙).pdf,392,answer-pages/jia-yi-full/page-0392.jpg,1450,2051,4A7245600EFB2F567CB2278CBE43EA56005FB127CDEB0440AC8F294AC608E3BC
jia-yi-full,谢惠民-数学分析习题课讲义答案 (甲乙).pdf,393,answer-pages/jia-yi-full/page-0393.jpg,1450,2051,639605C28D2793564F8945D32F6DFEC1BBC6EBFB8FB12EAE0F7CEDAAECBFDF5B
jia-yi-full,谢惠民-数学分析习题课讲义答案 (甲乙).pdf,394,answer-pages/jia-yi-full/page-0394.jpg,1450,2051,AA4429F9F1FF5F28DBDD037EA3136671E7B0A8054B420DEC0BF602136EC046C6
jia-yi-full,谢惠民-数学分析习题课讲义答案 (甲乙).pdf,395,answer-pages/jia-yi-full/page-0395.jpg,1450,2051,09E3B2E682DB6481661F97974757A3A341CD89670C370ED1C0494AD39023B46F
jia-yi-full,谢惠民-数学分析习题课讲义答案 (甲乙).pdf,396,answer-pages/jia-yi-full/page-0396.jpg,1450,2051,12801C1EE69DE36A380C989EDD73EB262E2A1B63BF08D7FD000B15202D769440
jia-yi-full,谢惠民-数学分析习题课讲义答案 (甲乙).pdf,397,answer-pages/jia-yi-full/page-0397.jpg,1450,2051,78B3040F75E4879F9203F39EDFAA8F6FDA9716EEE35290BEA82310469E969E60
jia-yi-full,谢惠民-数学分析习题课讲义答案 (甲乙).pdf,398,answer-pages/jia-yi-full/page-0398.jpg,1450,2051,5068306BA4FD5ACE1DB5D39E87B4E6C76864B796225FC0D8B31098D6528C2FD0
jia-yi-full,谢惠民-数学分析习题课讲义答案 (甲乙).pdf,399,answer-pages/jia-yi-full/page-0399.jpg,1450,2051,42FED25FB61757EADC8587A3B9C210B649F88D1DDB57824AA4ECADF8D18A0C9D
jia-yi-full,谢惠民-数学分析习题课讲义答案 (甲乙).pdf,400,answer-pages/jia-yi-full/page-0400.jpg,1450,2051,A9E253B15C9661E05C2A673060E8F9B621007655AF042EFC5EF64400E1192842
jia-yi-full,谢惠民-数学分析习题课讲义答案 (甲乙).pdf,401,answer-pages/jia-yi-full/page-0401.jpg,1450,2051,0350F9CF9DEA7C26CAD18F23F44C117F0BD73430F71DCF1C8D0D4AC5396212A7
jia-yi-full,谢惠民-数学分析习题课讲义答案 (甲乙).pdf,402,answer-pages/jia-yi-full/page-0402.jpg,1450,2051,AAB73647CD9A4F7343387F8E25563D2C5AD04A0FA85821D7094B445B569F8C27
jia-yi-full,谢惠民-数学分析习题课讲义答案 (甲乙).pdf,403,answer-pages/jia-yi-full/page-0403.jpg,1450,2051,6CB86DD97124DA805B9B9ACFC899D0C8EBF7403F0EF50464C65D5EF68A66837A
jia-yi-full,谢惠民-数学分析习题课讲义答案 (甲乙).pdf,404,answer-pages/jia-yi-full/page-0404.jpg,1450,2051,6FF15311092E12F6FD0CB1BF8EBE6163DF06890E19FA53344F41A930677D5ACB
jia-yi-full,谢惠民-数学分析习题课讲义答案 (甲乙).pdf,405,answer-pages/jia-yi-full/page-0405.jpg,1450,2051,DC4B4FD58C6974EBE1BA877419CA5DEF569F25F1379402552A44EA574151611D
jia-yi-full,谢惠民-数学分析习题课讲义答案 (甲乙).pdf,406,answer-pages/jia-yi-full/page-0406.jpg,1450,2051,E6C3A82B96AA5F95150C265B484F59B21B1A1CBCA317FCBBB48D937CA27C7672
jia-yi-full,谢惠民-数学分析习题课讲义答案 (甲乙).pdf,407,answer-pages/jia-yi-full/page-0407.jpg,1450,2051,D2A89C991F237126DA35517639AA44B051D187BCF480926E369197E057B46687
jia-yi-full,谢惠民-数学分析习题课讲义答案 (甲乙).pdf,408,answer-pages/jia-yi-full/page-0408.jpg,1450,2051,250680B405729422C06D77C6FF02571CD3FBBB357066B356C358B931C41385E0
jia-yi-full,谢惠民-数学分析习题课讲义答案 (甲乙).pdf,409,answer-pages/jia-yi-full/page-0409.jpg,1450,2051,DD6ED67EC82C0EA2636152F4244F15AE316356FD2519FF43926A3DAF6D6B4B4C
jia-yi-full,谢惠民-数学分析习题课讲义答案 (甲乙).pdf,410,answer-pages/jia-yi-full/page-0410.jpg,1450,2051,3C5E0333AD5D540706A8C4D474C1BCB3BC0EF2CF1998E6167A6BFEA9130003C1
jia-yi-full,谢惠民-数学分析习题课讲义答案 (甲乙).pdf,411,answer-pages/jia-yi-full/page-0411.jpg,1450,2051,3EEE0924A972CCBAD0F1A6A9E14FDF7C3E957C6638906EE95206DD689B52B32E
jia-yi-full,谢惠民-数学分析习题课讲义答案 (甲乙).pdf,412,answer-pages/jia-yi-full/page-0412.jpg,1450,2051,4F05DD84BCCBC8892304BA3A3A7D72FD0E0E8162DFA1EC042F4BB08D88033AE7
jia-yi-full,谢惠民-数学分析习题课讲义答案 (甲乙).pdf,413,answer-pages/jia-yi-full/page-0413.jpg,1450,2051,C9A94A979952E144E7F46837C87E3741741151CA0C14659280A1CB4AA73F830F
jia-yi-full,谢惠民-数学分析习题课讲义答案 (甲乙).pdf,414,answer-pages/jia-yi-full/page-0414.jpg,1450,2051,64F5E50C5D9F7725394389A7C5D4FD640C434C1B2808ED3E59302E7E530A118A
jia-yi-full,谢惠民-数学分析习题课讲义答案 (甲乙).pdf,415,answer-pages/jia-yi-full/page-0415.jpg,1450,2051,BB1E1D988BF32C0FED9C894CB5A9DDBD65CFF492E224FA9706372D22B53E7E41
jia-yi-full,谢惠民-数学分析习题课讲义答案 (甲乙).pdf,416,answer-pages/jia-yi-full/page-0416.jpg,1450,2051,C70C952A84C0ECF14AF198A7AA206E62197C7A31E32D99910B67958C28E4F98E
jia-yi-full,谢惠民-数学分析习题课讲义答案 (甲乙).pdf,417,answer-pages/jia-yi-full/page-0417.jpg,1450,2051,1D54CEC780FD17EB699D504BEE6F3E3B7D1DF4DDF09BF5656558AFEA6DF76309
jia-yi-full,谢惠民-数学分析习题课讲义答案 (甲乙).pdf,418,answer-pages/jia-yi-full/page-0418.jpg,1450,2051,620FDE647B92B3E4FD7552D5AFE878498691563B2DBF355107F263C20DBED068
jia-yi-full,谢惠民-数学分析习题课讲义答案 (甲乙).pdf,419,answer-pages/jia-yi-full/page-0419.jpg,1450,2051,C92C3BF4524125E01CB53733B0189E9D65AC7AE4233E59B5856B7D74608104A7
jia-yi-full,谢惠民-数学分析习题课讲义答案 (甲乙).pdf,420,answer-pages/jia-yi-full/page-0420.jpg,1450,2051,43242242AA00C0BD77F067FC7416081ED94AE5F6FFE115F838707415B6768299
jia-yi-full,谢惠民-数学分析习题课讲义答案 (甲乙).pdf,421,answer-pages/jia-yi-full/page-0421.jpg,1450,2051,C35D6F6997BD2BF657A149E783AE383EE2B3DF7BF0572056B0C3DB8DA2B5F2FE
jia-yi-full,谢惠民-数学分析习题课讲义答案 (甲乙).pdf,422,answer-pages/jia-yi-full/page-0422.jpg,1450,2051,16744F0B4C9CEA392737539EA6552CAF58944913CD97C4FE3B059CEAB3C0C258
jia-yi-full,谢惠民-数学分析习题课讲义答案 (甲乙).pdf,423,answer-pages/jia-yi-full/page-0423.jpg,1450,2051,6ACCF845AB1F167FAF56156961F2C108B60802069A53457AEB14AC4455808055
jia-yi-full,谢惠民-数学分析习题课讲义答案 (甲乙).pdf,424,answer-pages/jia-yi-full/page-0424.jpg,1450,2051,A60ADD3D2860133D068E5209308BC181FC3232375DC8094A6D0825716B5406E1
jia-yi-full,谢惠民-数学分析习题课讲义答案 (甲乙).pdf,425,answer-pages/jia-yi-full/page-0425.jpg,1450,2051,4E6800BA3F7BD693E5044C7103943F93DBD14CE962322ABC807E3C96DB23F32E
jia-yi-full,谢惠民-数学分析习题课讲义答案 (甲乙).pdf,426,answer-pages/jia-yi-full/page-0426.jpg,1450,2051,59E0145D7523E45F75B7CBBF3EE189B736F5C94BDD8AF5A146EEA65CC071DF1A
jia-yi-full,谢惠民-数学分析习题课讲义答案 (甲乙).pdf,427,answer-pages/jia-yi-full/page-0427.jpg,1450,2051,20602E854D4A8EBBEBCD540D861356E62F21C1E3B69EA316EE93E3BBDB939468
jia-yi-full,谢惠民-数学分析习题课讲义答案 (甲乙).pdf,428,answer-pages/jia-yi-full/page-0428.jpg,1450,2051,163D4F61580332C5BB552DEAF9A911C84982F565B9CEAAB329E2E34B96A4493A
jia-yi-full,谢惠民-数学分析习题课讲义答案 (甲乙).pdf,429,answer-pages/jia-yi-full/page-0429.jpg,1450,2051,CB5EC88EABF377B001BF811E73BCB69578E6CAE2E191ECD781BA2740FF0AEA7E
jia-yi-full,谢惠民-数学分析习题课讲义答案 (甲乙).pdf,430,answer-pages/jia-yi-full/page-0430.jpg,1450,2051,5FED0092A939A913B60780848FC4A6914E5F2D48B98D8DB1C1D8B28B75D99A0F
jia-yi-full,谢惠民-数学分析习题课讲义答案 (甲乙).pdf,431,answer-pages/jia-yi-full/page-0431.jpg,1450,2051,2400718BF076F66E9CBB5C6B02E5A8EDCE18A9D5FEE12E671B93A88F4E8D876E
jia-yi-full,谢惠民-数学分析习题课讲义答案 (甲乙).pdf,432,answer-pages/jia-yi-full/page-0432.jpg,1450,2051,32A746B865816BEF20ED6282DD56925A100A5C78D6A74C2C996187E51C49F1CF
jia-yi-full,谢惠民-数学分析习题课讲义答案 (甲乙).pdf,433,answer-pages/jia-yi-full/page-0433.jpg,1450,2051,E70CE4B1FED3A6B091F38271C7AFBF5BC40C9954B4683EE3866249459B29D9F4
jia-yi-full,谢惠民-数学分析习题课讲义答案 (甲乙).pdf,434,answer-pages/jia-yi-full/page-0434.jpg,1450,2051,5F9FF126C813167661820A023A81788238B5DC96D411C893B2B669FDE730AB1A
jia-yi-full,谢惠民-数学分析习题课讲义答案 (甲乙).pdf,435,answer-pages/jia-yi-full/page-0435.jpg,1450,2051,8D695B8200CB93EE1E241AC1D72A1FF6456D1278281E2021D36A5F6AB7120EF7
jia-yi-full,谢惠民-数学分析习题课讲义答案 (甲乙).pdf,436,answer-pages/jia-yi-full/page-0436.jpg,1450,2051,A5336CAF91366DFE1DE1F79C9E3E94001D1B4A377383D0041A257509C3362683
jia-yi-full,谢惠民-数学分析习题课讲义答案 (甲乙).pdf,437,answer-pages/jia-yi-full/page-0437.jpg,1450,2051,AE10FFD832BA4C357855B59F78AD84DAD35F9996C471B291AD884C4F00FBE0BE
jia-yi-full,谢惠民-数学分析习题课讲义答案 (甲乙).pdf,438,answer-pages/jia-yi-full/page-0438.jpg,1450,2051,CE1DB15CC41576590AF9BA5955AC9189BAB1FED07C44782F4AA48161CD156068
jia-yi-full,谢惠民-数学分析习题课讲义答案 (甲乙).pdf,439,answer-pages/jia-yi-full/page-0439.jpg,1450,2051,B152424D3F2A0CA7C703B018245277E6D5768959619625B98D020D397B7E4B25
jia-yi-full,谢惠民-数学分析习题课讲义答案 (甲乙).pdf,440,answer-pages/jia-yi-full/page-0440.jpg,1450,2051,C0999C33157AA37E04ACFD3690B9FB0E90C53F05B35A926CF72D65A1BB115B89
jia-yi-full,谢惠民-数学分析习题课讲义答案 (甲乙).pdf,441,answer-pages/jia-yi-full/page-0441.jpg,1450,2051,A199901FC94D45D6F578389A5D19483DAF5B8B1BDEF10F6BD3971BE74A6039B4
jia-yi-full,谢惠民-数学分析习题课讲义答案 (甲乙).pdf,442,answer-pages/jia-yi-full/page-0442.jpg,1450,2051,EF69B9ABD76AF941B54FC7602657C47AA53916180BE6A5AB7D74E501ABE444B3
jia-yi-full,谢惠民-数学分析习题课讲义答案 (甲乙).pdf,443,answer-pages/jia-yi-full/page-0443.jpg,1450,2051,94F0B2CEA332B918C8E316C44DD2CD241F532F2A0281E16EFD748567D766202B
jia-yi-full,谢惠民-数学分析习题课讲义答案 (甲乙).pdf,444,answer-pages/jia-yi-full/page-0444.jpg,1450,2051,295D711444DBC44F5098797271E70DC0064324B2664C1A80A78991AC9694E978
jia-yi-full,谢惠民-数学分析习题课讲义答案 (甲乙).pdf,445,answer-pages/jia-yi-full/page-0445.jpg,1450,2051,A571DDE8AAFD9F15A219032DFFC521716E1A694E3B768F16EC690E79CBCDD566
jia-yi-full,谢惠民-数学分析习题课讲义答案 (甲乙).pdf,446,answer-pages/jia-yi-full/page-0446.jpg,1450,2051,CF08C23677A736E5B4621CCE947E0811CCF17D6E0E6E517AE0086F7428A52F1D
jia-yi-full,谢惠民-数学分析习题课讲义答案 (甲乙).pdf,447,answer-pages/jia-yi-full/page-0447.jpg,1450,2051,62D22B269F7B409DCCF49A6F5A1A179C80C02F8840026D14BF2D3EF1C2885615
jia-yi-full,谢惠民-数学分析习题课讲义答案 (甲乙).pdf,448,answer-pages/jia-yi-full/page-0448.jpg,1450,2051,32C0CC908012C18392CFBCFC2BBC69A59EBCC726F30596E9558994FA59C87955
jia-yi-full,谢惠民-数学分析习题课讲义答案 (甲乙).pdf,449,answer-pages/jia-yi-full/page-0449.jpg,1450,2051,53C3E2783D35D9CB4CAF084E7883DDC78AC299019805A72AC1F464F93A2E5691
jia-yi-full,谢惠民-数学分析习题课讲义答案 (甲乙).pdf,450,answer-pages/jia-yi-full/page-0450.jpg,1450,2051,89DEB42A344505352755258C986714D672E49CAB9C46DD407C9624F1A2CCC29D
jia-yi-full,谢惠民-数学分析习题课讲义答案 (甲乙).pdf,451,answer-pages/jia-yi-full/page-0451.jpg,1450,2051,EFE02BCAAFC007CA5A6266A085407B00AE0D1C4662C06B0A39EA96AA657F04E8
jia-yi-full,谢惠民-数学分析习题课讲义答案 (甲乙).pdf,452,answer-pages/jia-yi-full/page-0452.jpg,1450,2051,739CAF34C15EA60F9EA21F5C74FB34C093A9B81AAF9283D4174B8241935563C1
jia-yi-full,谢惠民-数学分析习题课讲义答案 (甲乙).pdf,453,answer-pages/jia-yi-full/page-0453.jpg,1450,2051,734042C99B6040595FAF1F1A719F512FE17117BF3024334411D08EE1EA759AF1
jia-yi-full,谢惠民-数学分析习题课讲义答案 (甲乙).pdf,454,answer-pages/jia-yi-full/page-0454.jpg,1450,2051,4D061793C24CC9739B830AC549DF6D9C3EAF0FB14DD8610D2634C0B824C8D1A6
jia-yi-full,谢惠民-数学分析习题课讲义答案 (甲乙).pdf,455,answer-pages/jia-yi-full/page-0455.jpg,1450,2051,481368C5092D8C9EC4EC166E2E473FFACA0F203ACB49FD3F4CC85B10D5D8F485
jia-yi-full,谢惠民-数学分析习题课讲义答案 (甲乙).pdf,456,answer-pages/jia-yi-full/page-0456.jpg,1450,2051,9E4CC99A6CAEBD2E8169FC49FDC85A53523631D0A9E7965B645A3C53FF54AD24
jia-yi-full,谢惠民-数学分析习题课讲义答案 (甲乙).pdf,457,answer-pages/jia-yi-full/page-0457.jpg,1450,2051,BA05D61C0C953861AB0E3F2AFC83A8C4962F20BDD643A8833830C8D1BC522416
jia-yi-full,谢惠民-数学分析习题课讲义答案 (甲乙).pdf,458,answer-pages/jia-yi-full/page-0458.jpg,1450,2051,1BA0461E35CC3C0F762607E721F4BB69F53A31F4C81337FB4C6FFE4F5F5314CD
jia-yi-full,谢惠民-数学分析习题课讲义答案 (甲乙).pdf,459,answer-pages/jia-yi-full/page-0459.jpg,1450,2051,C44E98E9B3E8EA28DC7F9BFB70589CDDF0F5C5770387EDAF2769098EAB4ECDCA
jia-yi-full,谢惠民-数学分析习题课讲义答案 (甲乙).pdf,460,answer-pages/jia-yi-full/page-0460.jpg,1450,2051,25EECE4CF80283057BCFF98720EE6FFCE02FC7BA577CAE42DF455A288B0354B5
jia-yi-full,谢惠民-数学分析习题课讲义答案 (甲乙).pdf,461,answer-pages/jia-yi-full/page-0461.jpg,1450,2051,6F8E58C1A75E792D38E106D0DEF0FAF14237D733A6E43CA60A1BD58601479085
jia-yi-full,谢惠民-数学分析习题课讲义答案 (甲乙).pdf,462,answer-pages/jia-yi-full/page-0462.jpg,1450,2051,B09758EFB84D3231F195A259FAE6AFAA0903DB838BFEB6E6F028BBD5358F6465
jia-yi-full,谢惠民-数学分析习题课讲义答案 (甲乙).pdf,463,answer-pages/jia-yi-full/page-0463.jpg,1450,2051,4517184022971B1E03C1FBA922FCAF94D74ACE829295679E6BE1A99493BDB9F4
jia-yi-full,谢惠民-数学分析习题课讲义答案 (甲乙).pdf,464,answer-pages/jia-yi-full/page-0464.jpg,1450,2051,D6C40830F151AF21054BC5F7C875BD7D296536BA498082D4E8BA0DD366F3C8A4
jia-yi-full,谢惠民-数学分析习题课讲义答案 (甲乙).pdf,465,answer-pages/jia-yi-full/page-0465.jpg,1450,2051,B3A0F4FB0FFA21553B65C8DB30FEB24E78D5D94BD042536D0B0CC007070B8B4F
jia-yi-full,谢惠民-数学分析习题课讲义答案 (甲乙).pdf,466,answer-pages/jia-yi-full/page-0466.jpg,1450,2051,57F1975685DD65276164FC6480F22DD9F0D0A89CCE835A740050F1156EA42884
jia-yi-full,谢惠民-数学分析习题课讲义答案 (甲乙).pdf,467,answer-pages/jia-yi-full/page-0467.jpg,1450,2051,705B292D5C3CDFD90DA76A7365A94EDFC886149A04B1A26DCE9791A06CA2E666
jia-yi-full,谢惠民-数学分析习题课讲义答案 (甲乙).pdf,468,answer-pages/jia-yi-full/page-0468.jpg,1450,2051,4FC04F6E47CA07FD6DF95BE8303C470667F63D11C20D11ECD759B966F88C080E
jia-yi-full,谢惠民-数学分析习题课讲义答案 (甲乙).pdf,469,answer-pages/jia-yi-full/page-0469.jpg,1450,2051,271CF03F708128E5DF010930CDDEFF4D74BCF42A4E24044EED6978FE4EE16CDD
jia-yi-full,谢惠民-数学分析习题课讲义答案 (甲乙).pdf,470,answer-pages/jia-yi-full/page-0470.jpg,1450,2051,42A81ECC3B4697EFC12B9B67E923D75069F910C020BFF4ED5F336F71AAACA227
jia-yi-full,谢惠民-数学分析习题课讲义答案 (甲乙).pdf,471,answer-pages/jia-yi-full/page-0471.jpg,1450,2051,DFBC8D0C90D626AEF7A1CEF8C17DAAB936BB8527C322198A8DFC9637A9B483A0
jia-yi-full,谢惠民-数学分析习题课讲义答案 (甲乙).pdf,472,answer-pages/jia-yi-full/page-0472.jpg,1450,2051,01D5C551C4B6CD65BEF5F17D9EC931F2ED62426A7947799A8EB588D7B185CA6F
jia-yi-full,谢惠民-数学分析习题课讲义答案 (甲乙).pdf,473,answer-pages/jia-yi-full/page-0473.jpg,1450,2051,A1CCD285930DA0090C0F393F521ABF7430CE5A0E51616052FAB38E641AD6F500
jia-yi-full,谢惠民-数学分析习题课讲义答案 (甲乙).pdf,474,answer-pages/jia-yi-full/page-0474.jpg,1450,2051,8FA091D963BFBF0ADDACBB5CC88791B691489BBA19AEF0213837DEBFD4261E72
jia-yi-full,谢惠民-数学分析习题课讲义答案 (甲乙).pdf,475,answer-pages/jia-yi-full/page-0475.jpg,1450,2051,36B5BA537F745026C2D12C7FF3AA833BE5A66A4CE17C4659CB95FD14EEA99A9A
jia-yi-full,谢惠民-数学分析习题课讲义答案 (甲乙).pdf,476,answer-pages/jia-yi-full/page-0476.jpg,1450,2051,23A112259BE34D7A9AAA535D39526C8C5C71E26AF3F58E08333D216487C94F5B
jia-yi-full,谢惠民-数学分析习题课讲义答案 (甲乙).pdf,477,answer-pages/jia-yi-full/page-0477.jpg,1450,2051,A0E0F80944C0DAF5F333DC80ADD7990952321919817E232EF16BE7608BD0D482
jia-yi-full,谢惠民-数学分析习题课讲义答案 (甲乙).pdf,478,answer-pages/jia-yi-full/page-0478.jpg,1450,2051,88F4F79830A48F42C01967E8B49A6B36407234C37F8C6C99C9334B0B5CA1E267
jia-yi-full,谢惠民-数学分析习题课讲义答案 (甲乙).pdf,479,answer-pages/jia-yi-full/page-0479.jpg,1450,2051,5D3834C91E64112A647DBAE2982A74F38655019E21C5387F4EEE086265205116
jia-yi-full,谢惠民-数学分析习题课讲义答案 (甲乙).pdf,480,answer-pages/jia-yi-full/page-0480.jpg,1450,2051,4EC276231DDF6E8F5129D5ED3A3750BE7398CD319277BB69537FC3D8B687E951
jia-yi-full,谢惠民-数学分析习题课讲义答案 (甲乙).pdf,481,answer-pages/jia-yi-full/page-0481.jpg,1450,2051,44D4A339310831BA27C1DA7CCE6F9369659B3774659DB02B0395017540E7D30E
jia-yi-full,谢惠民-数学分析习题课讲义答案 (甲乙).pdf,482,answer-pages/jia-yi-full/page-0482.jpg,1450,2051,61AB55A052DD73623EE0A9C349778157C188E802E135D91C61205F0C1B918FE3
jia-yi-full,谢惠民-数学分析习题课讲义答案 (甲乙).pdf,483,answer-pages/jia-yi-full/page-0483.jpg,1450,2051,134E3ACBC1DF57F8B945C5045B76316C6A5D089A7DF34FE5333F39DCCC72015A
jia-yi-full,谢惠民-数学分析习题课讲义答案 (甲乙).pdf,484,answer-pages/jia-yi-full/page-0484.jpg,1450,2051,B55B4E43957E350C6DEA51F19F46EB3CB879E92EFBDC1332304C9DB815C3F648
jia-yi-full,谢惠民-数学分析习题课讲义答案 (甲乙).pdf,485,answer-pages/jia-yi-full/page-0485.jpg,1450,2051,37FD7EAEAA1DE1AE2760E52306E97951258173026DC95BE5A72E6C4ABC198E0C
jia-yi-full,谢惠民-数学分析习题课讲义答案 (甲乙).pdf,486,answer-pages/jia-yi-full/page-0486.jpg,1450,2051,B7DA3CA9C6C6726A201A6C94F82A76A6C255C7282678383F1AD758727889200C
jia-yi-full,谢惠民-数学分析习题课讲义答案 (甲乙).pdf,487,answer-pages/jia-yi-full/page-0487.jpg,1450,2051,825E086DA9C79D0ED740AC508F2CA24C1DB633411202FA215C17BA795E93F283
jia-yi-full,谢惠民-数学分析习题课讲义答案 (甲乙).pdf,488,answer-pages/jia-yi-full/page-0488.jpg,1450,2051,785C516FE96ED0AF58D5F4FB46A01DB95C0EE499964F67EADB0318850202591A
jia-yi-full,谢惠民-数学分析习题课讲义答案 (甲乙).pdf,489,answer-pages/jia-yi-full/page-0489.jpg,1450,2051,8AA8B06730A576C6847835A7E003DDE3ADA17FAE16220454DA1A3E276371BE47
jia-yi-full,谢惠民-数学分析习题课讲义答案 (甲乙).pdf,490,answer-pages/jia-yi-full/page-0490.jpg,1450,2051,6F17E5976FA50827A14B9B45D635DA63C72E3BCBEBB5F3B63F14ED60A9889B77
jia-yi-full,谢惠民-数学分析习题课讲义答案 (甲乙).pdf,491,answer-pages/jia-yi-full/page-0491.jpg,1450,2051,D36308AFCBD6876C1389BC6507B6885F644B034B4728F9597458250B10D8DD08
jia-yi-full,谢惠民-数学分析习题课讲义答案 (甲乙).pdf,492,answer-pages/jia-yi-full/page-0492.jpg,1450,2051,0B4849F725CEAE0D0FEFF73905198B42E3C679F5B7D82A86872BDFE3A7FAAB0F
jia-yi-full,谢惠民-数学分析习题课讲义答案 (甲乙).pdf,493,answer-pages/jia-yi-full/page-0493.jpg,1450,2051,B8AEBB9F9494C702501238BC0AFC865567300E93FF9109FAF02B6D9C157BBAFA
jia-yi-full,谢惠民-数学分析习题课讲义答案 (甲乙).pdf,494,answer-pages/jia-yi-full/page-0494.jpg,1450,2051,920E7788D2F19812C1FA3F99AF006929023CB606381151B9D5FA62B03C51DC56
jia-yi-full,谢惠民-数学分析习题课讲义答案 (甲乙).pdf,495,answer-pages/jia-yi-full/page-0495.jpg,1450,2051,DFF21A3A0C1F9BCDB03EC06B364FB4127B43738B103C1AF0640BEC3805D53305
jia-yi-full,谢惠民-数学分析习题课讲义答案 (甲乙).pdf,496,answer-pages/jia-yi-full/page-0496.jpg,1450,2051,FDCCBF412BEA71EFB88B12141B7F2FCC737910BB418ADE4DD488FAE23892792D
jia-yi-full,谢惠民-数学分析习题课讲义答案 (甲乙).pdf,497,answer-pages/jia-yi-full/page-0497.jpg,1450,2051,053ECBD2140A0C7EED3F679763D04BD41D1BF3CEA053A100E3A610AFA2F260DA
jia-yi-full,谢惠民-数学分析习题课讲义答案 (甲乙).pdf,498,answer-pages/jia-yi-full/page-0498.jpg,1450,2051,10C12091F2DA5972EA15753AEFE208F6C9C923C1EF78C2BB90D80E12280F12C6
jia-yi-full,谢惠民-数学分析习题课讲义答案 (甲乙).pdf,499,answer-pages/jia-yi-full/page-0499.jpg,1450,2051,5472002862FCD3BD6367E83B274F3C92EDE4E2D2C0438B9FC779C85687B40E1F
jia-yi-full,谢惠民-数学分析习题课讲义答案 (甲乙).pdf,500,answer-pages/jia-yi-full/page-0500.jpg,1450,2051,D49E4ACB5D452CFAC5BD53893E95968872B351D1BFB8BE3E7EE16DCD00213222
jia-yi-full,谢惠民-数学分析习题课讲义答案 (甲乙).pdf,501,answer-pages/jia-yi-full/page-0501.jpg,1450,2051,E41D8295D43E5C7A5E04D7EBA3AF83023183FBC992389C0338C5752FE9914BD5
jia-yi-full,谢惠民-数学分析习题课讲义答案 (甲乙).pdf,502,answer-pages/jia-yi-full/page-0502.jpg,1450,2051,D939F4F60047B8921D8BAB90F02906DF2DC97E2DA9CF6B7D10A5FD53DA14D7F9
jia-yi-full,谢惠民-数学分析习题课讲义答案 (甲乙).pdf,503,answer-pages/jia-yi-full/page-0503.jpg,1450,2051,996CF228C7D5DF193E6AB031412938E79B9A275EBD934FE7DB3FB35EF065A8FC
jia-yi-full,谢惠民-数学分析习题课讲义答案 (甲乙).pdf,504,answer-pages/jia-yi-full/page-0504.jpg,1450,2051,C583EACFFF77DE893206C3F86A286C36E9BCD79DC6E9FE17123597D47FA05400
jia-yi-full,谢惠民-数学分析习题课讲义答案 (甲乙).pdf,505,answer-pages/jia-yi-full/page-0505.jpg,1450,2051,69EB48CCC90EF2CEBD191E8DFA2D5E08B7DEA2D98B7A6F60209AA6DF726208E3
jia-yi-full,谢惠民-数学分析习题课讲义答案 (甲乙).pdf,506,answer-pages/jia-yi-full/page-0506.jpg,1450,2051,D665580A16B30F2751EBD8BCE4DF4477768C9F04496D9754CD3D9E3A794ED3E7
jia-yi-full,谢惠民-数学分析习题课讲义答案 (甲乙).pdf,507,answer-pages/jia-yi-full/page-0507.jpg,1450,2051,419D85DC4FD3D8ACC539F509E645ACF51B1E2A29B04052FA71EB9746A4BC8BF0
jia-yi-full,谢惠民-数学分析习题课讲义答案 (甲乙).pdf,508,answer-pages/jia-yi-full/page-0508.jpg,1450,2051,561593AE6B3ED426386850139EED935237322E79F4F726A7E5F58488D6E267EA
jia-yi-full,谢惠民-数学分析习题课讲义答案 (甲乙).pdf,509,answer-pages/jia-yi-full/page-0509.jpg,1450,2051,3E53ED599E0EEA809DD55D6ED5BB04CB1BCA240418F33A92352B525F4C84DCBC
jia-yi-full,谢惠民-数学分析习题课讲义答案 (甲乙).pdf,510,answer-pages/jia-yi-full/page-0510.jpg,1450,2051,F9A643E1511659FE3ECA5357854B92D4B4B157F075B33A3C6AB200F333F2E55D
jia-yi-full,谢惠民-数学分析习题课讲义答案 (甲乙).pdf,511,answer-pages/jia-yi-full/page-0511.jpg,1450,2051,A81074FEBBA8B0E3E4F92375F94C0B3121AA26A13209F4475B6C8596C9156280
jia-yi-full,谢惠民-数学分析习题课讲义答案 (甲乙).pdf,512,answer-pages/jia-yi-full/page-0512.jpg,1450,2051,AE8F5ED85A08748F2C0302D48D87B71BC8DEC26BA998E2E56AF2767724FE4A62
jia-yi-full,谢惠民-数学分析习题课讲义答案 (甲乙).pdf,513,answer-pages/jia-yi-full/page-0513.jpg,1450,2051,23D4DF52621D312B527DA5C48D17C5B8E2E6A3E19E8B27C9D8E89FC1AB10CAF3
jia-yi-full,谢惠民-数学分析习题课讲义答案 (甲乙).pdf,514,answer-pages/jia-yi-full/page-0514.jpg,1450,2051,A7D49015963F91F698BBB1DCA6B42153B95352331286FF654257D26DA862FD9B
jia-yi-full,谢惠民-数学分析习题课讲义答案 (甲乙).pdf,515,answer-pages/jia-yi-full/page-0515.jpg,1450,2051,4306F6B299FA169C66395A0B176A2FED853A6AA4356C93D8A36D3BD485D84419
jia-yi-full,谢惠民-数学分析习题课讲义答案 (甲乙).pdf,516,answer-pages/jia-yi-full/page-0516.jpg,1450,2051,E88B71E3B9E5D140128DB8D8732CDE5AA8B6D2BBE87480C5AFCFC51E1F7AFB91
jia-yi-full,谢惠民-数学分析习题课讲义答案 (甲乙).pdf,517,answer-pages/jia-yi-full/page-0517.jpg,1450,2051,CCF01A81DF9379949C9128FAE79786013920C4C1A561F3399CAEDD8394E0D984
jia-yi-full,谢惠民-数学分析习题课讲义答案 (甲乙).pdf,518,answer-pages/jia-yi-full/page-0518.jpg,1450,2051,839A1A493BF80291FC37CBCCFB60EFD96643EEFE431F2F148AC10D06B0689834
jia-yi-full,谢惠民-数学分析习题课讲义答案 (甲乙).pdf,519,answer-pages/jia-yi-full/page-0519.jpg,1450,2051,A090415F054178E6B11459AC730C1BE2BA43CDE6B9AC37CE4F4EA563C2B32113
jia-yi-full,谢惠民-数学分析习题课讲义答案 (甲乙).pdf,520,answer-pages/jia-yi-full/page-0520.jpg,1450,2051,4BEE731F603F2FDECD2A9B39F304BC5D707C4E0E440B2E1DA9AC0E64F958B045
jia-yi-full,谢惠民-数学分析习题课讲义答案 (甲乙).pdf,521,answer-pages/jia-yi-full/page-0521.jpg,1450,2051,A68A77B3AA5A76AEEBB8DFBFF2523488A97F1C5778751DF6A820E11D0A6EB01C
jia-yi-full,谢惠民-数学分析习题课讲义答案 (甲乙).pdf,522,answer-pages/jia-yi-full/page-0522.jpg,1450,2051,8D5DAC1B21B70361334B43598C1A71E206A994FEEAA685569B3F3A3CA7CD3D3D
jia-yi-full,谢惠民-数学分析习题课讲义答案 (甲乙).pdf,523,answer-pages/jia-yi-full/page-0523.jpg,1450,2051,645C943321296E7B3455A0293179BB444E2690995D7C175632E5FC16691EF32B
jia-yi-full,谢惠民-数学分析习题课讲义答案 (甲乙).pdf,524,answer-pages/jia-yi-full/page-0524.jpg,1450,2051,C830C3641A29FA8AEE83AE6C7CE4783F9AA4D39D2C0703CDC200D618DD2C865F
jia-yi-full,谢惠民-数学分析习题课讲义答案 (甲乙).pdf,525,answer-pages/jia-yi-full/page-0525.jpg,1450,2051,36FFBF3909A0EF227A16A6ABA7156A86AFE700301E67200B0C3F079AB65797B1
jia-yi-full,谢惠民-数学分析习题课讲义答案 (甲乙).pdf,526,answer-pages/jia-yi-full/page-0526.jpg,1450,2051,2866241F745D8772860F06D4EC8A97AF73C70774C4B8F847A95EB73E64F4B2D2
jia-yi-full,谢惠民-数学分析习题课讲义答案 (甲乙).pdf,527,answer-pages/jia-yi-full/page-0527.jpg,1450,2051,0ABEA1E88784FA8657438652A560B4DCDDBE17DC82AA33E0794B3E6D892413F6
jia-yi-full,谢惠民-数学分析习题课讲义答案 (甲乙).pdf,528,answer-pages/jia-yi-full/page-0528.jpg,1450,2051,39F29BE4E10551E4D6D123BB02F8B66D60B67F8AAC6D86A702417CC5E7A75BD9
jia-yi-full,谢惠民-数学分析习题课讲义答案 (甲乙).pdf,529,answer-pages/jia-yi-full/page-0529.jpg,1450,2051,B4F6A3B4DBA31843CEB6A70C28E527229D32C44EFAD9B817BB2381C43120E971
jia-yi-full,谢惠民-数学分析习题课讲义答案 (甲乙).pdf,530,answer-pages/jia-yi-full/page-0530.jpg,1450,2051,895B746BA21A9356555EB198C9F950CA855624CEEC73CD4D8C447867285890E4
jia-yi-full,谢惠民-数学分析习题课讲义答案 (甲乙).pdf,531,answer-pages/jia-yi-full/page-0531.jpg,1450,2051,1BFCE754B44E888764283165D6D650A0810BBE7C6A5AFAC62E81D1D1FC0EDD07
jia-yi-full,谢惠民-数学分析习题课讲义答案 (甲乙).pdf,532,answer-pages/jia-yi-full/page-0532.jpg,1450,2051,6C9B2CCC6A25051D70BD81531962E7D8F708818062ED9AFF3C24B8F11F29BA91
jia-yi-full,谢惠民-数学分析习题课讲义答案 (甲乙).pdf,533,answer-pages/jia-yi-full/page-0533.jpg,1450,2051,D6F5ED23D80BE0A8FE12513F4E3E2AF6675B6BB3206775DED0339F7FC039260C
jia-yi-full,谢惠民-数学分析习题课讲义答案 (甲乙).pdf,534,answer-pages/jia-yi-full/page-0534.jpg,1450,2051,1B1D88B268ED5E92BCFBC0EA6BABF27650FA565CF3DC64C4D6237EE4A616C52A
jia-yi-full,谢惠民-数学分析习题课讲义答案 (甲乙).pdf,535,answer-pages/jia-yi-full/page-0535.jpg,1450,2051,DC9BDD4797DB116C1FEE2EB4A051D999A01F11F6113E8536B10BA87960251BA3
jia-yi-full,谢惠民-数学分析习题课讲义答案 (甲乙).pdf,536,answer-pages/jia-yi-full/page-0536.jpg,1450,2051,109ECC66225A2A67FA42065423BF8F71D69036695A0D109E17F5EB3E58D3542A
jia-yi-full,谢惠民-数学分析习题课讲义答案 (甲乙).pdf,537,answer-pages/jia-yi-full/page-0537.jpg,1450,2051,188D5A3774FB431C8505A1C8E94955EFB9A7CD5181292ABDFA83E097E9869A46
jia-yi-full,谢惠民-数学分析习题课讲义答案 (甲乙).pdf,538,answer-pages/jia-yi-full/page-0538.jpg,1450,2051,5A238413C1CE277E19B75D46212089BFDCB57AC3F5DA6B80C9BFE7C1A4CFF423
jia-yi-full,谢惠民-数学分析习题课讲义答案 (甲乙).pdf,539,answer-pages/jia-yi-full/page-0539.jpg,1450,2051,D3734B082C60C28A9BBAD2D3F3294B8F7CEB47B7901C0F3B436399BB96183ED1
jia-yi-full,谢惠民-数学分析习题课讲义答案 (甲乙).pdf,540,answer-pages/jia-yi-full/page-0540.jpg,1450,2051,99E37B97F7AB0A423D5429D1DC990BA03A22651185C471EE6CDCD6CAB8042BAB
jia-yi-full,谢惠民-数学分析习题课讲义答案 (甲乙).pdf,541,answer-pages/jia-yi-full/page-0541.jpg,1450,2051,3AE408F2FBFA886164309FBC3E0067D6EA7D9A70D8FFB2F79F8A59DD5C1F9A57
jia-yi-full,谢惠民-数学分析习题课讲义答案 (甲乙).pdf,542,answer-pages/jia-yi-full/page-0542.jpg,1450,2051,4377CC48C44B383917348353E213EE2470E874AB726DDD86E5D8EAD6978DD2EB
jia-yi-full,谢惠民-数学分析习题课讲义答案 (甲乙).pdf,543,answer-pages/jia-yi-full/page-0543.jpg,1450,2051,01147B7068EC7A69FC64C04E0220BEE5A568DFB4BAC67A2FA106E41A48F5D959
jia-yi-full,谢惠民-数学分析习题课讲义答案 (甲乙).pdf,544,answer-pages/jia-yi-full/page-0544.jpg,1450,2051,05FB6BCE69F4BDDCD05794E46920A05E81D3B735E968FC471E61825BBBFFC7AB
jia-yi-full,谢惠民-数学分析习题课讲义答案 (甲乙).pdf,545,answer-pages/jia-yi-full/page-0545.jpg,1450,2051,F4D8A4AED726C1345579719CD9ACCCE81F7262C3F858BE2B82911482FEE58946
jia-yi-full,谢惠民-数学分析习题课讲义答案 (甲乙).pdf,546,answer-pages/jia-yi-full/page-0546.jpg,1450,2051,F93F68627460203D6F4E44B8E066B141D1BB7DE2EE4D734DEAFD93B64D09F067
jia-yi-full,谢惠民-数学分析习题课讲义答案 (甲乙).pdf,547,answer-pages/jia-yi-full/page-0547.jpg,1450,2051,7B6FC8D716123ABBF8EDCFA7304296E0F3F3C8F429D4621FF106328ED43D48FD
jia-yi-full,谢惠民-数学分析习题课讲义答案 (甲乙).pdf,548,answer-pages/jia-yi-full/page-0548.jpg,1450,2051,B1B0276CEFD53F7FF61491F2129E01595457702BE5E29219A6C31795174C350B
jia-yi-full,谢惠民-数学分析习题课讲义答案 (甲乙).pdf,549,answer-pages/jia-yi-full/page-0549.jpg,1450,2051,DE1824261198210B45234F7F4C9F01BE810D6D7E2F4A7EF5AC6A116B160CEF21
jia-yi-full,谢惠民-数学分析习题课讲义答案 (甲乙).pdf,550,answer-pages/jia-yi-full/page-0550.jpg,1450,2051,EA8B17A464D54C49304336196257997C8DA529290A27F23F8A27F22FFD063DDB
jia-yi-full,谢惠民-数学分析习题课讲义答案 (甲乙).pdf,551,answer-pages/jia-yi-full/page-0551.jpg,1450,2051,E20FDD45EDA8DCCE87E0FE7E3609BD83A173B0976EC410214E504DCEAF80D66E
jia-yi-full,谢惠民-数学分析习题课讲义答案 (甲乙).pdf,552,answer-pages/jia-yi-full/page-0552.jpg,1450,2051,8D48877339025A4A04EB8BFCD7C629A7A0C514822014CF5DA68F7FB100A5A0C9
jia-yi-full,谢惠民-数学分析习题课讲义答案 (甲乙).pdf,553,answer-pages/jia-yi-full/page-0553.jpg,1450,2051,E78E043E433F7DE47A927F5399DD025BE551D9BB39E6C38E0D4570BA5EFE8252
jia-yi-full,谢惠民-数学分析习题课讲义答案 (甲乙).pdf,554,answer-pages/jia-yi-full/page-0554.jpg,1450,2051,10220DE3DE35C08488AD911C8CA0616946D5C9178CFF815DD29F58CE2C777362
jia-yi-full,谢惠民-数学分析习题课讲义答案 (甲乙).pdf,555,answer-pages/jia-yi-full/page-0555.jpg,1450,2051,3E306957216F75E5D3F3B912DE7949B6F38263A056E018F8FDE9602CE027DCA5
jia-yi-full,谢惠民-数学分析习题课讲义答案 (甲乙).pdf,556,answer-pages/jia-yi-full/page-0556.jpg,1450,2051,9186481EB657133A74022368C3B22737CD8D3CCF398E1F34F8767070BE8027DA
jia-yi-full,谢惠民-数学分析习题课讲义答案 (甲乙).pdf,557,answer-pages/jia-yi-full/page-0557.jpg,1450,2051,6C5F5CBBDB50B898D2BB8B1AD8725C014941057FBD220618052C1472F4D478DD
jia-yi-full,谢惠民-数学分析习题课讲义答案 (甲乙).pdf,558,answer-pages/jia-yi-full/page-0558.jpg,1450,2051,8653C0277F278995F36CAF42D45534666239650350805009971B3FB70D8BDD15
jia-yi-full,谢惠民-数学分析习题课讲义答案 (甲乙).pdf,559,answer-pages/jia-yi-full/page-0559.jpg,1450,2051,BA7FB99DE5F58258155F6661D4D249B4451ED610C7E50462DEDA738E6B684092
jia-yi-full,谢惠民-数学分析习题课讲义答案 (甲乙).pdf,560,answer-pages/jia-yi-full/page-0560.jpg,1450,2051,0784125EE370EC25E4997E2325ED647962C224886AE6005C6E3109D075C3AB13
jia-yi-full,谢惠民-数学分析习题课讲义答案 (甲乙).pdf,561,answer-pages/jia-yi-full/page-0561.jpg,1450,2051,8D90D71722290F85097BE9A546621FEE9669098B850666A391E43210B2FDB7C3
jia-yi-full,谢惠民-数学分析习题课讲义答案 (甲乙).pdf,562,answer-pages/jia-yi-full/page-0562.jpg,1450,2051,6765B980CA72C9D7FE5D0BC2A83C0D48C5B1B729BED3A463AA40C2C1202726DF
jia-yi-full,谢惠民-数学分析习题课讲义答案 (甲乙).pdf,563,answer-pages/jia-yi-full/page-0563.jpg,1450,2051,815098FDE6169286EA2C007B3C4C91FCB7A0A793F78EB7745E50694F774EAD9C
jia-yi-full,谢惠民-数学分析习题课讲义答案 (甲乙).pdf,564,answer-pages/jia-yi-full/page-0564.jpg,1450,2051,C6CC5C757BC046FFD31F2B06049869F545D020F224B274D7A99613F83EB4161F
jia-yi-full,谢惠民-数学分析习题课讲义答案 (甲乙).pdf,565,answer-pages/jia-yi-full/page-0565.jpg,1450,2051,EA8D9B38B935CFE0F7FE20750B57932CAA8F17AB79EE2A1138833E3E20AC64E1
jia-yi-full,谢惠民-数学分析习题课讲义答案 (甲乙).pdf,566,answer-pages/jia-yi-full/page-0566.jpg,1450,2051,187B290BB0831EBDBB7FAC8B72A96695FEC560ABB91C0295113084D0B0850BCF
jia-yi-full,谢惠民-数学分析习题课讲义答案 (甲乙).pdf,567,answer-pages/jia-yi-full/page-0567.jpg,1450,2051,E6F931CBC81CFDD16A47A999B042022009ACBA9CAEF5663117C4AEF2FCB82FAA
jia-yi-full,谢惠民-数学分析习题课讲义答案 (甲乙).pdf,568,answer-pages/jia-yi-full/page-0568.jpg,1450,2051,ECC3437912C271DF39D91A2302A8FE2C5B080AFF8F21D5BB29E7BEC3F59A6B52
jia-yi-full,谢惠民-数学分析习题课讲义答案 (甲乙).pdf,569,answer-pages/jia-yi-full/page-0569.jpg,1450,2051,71AAA1BDD2832A7CAA3EB2426D918ED3B9337E0585B8952B3202193615DDE8BB
jia-yi-full,谢惠民-数学分析习题课讲义答案 (甲乙).pdf,570,answer-pages/jia-yi-full/page-0570.jpg,1450,2051,262417657D144D7A75849BB2FBF5B5DB826C5D0913911BE00604338E7A084A1E
jia-yi-full,谢惠民-数学分析习题课讲义答案 (甲乙).pdf,571,answer-pages/jia-yi-full/page-0571.jpg,1450,2051,35CC9534DB7C5B2BCD13962F3BAE18306775BFBD1D043D0B4A92BE148FB9CE77
jia-yi-full,谢惠民-数学分析习题课讲义答案 (甲乙).pdf,572,answer-pages/jia-yi-full/page-0572.jpg,1450,2051,69AF2394AFBD998ED3C948F11AAE74724698EDC13D26A78494F936A5E925763F
jia-yi-full,谢惠民-数学分析习题课讲义答案 (甲乙).pdf,573,answer-pages/jia-yi-full/page-0573.jpg,1450,2051,9D2EAE4F80B2B98DBD4398832BE04D61B653B4AD68AA9F41C2D69BEA050DFF05
jia-yi-full,谢惠民-数学分析习题课讲义答案 (甲乙).pdf,574,answer-pages/jia-yi-full/page-0574.jpg,1450,2051,A97B28AC50C2C33091A44AD872B9E0CBBE03AC58DDBFB8741D83B95D719167E3
jia-yi-full,谢惠民-数学分析习题课讲义答案 (甲乙).pdf,575,answer-pages/jia-yi-full/page-0575.jpg,1450,2051,7EC1C8E66526C253B187E36440BB961681109A2B09472F590B54095FE158C1B3
jia-yi-full,谢惠民-数学分析习题课讲义答案 (甲乙).pdf,576,answer-pages/jia-yi-full/page-0576.jpg,1450,2051,9E6CE9BB1A44BEFF3BA39692380CEF5C05829659D5800DD40928379AFD096F57
jia-yi-full,谢惠民-数学分析习题课讲义答案 (甲乙).pdf,577,answer-pages/jia-yi-full/page-0577.jpg,1450,2051,B58AD24F7F1AD166205D21AEE9E7660951914D18226B898AE0A36C46E44C176D
jia-yi-full,谢惠民-数学分析习题课讲义答案 (甲乙).pdf,578,answer-pages/jia-yi-full/page-0578.jpg,1450,2051,7F467D03C65F4457A972339842B51CED5F528747BA2B8E09C5396004EDEF27B2
jia-yi-full,谢惠民-数学分析习题课讲义答案 (甲乙).pdf,579,answer-pages/jia-yi-full/page-0579.jpg,1450,2051,95C87A124B2B5720265731A0E7553668927E6D122D7743B4F867025DCC222D87
jia-yi-full,谢惠民-数学分析习题课讲义答案 (甲乙).pdf,580,answer-pages/jia-yi-full/page-0580.jpg,1450,2051,BA85A6C0C9FAA7643EDDA73053754BBF7880E88AF1370A2675D42A6C33207E65
jia-yi-full,谢惠民-数学分析习题课讲义答案 (甲乙).pdf,581,answer-pages/jia-yi-full/page-0581.jpg,1450,2051,14979AADFB07844A2D2C3F68664439B7C27442DD3D8C8A7CC0CDAB4F7E6D1F92
jia-yi-full,谢惠民-数学分析习题课讲义答案 (甲乙).pdf,582,answer-pages/jia-yi-full/page-0582.jpg,1450,2051,881FAF662910FA6CD37FA0F3CAC2582FA08DDBB6FF0222734555F8BF1B9C8E09
jia-yi-full,谢惠民-数学分析习题课讲义答案 (甲乙).pdf,583,answer-pages/jia-yi-full/page-0583.jpg,1450,2051,BE521CD98AC8AB6C880E0F1B46CE10F3E401B6F6CD2334D5FF8F7742AAF7DE61
jia-yi-full,谢惠民-数学分析习题课讲义答案 (甲乙).pdf,584,answer-pages/jia-yi-full/page-0584.jpg,1450,2051,D42DFC85BB920BEFB9AA58931F6CE2BFBE1CF11873F38147AEFD1E8CD0CC8B8A
jia-yi-full,谢惠民-数学分析习题课讲义答案 (甲乙).pdf,585,answer-pages/jia-yi-full/page-0585.jpg,1450,2051,1FE4B8CE87D5E121ACF5C2AFE3663853E89A895EF28E35E8390FA80F5E0B9C4E
jia-yi-full,谢惠民-数学分析习题课讲义答案 (甲乙).pdf,586,answer-pages/jia-yi-full/page-0586.jpg,1450,2051,8FD4929A3B98156E6E49B10D187A602240B21C761665DB7F08F7F2899C5845D9
jia-yi-full,谢惠民-数学分析习题课讲义答案 (甲乙).pdf,587,answer-pages/jia-yi-full/page-0587.jpg,1450,2051,5E0F5505F9444B70F451A141487F6A52A95A455E3C2CB5976D398B70F3CFA351
jia-yi-full,谢惠民-数学分析习题课讲义答案 (甲乙).pdf,588,answer-pages/jia-yi-full/page-0588.jpg,1450,2051,E7E5E6669A634CD42608316A3FA172045273B542844AB66D66598A0A810DA058
jia-yi-full,谢惠民-数学分析习题课讲义答案 (甲乙).pdf,589,answer-pages/jia-yi-full/page-0589.jpg,1450,2051,D339B4E55FD93445EBF20FEDE6C597681CB4FDF3E6108A2653ED3D056F0B2B15
jia-yi-full,谢惠民-数学分析习题课讲义答案 (甲乙).pdf,590,answer-pages/jia-yi-full/page-0590.jpg,1450,2051,E3494D0F1D13BB38CF8716BD66586070DE82F6336572A2BBB44F950EA604C209
jia-yi-full,谢惠民-数学分析习题课讲义答案 (甲乙).pdf,591,answer-pages/jia-yi-full/page-0591.jpg,1450,2051,266AA3DE9977D6BAB8E26E8D12910E6D93AB74460834EDE2308CFC1ABBFBCD8C
jia-yi-full,谢惠民-数学分析习题课讲义答案 (甲乙).pdf,592,answer-pages/jia-yi-full/page-0592.jpg,1450,2051,22E4F1E97E3EAB5FEAC4CCEA32933DB4AB710FB64F9AEC0B4C2D6D3C42037578
jia-yi-full,谢惠民-数学分析习题课讲义答案 (甲乙).pdf,593,answer-pages/jia-yi-full/page-0593.jpg,1450,2051,FF8241F8BDD37189EF94E3C1718C4001187A751D224FE1323CFF16C273890E50
jia-yi-full,谢惠民-数学分析习题课讲义答案 (甲乙).pdf,594,answer-pages/jia-yi-full/page-0594.jpg,1450,2051,C35EF37CA1F2E9AF11E27E84CEDB78ACAA3746F2C3C8284ABAD3DB0A16B3C1C4
jia-yi-full,谢惠民-数学分析习题课讲义答案 (甲乙).pdf,595,answer-pages/jia-yi-full/page-0595.jpg,1450,2051,16B0CB903A97B0FD54455DCC65CDE2655CD4C20EFFBC89B942BB6D7CF4924095
jia-yi-full,谢惠民-数学分析习题课讲义答案 (甲乙).pdf,596,answer-pages/jia-yi-full/page-0596.jpg,1450,2051,3039CF8BF88D0579F869681D1DC0D1374B2D5848F63954C2FCB09CD71FC5B446
jia-yi-full,谢惠民-数学分析习题课讲义答案 (甲乙).pdf,597,answer-pages/jia-yi-full/page-0597.jpg,1450,2051,C0BF3A19C4B58330496679AF8B143FF68F2204181C6B7E98E9CB79DCDB98CC9A
jia-yi-full,谢惠民-数学分析习题课讲义答案 (甲乙).pdf,598,answer-pages/jia-yi-full/page-0598.jpg,1450,2051,C4BB5B2E394DDD9D0A0C498F1326844C39FC199A0025D187040B08BD3E6D6665
jia-yi-full,谢惠民-数学分析习题课讲义答案 (甲乙).pdf,599,answer-pages/jia-yi-full/page-0599.jpg,1450,2051,47091920486C9CF8014B7B78E8BB699983802F5108C0D47714FA44341E52BBA8
jia-yi-full,谢惠民-数学分析习题课讲义答案 (甲乙).pdf,600,answer-pages/jia-yi-full/page-0600.jpg,1450,2051,68390B9648F3D6DF5DE045CA4F153555CBA3E388B1EA826A52211A4755A4D8F7
jia-yi-full,谢惠民-数学分析习题课讲义答案 (甲乙).pdf,601,answer-pages/jia-yi-full/page-0601.jpg,1450,2051,A856618BB27807D49EC38409FA66F8060D37ADFBCAC12E558AA1F457C4B5F52B
jia-yi-full,谢惠民-数学分析习题课讲义答案 (甲乙).pdf,602,answer-pages/jia-yi-full/page-0602.jpg,1450,2051,552A32C8B79479AAC4E743771EAB4DF92C5F60A1D359D8D01F532BD89A962E01
jia-yi-full,谢惠民-数学分析习题课讲义答案 (甲乙).pdf,603,answer-pages/jia-yi-full/page-0603.jpg,1450,2051,34E1F2C35D7C1109F29620116E13BAEFFA9846276EFDB799A6EA0C535984475C
jia-yi-full,谢惠民-数学分析习题课讲义答案 (甲乙).pdf,604,answer-pages/jia-yi-full/page-0604.jpg,1450,2051,2AAFEF3D60C482EE5AB431E72DDFD2D5D4823F88596600871C63F59F26EDBB8A
jia-yi-full,谢惠民-数学分析习题课讲义答案 (甲乙).pdf,605,answer-pages/jia-yi-full/page-0605.jpg,1450,2051,64C978459E2352D8AF94726AC57B36DCC59A5361758DDC3B5BDC786D44E8B47D
jia-yi-full,谢惠民-数学分析习题课讲义答案 (甲乙).pdf,606,answer-pages/jia-yi-full/page-0606.jpg,1450,2051,2DBC2E64B30EDB636CFDADD22DEB63909F0BC090027C10566805B634E30BCE8C
jia-yi-full,谢惠民-数学分析习题课讲义答案 (甲乙).pdf,607,answer-pages/jia-yi-full/page-0607.jpg,1450,2051,8941DA4CE7B994866038C8D4BAAB47F03AFA7CB079021DFC1DBBFC7DC8B6F663
jia-yi-full,谢惠民-数学分析习题课讲义答案 (甲乙).pdf,608,answer-pages/jia-yi-full/page-0608.jpg,1450,2051,5D1357A66701AC8C8B3DD45FA88F70CB24E7CC944DA58844D432235AA5B35659
jia-yi-full,谢惠民-数学分析习题课讲义答案 (甲乙).pdf,609,answer-pages/jia-yi-full/page-0609.jpg,1450,2051,0D46014C3CEFD40C2CEF473CD902E38980DF20948F46E1B5E8AE1A2211F9890A
jia-yi-full,谢惠民-数学分析习题课讲义答案 (甲乙).pdf,610,answer-pages/jia-yi-full/page-0610.jpg,1450,2051,6CB1578CB1DB56CE8A08BC65632ED65552BB81D557E605FF15F5475A5807A704
jia-yi-full,谢惠民-数学分析习题课讲义答案 (甲乙).pdf,611,answer-pages/jia-yi-full/page-0611.jpg,1450,2051,AB2E827D4D142DD5FCEEAFEB1C8F1CD15DD05D7FC56291CD21ED69DE7AB369C7
jia-yi-full,谢惠民-数学分析习题课讲义答案 (甲乙).pdf,612,answer-pages/jia-yi-full/page-0612.jpg,1450,2051,FE2E806B82339B9C3083A71E043985B3DAC8CD7D3FF9967BE84799B314A8DCEC
jia-yi-full,谢惠民-数学分析习题课讲义答案 (甲乙).pdf,613,answer-pages/jia-yi-full/page-0613.jpg,1450,2051,4F442F169A0D224242E6352ABCE67E07C7B458A3D1B5625D2B4B8DBD85185D20
jia-yi-full,谢惠民-数学分析习题课讲义答案 (甲乙).pdf,614,answer-pages/jia-yi-full/page-0614.jpg,1450,2051,70C237C9C81683421B875696D2BCDB33D2CFC75E920AEFCE3C558452CF0D1684
jia-yi-full,谢惠民-数学分析习题课讲义答案 (甲乙).pdf,615,answer-pages/jia-yi-full/page-0615.jpg,1450,2051,A2A2FE7C498DD074E513EDCEDDB72FB61DF6FF175F32EFC9F0CAFAF36191C317
jia-yi-full,谢惠民-数学分析习题课讲义答案 (甲乙).pdf,616,answer-pages/jia-yi-full/page-0616.jpg,1450,2051,BE049F67AC0A25FE49878C7D2C9F9183BBA1A60223EB9F47C550AB2B0AFDEDDD
jia-yi-full,谢惠民-数学分析习题课讲义答案 (甲乙).pdf,617,answer-pages/jia-yi-full/page-0617.jpg,1450,2051,533E90BD392C734A6191B1EFBCE9BF72A62B03B500F77A539C979D90A39E39C1
jia-yi-full,谢惠民-数学分析习题课讲义答案 (甲乙).pdf,618,answer-pages/jia-yi-full/page-0618.jpg,1450,2051,EF2FE9CD07AB0CD76DBB5000A49CC055DB3BFD0AAA139A71FFBB439DBE50D0AB
jia-yi-full,谢惠民-数学分析习题课讲义答案 (甲乙).pdf,619,answer-pages/jia-yi-full/page-0619.jpg,1450,2051,DE3A9D03CE65D7C96AF4F3FB141B5BE5E76A6E004F95A52619D2868603B15604
jia-yi-full,谢惠民-数学分析习题课讲义答案 (甲乙).pdf,620,answer-pages/jia-yi-full/page-0620.jpg,1450,2051,0C87714367838886A27210FC820484CDE95E75DF0294644E654BC0F8F3E5414A
jia-yi-full,谢惠民-数学分析习题课讲义答案 (甲乙).pdf,621,answer-pages/jia-yi-full/page-0621.jpg,1450,2051,D6AB52DA86363CF2D630ACB48E612926014C68A404205DF8480F002E22DDB71F
jia-yi-full,谢惠民-数学分析习题课讲义答案 (甲乙).pdf,622,answer-pages/jia-yi-full/page-0622.jpg,1450,2051,2A1254609D0D7A6B4FBB90DE1A7B950D1CB097B47DA4928F415147FA627191E2
jia-yi-full,谢惠民-数学分析习题课讲义答案 (甲乙).pdf,623,answer-pages/jia-yi-full/page-0623.jpg,1450,2051,C7F43F4F9D2E01FE848AD80ED217CBE0723BC078368897984E6E5BE7F67D1D76
jia-yi-full,谢惠民-数学分析习题课讲义答案 (甲乙).pdf,624,answer-pages/jia-yi-full/page-0624.jpg,1450,2051,79AB842189D9490815244BF494C6479D63C5FB677594328CECAA358DF477BFD3
jia-yi-full,谢惠民-数学分析习题课讲义答案 (甲乙).pdf,625,answer-pages/jia-yi-full/page-0625.jpg,1450,2051,705B206221DA078B79B4593EB64E491C2A09BFDB18F7B422BE0EE5DB911B399F
jia-yi-full,谢惠民-数学分析习题课讲义答案 (甲乙).pdf,626,answer-pages/jia-yi-full/page-0626.jpg,1450,2051,33938DF34AA56F33FCE2989E962E7A05EFCCA487D41B9A2E80B442E7829A999F
jia-yi-full,谢惠民-数学分析习题课讲义答案 (甲乙).pdf,627,answer-pages/jia-yi-full/page-0627.jpg,1450,2051,357FE440F8258987D95DB4CBAAE996E391A57021380FC58FB4A3AC2947D37F0F
jia-yi-full,谢惠民-数学分析习题课讲义答案 (甲乙).pdf,628,answer-pages/jia-yi-full/page-0628.jpg,1450,2051,6DB8C372D72B5FBF8F712A0FD991C6741584207B3D575F514DC95680A2E20CBB
jia-yi-full,谢惠民-数学分析习题课讲义答案 (甲乙).pdf,629,answer-pages/jia-yi-full/page-0629.jpg,1450,2051,591022CAA443311A8A1BADD4638B0FF6E74425C9B1071D02335C63FBD1C603E9
jia-yi-full,谢惠民-数学分析习题课讲义答案 (甲乙).pdf,630,answer-pages/jia-yi-full/page-0630.jpg,1450,2051,6D9AF7FC5001E7889E805D4D6C309CB2C2B41CAFEE2D67C25CE88847531DC190
jia-yi-full,谢惠民-数学分析习题课讲义答案 (甲乙).pdf,631,answer-pages/jia-yi-full/page-0631.jpg,1450,2051,294524088178C4CF91AF8CA8EAE357E3A48B0C653765C155086D80BE3C1D87A4
jia-yi-full,谢惠民-数学分析习题课讲义答案 (甲乙).pdf,632,answer-pages/jia-yi-full/page-0632.jpg,1450,2051,0ABF9B13FF7B71E72809E0DDB0BF80524D6D8709CBD4722A0E548D45CFDE6C26
jia-yi-full,谢惠民-数学分析习题课讲义答案 (甲乙).pdf,633,answer-pages/jia-yi-full/page-0633.jpg,1450,2051,7D26494801E7B8B70A10C0FB7E37850497D1C08E3373905253C06D46E0B1656F
jia-yi-full,谢惠民-数学分析习题课讲义答案 (甲乙).pdf,634,answer-pages/jia-yi-full/page-0634.jpg,1450,2051,528D8BF023910355A02133969FA0C3BBECF6E7D86AA7945525172AB60004DC29
jia-yi-full,谢惠民-数学分析习题课讲义答案 (甲乙).pdf,635,answer-pages/jia-yi-full/page-0635.jpg,1450,2051,4055583A30AA7844697406EDEA144D0F874704B7C9F070EC483A0A55B1AA2B87
jia-yi-full,谢惠民-数学分析习题课讲义答案 (甲乙).pdf,636,answer-pages/jia-yi-full/page-0636.jpg,1450,2051,4E7F7F1CA9D7B0B7D79F974AC6ADA6BDCCC6D02F093A7F9E1330D988CC4BB3E8
jia-yi-full,谢惠民-数学分析习题课讲义答案 (甲乙).pdf,637,answer-pages/jia-yi-full/page-0637.jpg,1450,2051,8A972970BFB3D3BF7BA2C7942C9F79ECF83D814DD7E2652DAF97BED2FD7C1080
jia-yi-full,谢惠民-数学分析习题课讲义答案 (甲乙).pdf,638,answer-pages/jia-yi-full/page-0638.jpg,1450,2051,A2CBE4048B792E7215160EFE0164D7E3748A48C8A8C5B8D5615F5D874392BCAA
jia-yi-full,谢惠民-数学分析习题课讲义答案 (甲乙).pdf,639,answer-pages/jia-yi-full/page-0639.jpg,1450,2051,99539D42377F69087C961912E969265E30ACC50C589D4D1DF2660EF4DCA5CB1C
jia-yi-full,谢惠民-数学分析习题课讲义答案 (甲乙).pdf,640,answer-pages/jia-yi-full/page-0640.jpg,1450,2051,6B60F6208356F690B21975BAE836E00F0BB887CFA1B08D1621B399F79C09C266
jia-yi-full,谢惠民-数学分析习题课讲义答案 (甲乙).pdf,641,answer-pages/jia-yi-full/page-0641.jpg,1450,2051,E31095ACA6B58B8707BC8E7B2BE63CD869276A9CC8E9A165A4C989B222AC09C9
jia-yi-full,谢惠民-数学分析习题课讲义答案 (甲乙).pdf,642,answer-pages/jia-yi-full/page-0642.jpg,1450,2051,C41D66B255A27B81A38E29EACEEAA43702324BCBFEA7CCD0770AE1EE70050826
jia-yi-full,谢惠民-数学分析习题课讲义答案 (甲乙).pdf,643,answer-pages/jia-yi-full/page-0643.jpg,1450,2051,51FDB48323D183B5BED1EC9A10C7FE03540C2BA902CAC5725EC9D23CC464F17A
jia-yi-full,谢惠民-数学分析习题课讲义答案 (甲乙).pdf,644,answer-pages/jia-yi-full/page-0644.jpg,1450,2051,5C2E5E2E1400B1472BB81F2D1F4F3F52A2D06B5884F7BCDD370CACF4B6605838
jia-yi-full,谢惠民-数学分析习题课讲义答案 (甲乙).pdf,645,answer-pages/jia-yi-full/page-0645.jpg,1450,2051,FCF9430A08516FEF625E149111C456C2410F4F9D7653AFA2E08B317565C1CD37
jia-yi-full,谢惠民-数学分析习题课讲义答案 (甲乙).pdf,646,answer-pages/jia-yi-full/page-0646.jpg,1450,2051,78BDFFF9DC90998258713363B983D65F29FC52A1908FF082A4B4C4802C272A9C
jia-yi-full,谢惠民-数学分析习题课讲义答案 (甲乙).pdf,647,answer-pages/jia-yi-full/page-0647.jpg,1450,2051,F0DBCAB12D95E8CD601164B389626B802650D406874A463F3E4810243233678C
jia-yi-full,谢惠民-数学分析习题课讲义答案 (甲乙).pdf,648,answer-pages/jia-yi-full/page-0648.jpg,1450,2051,C9FF7FB4F074D6B745E58C7C39E7A457496BF7A7435088FB8707AFA479D86709
jia-yi-full,谢惠民-数学分析习题课讲义答案 (甲乙).pdf,649,answer-pages/jia-yi-full/page-0649.jpg,1450,2051,E014AB2243B273E9357EBE4B771FB9B8EEB2252FF612018028C593D165F2B594
jia-yi-full,谢惠民-数学分析习题课讲义答案 (甲乙).pdf,650,answer-pages/jia-yi-full/page-0650.jpg,1450,2051,31811F29084091BC7A3B7255DE2FC7F68B842E75485DEF77A7ECCFC3C33E72AB
jia-yi-full,谢惠民-数学分析习题课讲义答案 (甲乙).pdf,651,answer-pages/jia-yi-full/page-0651.jpg,1450,2051,0A97D53E4C9626F0DF3D94556AAA9B418AEE3EEF8C6AF3BE4E5C7EF04C1DCB01
jia-yi-full,谢惠民-数学分析习题课讲义答案 (甲乙).pdf,652,answer-pages/jia-yi-full/page-0652.jpg,1450,2051,98A65E17E0C4097E6371ADC887479A932B6BDFEF3F94C321784492DC6C9E5DC7
jia-yi-full,谢惠民-数学分析习题课讲义答案 (甲乙).pdf,653,answer-pages/jia-yi-full/page-0653.jpg,1450,2051,6F20F57686FDE5BA47664211DF11141C92B389AE70DFD2AFD03CC8B122B33FE2
jia-yi-full,谢惠民-数学分析习题课讲义答案 (甲乙).pdf,654,answer-pages/jia-yi-full/page-0654.jpg,1450,2051,6B9BF57BC3404D6C7C76DA30505EE5F34EAFAA368D7C1982831B3B321E49A927
jia-yi-full,谢惠民-数学分析习题课讲义答案 (甲乙).pdf,655,answer-pages/jia-yi-full/page-0655.jpg,1450,2051,0DF675265C7EC743DF3D2F0F9A3781914904DBBE7AF6641ADDD49C2FB522419C
jia-yi-full,谢惠民-数学分析习题课讲义答案 (甲乙).pdf,656,answer-pages/jia-yi-full/page-0656.jpg,1450,2051,4819EBC713065272F02FF34DE5405F01384A4B75415D5CA71FF5B2AEA7DCF99A
jia-yi-full,谢惠民-数学分析习题课讲义答案 (甲乙).pdf,657,answer-pages/jia-yi-full/page-0657.jpg,1450,2051,BE5B6DD29A5F13AE20448A128BF256EF5BF50C31ECECDDDA1E592270C5871A5D
jia-yi-full,谢惠民-数学分析习题课讲义答案 (甲乙).pdf,658,answer-pages/jia-yi-full/page-0658.jpg,1450,2051,E563E3F2F8F577CED8E98670EA02873266890F93A1A86BE2251937894F0C487A
jia-yi-full,谢惠民-数学分析习题课讲义答案 (甲乙).pdf,659,answer-pages/jia-yi-full/page-0659.jpg,1450,2051,43372CFAF2FBBF7408D76103C1AE676E5D041A754D27676B3A78805345F1D7B6
jia-yi-full,谢惠民-数学分析习题课讲义答案 (甲乙).pdf,660,answer-pages/jia-yi-full/page-0660.jpg,1450,2051,82F0019299303802A1F4B14CAC7D53F060C38862F66A4B9424FEF68C39466C56
jia-yi-full,谢惠民-数学分析习题课讲义答案 (甲乙).pdf,661,answer-pages/jia-yi-full/page-0661.jpg,1450,2051,EE49D37EF3D7FD677A156454B7E6FEB228713D7B0E63CB4F58F492E8F117BD7D
jia-yi-full,谢惠民-数学分析习题课讲义答案 (甲乙).pdf,662,answer-pages/jia-yi-full/page-0662.jpg,1450,2051,087EDE1F13531354596D2A5C8B6A00D7C0F30364033B200ACBBF33134073765C
jia-yi-full,谢惠民-数学分析习题课讲义答案 (甲乙).pdf,663,answer-pages/jia-yi-full/page-0663.jpg,1450,2051,2CDB989A000FD23B77F5A6633F7A487B7583709057C7BE1777A2DD73B5C6DD49
jia-yi-full,谢惠民-数学分析习题课讲义答案 (甲乙).pdf,664,answer-pages/jia-yi-full/page-0664.jpg,1450,2051,52C3D483F6F0EEB77B956243A42FE3CADB653AFE9F8048C97B9E902843E6AF46
jia-yi-full,谢惠民-数学分析习题课讲义答案 (甲乙).pdf,665,answer-pages/jia-yi-full/page-0665.jpg,1450,2051,88D31F2DE9B8B12CD0E3CADEC85F84CBFA2578633EA621EE14B0F1539C3164B4
jia-yi-full,谢惠民-数学分析习题课讲义答案 (甲乙).pdf,666,answer-pages/jia-yi-full/page-0666.jpg,1450,2051,8401202DEE98671392D2F645DCC6951B4DE687A866B6BA53209D68EEF714B467
jia-yi-full,谢惠民-数学分析习题课讲义答案 (甲乙).pdf,667,answer-pages/jia-yi-full/page-0667.jpg,1450,2051,A5E1F48EBE555561136AC20642AA5BF8EC25540FE9F3BDF4F3767EDD22AF262A
jia-yi-full,谢惠民-数学分析习题课讲义答案 (甲乙).pdf,668,answer-pages/jia-yi-full/page-0668.jpg,1450,2051,2FCF23BE8F8CFEBA314D5DF4F434B012F0A0BF47A0D3CF59DEADA5C8B5A46D43
jia-yi-full,谢惠民-数学分析习题课讲义答案 (甲乙).pdf,669,answer-pages/jia-yi-full/page-0669.jpg,1450,2051,D0D8F3FB9355F515B877332DC4D17DDA99A1FF57571649B0F21292C5B7438683
jia-yi-full,谢惠民-数学分析习题课讲义答案 (甲乙).pdf,670,answer-pages/jia-yi-full/page-0670.jpg,1450,2051,1660EEBE1B175427819EBA4B25AF2F916DA0FDD1D3A0558AE7A66DECA7333425
jia-yi-full,谢惠民-数学分析习题课讲义答案 (甲乙).pdf,671,answer-pages/jia-yi-full/page-0671.jpg,1450,2051,90253534122BAD4D2F144C53270EB95D02B3FF95BF3456CD43AB52BE7701D314
xu-shun-upper,谢惠民上册答案.pdf,1,answer-pages/xu-shun-upper/page-0001.jpg,1450,2051,E47E25870999B2B6F9849F9BEED36D7B8A731741E9A6ABD7EAE3E4CA8A4DFD17
xu-shun-upper,谢惠民上册答案.pdf,2,answer-pages/xu-shun-upper/page-0002.jpg,1450,2051,EB3AAAEE1A9E4BE73E1A3272764EF63C255EDB1DAE2308C912976A60623AA47A
xu-shun-upper,谢惠民上册答案.pdf,3,answer-pages/xu-shun-upper/page-0003.jpg,1450,2051,6E97BC90A9BD0B94A767BA7AB1184766FC76BCAA28FA48A2737A4D5135CC8165
xu-shun-upper,谢惠民上册答案.pdf,4,answer-pages/xu-shun-upper/page-0004.jpg,1450,2051,93D6006031E8ADC64400FAF79DE9FA2E121FCA1F610E25780889ADFBF0596860
xu-shun-upper,谢惠民上册答案.pdf,5,answer-pages/xu-shun-upper/page-0005.jpg,1450,2051,8F88F9D5C104621FA34F9FDD16FC99B541CA25CD50B4A7F5DBC17AAEB121A2C7
xu-shun-upper,谢惠民上册答案.pdf,6,answer-pages/xu-shun-upper/page-0006.jpg,1450,2051,C19B27968E9C7D19ACB17242725219EC0E998CB6632161992E9B1111201607DB
xu-shun-upper,谢惠民上册答案.pdf,7,answer-pages/xu-shun-upper/page-0007.jpg,1450,2051,0E03A6CB3CBFAB3979EF6205AF23F5EFE73E5656AB0AECED567A183FB1BA8B7D
xu-shun-upper,谢惠民上册答案.pdf,8,answer-pages/xu-shun-upper/page-0008.jpg,1450,2051,7CE59043A9BDC537C3E9CD68EB28AE1745D0FD02973A6E15A4A31CF54C0D865C
xu-shun-upper,谢惠民上册答案.pdf,9,answer-pages/xu-shun-upper/page-0009.jpg,1450,2051,0E27720C850F47EC8A24E544A1CADAF8B87B20A21869E5EC12AD25EE8C36EF76
xu-shun-upper,谢惠民上册答案.pdf,10,answer-pages/xu-shun-upper/page-0010.jpg,1450,2051,BA6B22A904C44670FC8079DEBF8AAD14414E07A156216F40A0E4E46EA5903806
xu-shun-upper,谢惠民上册答案.pdf,11,answer-pages/xu-shun-upper/page-0011.jpg,1450,2051,B716B9C3DD240E65171A601A9010664B69B4E42980B05A21F417D9E54DC3ADB6
xu-shun-upper,谢惠民上册答案.pdf,12,answer-pages/xu-shun-upper/page-0012.jpg,1450,2051,E55C968AE61F890DE5FDFB095C72595A30A86E3BB9C5B005C59454A6BFB06AD6
xu-shun-upper,谢惠民上册答案.pdf,13,answer-pages/xu-shun-upper/page-0013.jpg,1450,2051,2AE8174614B305DDB5050C5B10B8FA7B7A77F44F8BFE30B4BFF9339C1B1BF100
xu-shun-upper,谢惠民上册答案.pdf,14,answer-pages/xu-shun-upper/page-0014.jpg,1450,2051,1F171CA18AE1B0696CEA4BBA72399EC0CFCA811CC3FAEAA34EEC5CCD9DC63277
xu-shun-upper,谢惠民上册答案.pdf,15,answer-pages/xu-shun-upper/page-0015.jpg,1450,2051,018EF8156BDFF19EB6195F8B0F7EC6CD151A73C0302C0CD566AC48B20D731E4E
xu-shun-upper,谢惠民上册答案.pdf,16,answer-pages/xu-shun-upper/page-0016.jpg,1450,2051,FF757E79AB4E7B633840A8AB604FAEE5C08DE4844317DE5B254B80E430CD80E1
xu-shun-upper,谢惠民上册答案.pdf,17,answer-pages/xu-shun-upper/page-0017.jpg,1450,2051,7DD93D910513A09E45088057B02ACBFF0C35DF3DC56508F7CE9CC751044BC326
xu-shun-upper,谢惠民上册答案.pdf,18,answer-pages/xu-shun-upper/page-0018.jpg,1450,2051,E5B031D661D06FC730A34B77928091C523974C5C33C299526B4F035B4023D030
xu-shun-upper,谢惠民上册答案.pdf,19,answer-pages/xu-shun-upper/page-0019.jpg,1450,2051,A231FDE49BC03E23206E09FA61FF650198D6F3264225FD8675EDDCF97B7DD8CF
xu-shun-upper,谢惠民上册答案.pdf,20,answer-pages/xu-shun-upper/page-0020.jpg,1450,2051,D3822DA02DD344C0D71965CC2C13F90F57AE163BB809458D4BCD545F1368E7E3
xu-shun-upper,谢惠民上册答案.pdf,21,answer-pages/xu-shun-upper/page-0021.jpg,1450,2051,9D45AAC0313CBF39628316B7A5BEE71F41E30C6F7033A747CE524641D4D9E628
xu-shun-upper,谢惠民上册答案.pdf,22,answer-pages/xu-shun-upper/page-0022.jpg,1450,2051,D89488FD17C4B0CB88D66A496A27721DB8628717CF9C35CBF69E4EA9C78B00B5
xu-shun-upper,谢惠民上册答案.pdf,23,answer-pages/xu-shun-upper/page-0023.jpg,1450,2051,49FCF50F14C3CC03DC9266FEE0800945D384BC0756953586891F49A54E9806F7
xu-shun-upper,谢惠民上册答案.pdf,24,answer-pages/xu-shun-upper/page-0024.jpg,1450,2051,05BFF84C4BC5847F1241A259ADFCBCFA3945A4825C4758458BE6F425C816A5FD
xu-shun-upper,谢惠民上册答案.pdf,25,answer-pages/xu-shun-upper/page-0025.jpg,1450,2051,5F09C5040FD9C429C0259C777F8BE466DCFABDC48772CAF0F09F4197A10B6574
xu-shun-upper,谢惠民上册答案.pdf,26,answer-pages/xu-shun-upper/page-0026.jpg,1450,2051,A726E0A9C7DBE9D614E121ED32BDDE0DC10D3476B1583CE05007CDFFD245E749
xu-shun-upper,谢惠民上册答案.pdf,27,answer-pages/xu-shun-upper/page-0027.jpg,1450,2051,F79E8FB3D3781272B087843349E0D4E13AD446B47BDDB7654B629F6149402E2D
xu-shun-upper,谢惠民上册答案.pdf,28,answer-pages/xu-shun-upper/page-0028.jpg,1450,2051,A9BBD8392A6CF95CBD74004395586BF805B97AAA51F927112B2E820205104C40
xu-shun-upper,谢惠民上册答案.pdf,29,answer-pages/xu-shun-upper/page-0029.jpg,1450,2051,45ECFC5548A4DC5A9294EB10721429E14177998C7275263F2F83DABB83CC6E06
xu-shun-upper,谢惠民上册答案.pdf,30,answer-pages/xu-shun-upper/page-0030.jpg,1450,2051,F1FB69155363F380CC4C2C9904902F4512448BDC0BD6CAAE8570AC0E109A9835
xu-shun-upper,谢惠民上册答案.pdf,31,answer-pages/xu-shun-upper/page-0031.jpg,1450,2051,E70E65FD7552639E36587A515338D116D741352385E4912D8670FA07D145F67A
xu-shun-upper,谢惠民上册答案.pdf,32,answer-pages/xu-shun-upper/page-0032.jpg,1450,2051,F95A4C30B2B93D195B4FEE5D165599D01D096909A2FEB3119F8303D160368C0F
xu-shun-upper,谢惠民上册答案.pdf,33,answer-pages/xu-shun-upper/page-0033.jpg,1450,2051,D4F2A5780B9A910FC9E841E86255DC6E850AE32991179558947FB62CA4EC41FF
xu-shun-upper,谢惠民上册答案.pdf,34,answer-pages/xu-shun-upper/page-0034.jpg,1450,2051,5E4C64FD676D4DB6C0B1F5239757256DE4210CA2021D1CA9C354922467780DC7
xu-shun-upper,谢惠民上册答案.pdf,35,answer-pages/xu-shun-upper/page-0035.jpg,1450,2051,A70017E3FA83F60637BE4871E921D91EB15352212AFA8AE72D677BE74A4161EA
xu-shun-upper,谢惠民上册答案.pdf,36,answer-pages/xu-shun-upper/page-0036.jpg,1450,2051,3FBDEA3A1DB6CC88C2F245D1AFC5A618C65AE8D03448B03EBF7C07AA4A5241EB
xu-shun-upper,谢惠民上册答案.pdf,37,answer-pages/xu-shun-upper/page-0037.jpg,1450,2051,433942154C0DCDADB3925711596A96221FEFCE1179C1163E773F5E854E11C6FC
xu-shun-upper,谢惠民上册答案.pdf,38,answer-pages/xu-shun-upper/page-0038.jpg,1450,2051,4068F5683B664A321B494C7C4611BA74F6A845341F7004ED4A8A7EA7877CA139
xu-shun-upper,谢惠民上册答案.pdf,39,answer-pages/xu-shun-upper/page-0039.jpg,1450,2051,2F4D809F8304F8FCF8A253553105EF9BD89F1611D4E76D756D0AF7FAA3E4B22F
xu-shun-upper,谢惠民上册答案.pdf,40,answer-pages/xu-shun-upper/page-0040.jpg,1450,2051,BDADC212126F04D1E2F2B78EED6DE510A331B8F69F0D34BC3298491159B68025
xu-shun-upper,谢惠民上册答案.pdf,41,answer-pages/xu-shun-upper/page-0041.jpg,1450,2051,1B2EAE8D6A0B73E7C89A545FBE75EB13730CA0798730D4BC92D774C6BB3E0A2A
xu-shun-upper,谢惠民上册答案.pdf,42,answer-pages/xu-shun-upper/page-0042.jpg,1450,2051,DCAFEC93D08565526632B0209C45BBBDB550340E820508D02A2E982DB765A6D0
xu-shun-upper,谢惠民上册答案.pdf,43,answer-pages/xu-shun-upper/page-0043.jpg,1450,2051,3773A0BD884FFF71A12E55D473199834F1C1FC825DE7FC6FFAA213DFA09161E4
xu-shun-upper,谢惠民上册答案.pdf,44,answer-pages/xu-shun-upper/page-0044.jpg,1450,2051,43059A1C854E7C17A0F2242D0117925B6191F7A373189956CB0136A8EFF5BB66
xu-shun-upper,谢惠民上册答案.pdf,45,answer-pages/xu-shun-upper/page-0045.jpg,1450,2051,86E976BBF0332F7C6E2B7807754930FEAA7EA39C9C885D214E73CED6BEDA268C
xu-shun-upper,谢惠民上册答案.pdf,46,answer-pages/xu-shun-upper/page-0046.jpg,1450,2051,73BC3319A059291C2B1F67B8A1701E54E48A6B7FB1F7B1ECF507B484AEA5DAB9
xu-shun-upper,谢惠民上册答案.pdf,47,answer-pages/xu-shun-upper/page-0047.jpg,1450,2051,68143288914ABD8FD5EF61B1F1F531AF6AE6E9B6D06572ABF0B5E9C862F5FF6D
xu-shun-upper,谢惠民上册答案.pdf,48,answer-pages/xu-shun-upper/page-0048.jpg,1450,2051,DC4AC6237224C5ED4C4F804F88B6C63748C9A011B2EDE77F7192BB8BC2B2B213
xu-shun-upper,谢惠民上册答案.pdf,49,answer-pages/xu-shun-upper/page-0049.jpg,1450,2051,87CB8923ADE1D67F014A369D68996A376839A975595CD8EB0EE57ED3E9D871D7
xu-shun-upper,谢惠民上册答案.pdf,50,answer-pages/xu-shun-upper/page-0050.jpg,1450,2051,B7582279DBB362A92F71E763EB8407124E4A4ABADAB178E4B2A1FA7D35EAE55C
xu-shun-upper,谢惠民上册答案.pdf,51,answer-pages/xu-shun-upper/page-0051.jpg,1450,2051,552EC7EFC021CF1E51DD432A74EE17DE010D65834755442AC42E3F2A5CAE72F8
xu-shun-upper,谢惠民上册答案.pdf,52,answer-pages/xu-shun-upper/page-0052.jpg,1450,2051,E97A3F91A3DB5051927EB812F198292D3A458C4899C3ED7E8D238DDCB870E80D
xu-shun-upper,谢惠民上册答案.pdf,53,answer-pages/xu-shun-upper/page-0053.jpg,1450,2051,5BA8FBF4E21189DAAA312EFCED5AE1E3D0C9BA0356FFD51BE278BA7614068163
xu-shun-upper,谢惠民上册答案.pdf,54,answer-pages/xu-shun-upper/page-0054.jpg,1450,2051,5938E1D9EF8F27F3CD065FF91BF9A7833B9CAE36927F2C5753B623629E1C4044
xu-shun-upper,谢惠民上册答案.pdf,55,answer-pages/xu-shun-upper/page-0055.jpg,1450,2051,B15AA3FA1AB78E6E7B34F201AD665FBA8454C2D16638CA174C3E0F34D435FD1D
xu-shun-upper,谢惠民上册答案.pdf,56,answer-pages/xu-shun-upper/page-0056.jpg,1450,2051,125BCB76C5284C7E649CA49B95CB6236E1D44A469D75B4A6DCFE2AD54D126C78
xu-shun-upper,谢惠民上册答案.pdf,57,answer-pages/xu-shun-upper/page-0057.jpg,1450,2051,76821F5503A663501EA48A6A9E3AD99F1ACEB28C063CF1ADC464ABE943A38A31
xu-shun-upper,谢惠民上册答案.pdf,58,answer-pages/xu-shun-upper/page-0058.jpg,1450,2051,B84EB165CE4332C25668DD435E42416067DBC2B917B29F3B3D6DCE92A2F53277
xu-shun-upper,谢惠民上册答案.pdf,59,answer-pages/xu-shun-upper/page-0059.jpg,1450,2051,EA9DF916D976E71FA89612F0F56719A9F546DC0F79A74C99F516142D4D9C0221
xu-shun-upper,谢惠民上册答案.pdf,60,answer-pages/xu-shun-upper/page-0060.jpg,1450,2051,3F8851FD0E77A9CFB083C3C4D4064E50D1BEF84C963B63EDACCF83B22CBB752B
xu-shun-upper,谢惠民上册答案.pdf,61,answer-pages/xu-shun-upper/page-0061.jpg,1450,2051,EF58B03635F168C48A35918B9397CAAF439CC12E57AB179E0B089F5EA4A5E056
xu-shun-upper,谢惠民上册答案.pdf,62,answer-pages/xu-shun-upper/page-0062.jpg,1450,2051,ED8696E385E24E705C49F93E21440A3B0810D535A0DB294010F7A7DD998303CC
xu-shun-upper,谢惠民上册答案.pdf,63,answer-pages/xu-shun-upper/page-0063.jpg,1450,2051,04C0CE99AB6364EAA886FA1FD9D13139FDDB6FFB18B4C07F504408F9B3C00BA0
xu-shun-upper,谢惠民上册答案.pdf,64,answer-pages/xu-shun-upper/page-0064.jpg,1450,2051,B4666CC57ED4C60C1E9748F60A000837BE7264E63351437054049D00D4A3CA74
xu-shun-upper,谢惠民上册答案.pdf,65,answer-pages/xu-shun-upper/page-0065.jpg,1450,2051,93608D05B2E8C2A9608687A3BC855CA23DF9EB54F86892CB774F78F50437AC4E
xu-shun-upper,谢惠民上册答案.pdf,66,answer-pages/xu-shun-upper/page-0066.jpg,1450,2051,B1A28AC124CB214365951FEBF0443FBBE58AFF504147C1B736462D2F967021CB
xu-shun-upper,谢惠民上册答案.pdf,67,answer-pages/xu-shun-upper/page-0067.jpg,1450,2051,074A97AFE89B5CE6156A11B6F25F9791F26F01514424B086889BFE3DBD203B4C
xu-shun-upper,谢惠民上册答案.pdf,68,answer-pages/xu-shun-upper/page-0068.jpg,1450,2051,FFB98AA0266C6219A26876600D281F6C84E629E2931732E356388B9B1BE7442B
xu-shun-upper,谢惠民上册答案.pdf,69,answer-pages/xu-shun-upper/page-0069.jpg,1450,2051,F93E442E070EEB363DDC2473E62AD0DFA33300637EE777C17D026A2481BE7DB2
xu-shun-upper,谢惠民上册答案.pdf,70,answer-pages/xu-shun-upper/page-0070.jpg,1450,2051,3EB0D92C5B7B660BC05FA1D3D9057B3DE2B078F83771A2340055E61145B68D14
xu-shun-upper,谢惠民上册答案.pdf,71,answer-pages/xu-shun-upper/page-0071.jpg,1450,2051,63E9D52E3D843BCB5FE01543525EC8EC287CF4ED2387736B31D0C2CC69F72CB5
xu-shun-upper,谢惠民上册答案.pdf,72,answer-pages/xu-shun-upper/page-0072.jpg,1450,2051,5D74DF411BBA3CC8DAA7DAEF01C4C747F6C988606FE82849F720279B8D80921D
xu-shun-upper,谢惠民上册答案.pdf,73,answer-pages/xu-shun-upper/page-0073.jpg,1450,2051,0EA6A46748F0B1943067C60DCE672E3DFDFFC2DA21B7CD4774B99889C4B2BCFA
xu-shun-upper,谢惠民上册答案.pdf,74,answer-pages/xu-shun-upper/page-0074.jpg,1450,2051,9EC507819E6E589FCAB3DF327B346DFF4007A46F92D698624F86922E8AB27307
xu-shun-upper,谢惠民上册答案.pdf,75,answer-pages/xu-shun-upper/page-0075.jpg,1450,2051,2EDC73F0D95DED9EBD77B8D2C068BD658D0B8819FCAABD02A9FB6A4F8C962A79
xu-shun-upper,谢惠民上册答案.pdf,76,answer-pages/xu-shun-upper/page-0076.jpg,1450,2051,3BA3A4FDE46ED0CA22B3D2D7D47E93958B11EBDDD1E23D1E7C6E595DF36CD4E4
xu-shun-upper,谢惠民上册答案.pdf,77,answer-pages/xu-shun-upper/page-0077.jpg,1450,2051,9150BA7F079AB8D699B8CA5A8F3C35C677CC3AA263347417150F738BAEA67CD4
xu-shun-upper,谢惠民上册答案.pdf,78,answer-pages/xu-shun-upper/page-0078.jpg,1450,2051,688677D6E6548986B48F48BFAA21C28A2C7244DF72465E91D1FE651B287E0CF3
xu-shun-upper,谢惠民上册答案.pdf,79,answer-pages/xu-shun-upper/page-0079.jpg,1450,2051,851EE45E0006581CFEB414B99C8C9B84984431D10FF14AE00B8B7A6C7399813C
xu-shun-upper,谢惠民上册答案.pdf,80,answer-pages/xu-shun-upper/page-0080.jpg,1450,2051,9F8964A2DED7DAF4868579DA467DFF9096B2B7D1396D205BE72868FFC4BA80F1
xu-shun-upper,谢惠民上册答案.pdf,81,answer-pages/xu-shun-upper/page-0081.jpg,1450,2051,1AB9141842097D4BA04D93204EFC16443D827400E97D5E56B601A67C1A5E7B5B
xu-shun-upper,谢惠民上册答案.pdf,82,answer-pages/xu-shun-upper/page-0082.jpg,1450,2051,770ABCAC92D2DC5D68DF4FF194E5C39397D937D84F67E87B77E2982FB957D244
xu-shun-upper,谢惠民上册答案.pdf,83,answer-pages/xu-shun-upper/page-0083.jpg,1450,2051,EEED081F2FA6B97E31A43E88E8BF3C43C58A64EC75A8E65C0693CB480BC255C2
xu-shun-upper,谢惠民上册答案.pdf,84,answer-pages/xu-shun-upper/page-0084.jpg,1450,2051,C180AED55A1E26F51F5E0128F310FFE0CDE6FE2AB3E7FD0F3DB3D675E846093C
xu-shun-upper,谢惠民上册答案.pdf,85,answer-pages/xu-shun-upper/page-0085.jpg,1450,2051,78F2F921D9255E34537F3CBAA0F30C3904D4F2CAF9E3067BE6A3C9AD0E20B2E6
xu-shun-upper,谢惠民上册答案.pdf,86,answer-pages/xu-shun-upper/page-0086.jpg,1450,2051,CE2F0D752CDF23F53B2594BB810C17E6238B985D86239555C77FD02D7AD338DA
xu-shun-upper,谢惠民上册答案.pdf,87,answer-pages/xu-shun-upper/page-0087.jpg,1450,2051,880355B4CF049BA5B5CD643A49AF164324EFF2E22F94023CAD7A4A6DA6AA5651
xu-shun-upper,谢惠民上册答案.pdf,88,answer-pages/xu-shun-upper/page-0088.jpg,1450,2051,2F96958B1D973837D01D10FF6024CB5E7BD72F3063B2AEA9074F070EEA72FD62
xu-shun-upper,谢惠民上册答案.pdf,89,answer-pages/xu-shun-upper/page-0089.jpg,1450,2051,78477A42B6D25E75E915AB5693E6D28E475CF044C526BAFBCA8EAE70ECA3BD2E
xu-shun-upper,谢惠民上册答案.pdf,90,answer-pages/xu-shun-upper/page-0090.jpg,1450,2051,7BD8C4FC615742621F4ECEA628BB04E9CBA060379E795DBD280FCB386FBEDDFD
xu-shun-upper,谢惠民上册答案.pdf,91,answer-pages/xu-shun-upper/page-0091.jpg,1450,2051,54CDF27CBA6031BF6A25F6F28C85104444903AE1DCFF37035F3A2A7B47D53B06
xu-shun-upper,谢惠民上册答案.pdf,92,answer-pages/xu-shun-upper/page-0092.jpg,1450,2051,6E7A92981063182E54AEF75B1B723D4303E2A40F2D793284C18FE9B55864EEA3
xu-shun-upper,谢惠民上册答案.pdf,93,answer-pages/xu-shun-upper/page-0093.jpg,1450,2051,CF7B0291A7B32F9E1025504D839B66164E081A91C594D93CD1922E8FBDDDC642
xu-shun-upper,谢惠民上册答案.pdf,94,answer-pages/xu-shun-upper/page-0094.jpg,1450,2051,0356ED71568FE386E1C012853891659D802DCFCEE364E73AAC9F7248B9341B80
xu-shun-upper,谢惠民上册答案.pdf,95,answer-pages/xu-shun-upper/page-0095.jpg,1450,2051,A6EFFA45825A0BC58BDD47C180201253769EF4B393D341BA82FBFAF10F5E5312
xu-shun-upper,谢惠民上册答案.pdf,96,answer-pages/xu-shun-upper/page-0096.jpg,1450,2051,3292874070EED756729380AF2379E431D5C3111B3088B908848BD982BFB52A96
xu-shun-upper,谢惠民上册答案.pdf,97,answer-pages/xu-shun-upper/page-0097.jpg,1450,2051,56E42EEFB36C90AD7F87087D79650CE23EBBE29B36D858FE95DAD8BF6987DA07
xu-shun-upper,谢惠民上册答案.pdf,98,answer-pages/xu-shun-upper/page-0098.jpg,1450,2051,C1D9F7CB1897637E33089AE6FF67BAD8712186504C6ED3F98314618511A70C5C
xu-shun-upper,谢惠民上册答案.pdf,99,answer-pages/xu-shun-upper/page-0099.jpg,1450,2051,BFB9B94C6217C587A1DA82F40AE822790A4D82BB83FB30134AF5930063421835
xu-shun-upper,谢惠民上册答案.pdf,100,answer-pages/xu-shun-upper/page-0100.jpg,1450,2051,D39284A54EAB35B4F8920B8DAE06DB13727A2FF3B6DEBC887F9E3E45BFE3E351
xu-shun-upper,谢惠民上册答案.pdf,101,answer-pages/xu-shun-upper/page-0101.jpg,1450,2051,CA3A949505A1F7C20360FCDF7B849317C2435BFDB9FA42806D4F17165A6D787A
xu-shun-upper,谢惠民上册答案.pdf,102,answer-pages/xu-shun-upper/page-0102.jpg,1450,2051,09E41062961528D21A4882F0371FA0816455B3D5EEDD79970322C9AF94080F6B
xu-shun-upper,谢惠民上册答案.pdf,103,answer-pages/xu-shun-upper/page-0103.jpg,1450,2051,D73713425135C9398DCCA2AF0468DF24D7F8A9B843057DA735F23F4BD159BC64
xu-shun-upper,谢惠民上册答案.pdf,104,answer-pages/xu-shun-upper/page-0104.jpg,1450,2051,B69CB53FF4B1B2A0F6D15193A5EC6252C910FCBB08C4624EB85CDD4DB9BB9086
xu-shun-upper,谢惠民上册答案.pdf,105,answer-pages/xu-shun-upper/page-0105.jpg,1450,2051,0D567B76AA7DF110A8944512272D484A38B9F7DD32933ABA469C399372F31843
xu-shun-upper,谢惠民上册答案.pdf,106,answer-pages/xu-shun-upper/page-0106.jpg,1450,2051,8129E6FDF3F994D4EDD7517C4D24CA2D1717000569C247B5F055854CC017F642
xu-shun-upper,谢惠民上册答案.pdf,107,answer-pages/xu-shun-upper/page-0107.jpg,1450,2051,2769801293269D4594D391E0EC1E6B832B3F824256BF5BF7A917A1E69CB3F15F
xu-shun-upper,谢惠民上册答案.pdf,108,answer-pages/xu-shun-upper/page-0108.jpg,1450,2051,ABA179F9168D3FC60CAB56D87633538D34413C8181CA37598F5AEE49D74BE38D
xu-shun-upper,谢惠民上册答案.pdf,109,answer-pages/xu-shun-upper/page-0109.jpg,1450,2051,E46DCFF279FE2A7554ED8F6269BCBF18E78B831A1C432178801CB63E56977535
xu-shun-upper,谢惠民上册答案.pdf,110,answer-pages/xu-shun-upper/page-0110.jpg,1450,2051,671971AA30A119AD6E420D4FB13CAAF06DC12266C921EED64078BE0DCF4127DA
xu-shun-upper,谢惠民上册答案.pdf,111,answer-pages/xu-shun-upper/page-0111.jpg,1450,2051,154F156F2D7B0812B8F3F463AF2C0BAFDF36E0CB30E28B617767D4EAF10ADEA5
xu-shun-upper,谢惠民上册答案.pdf,112,answer-pages/xu-shun-upper/page-0112.jpg,1450,2051,499DB309AE39CD5F80AE85245BEAA4137AED4A3CFE3109FD0279776EE8DBEDED
xu-shun-upper,谢惠民上册答案.pdf,113,answer-pages/xu-shun-upper/page-0113.jpg,1450,2051,B796D44D434B8EAECC9C8E5E1AD989D94959BA0286EA56B34FABF339850845CA
xu-shun-upper,谢惠民上册答案.pdf,114,answer-pages/xu-shun-upper/page-0114.jpg,1450,2051,6E8BB4F0EE545DA61B82B6B407D54D46D90557591F2033D0339B120995C8F853
xu-shun-upper,谢惠民上册答案.pdf,115,answer-pages/xu-shun-upper/page-0115.jpg,1450,2051,1BB5A60AAA0710FAB687CA3BA213688CB990810F42A119DDDA4F28A56777A125
xu-shun-upper,谢惠民上册答案.pdf,116,answer-pages/xu-shun-upper/page-0116.jpg,1450,2051,4EDB55DECE5DAF87741A8FCFD5EB8331ED3B255735DB3BD7146565DC557C0E09
xu-shun-upper,谢惠民上册答案.pdf,117,answer-pages/xu-shun-upper/page-0117.jpg,1450,2051,46CB48C613110F1E4F49DF696A7E0AC6595285EC93A1DE07FE8F80FE60218943
xu-shun-upper,谢惠民上册答案.pdf,118,answer-pages/xu-shun-upper/page-0118.jpg,1450,2051,F1E1D34EA0A89224B2F258731008BC455871D6623E53B62C19B849D5136BC96D
xu-shun-upper,谢惠民上册答案.pdf,119,answer-pages/xu-shun-upper/page-0119.jpg,1450,2051,6D98ECD8BDB2FF0CBA420B6ADE1A2CB737A20DB74C0050C43CD1050D82FDAD93
xu-shun-upper,谢惠民上册答案.pdf,120,answer-pages/xu-shun-upper/page-0120.jpg,1450,2051,B2A3B300646B22B5075600A2D485FA2EB31B9F1EEC0AC66CD6E65D6D4FA1E687
xu-shun-upper,谢惠民上册答案.pdf,121,answer-pages/xu-shun-upper/page-0121.jpg,1450,2051,3C6F9737FDD5B00F14CCB002B3EB7D9F0F786DA70F11C2D8AFB49C290E99E8D3
xu-shun-upper,谢惠民上册答案.pdf,122,answer-pages/xu-shun-upper/page-0122.jpg,1450,2051,DDBB5E21E3A95EE12C1008AB28C4141794DD8E8D7EBC3F6D03BAF5822112C164
xu-shun-upper,谢惠民上册答案.pdf,123,answer-pages/xu-shun-upper/page-0123.jpg,1450,2051,FE8AE3D9A4652AB25581DA7EB5F231831018ED0263809918E84CB160820E7054
xu-shun-upper,谢惠民上册答案.pdf,124,answer-pages/xu-shun-upper/page-0124.jpg,1450,2051,B1C63CD822F0C07B8087F596FD8C2BEA84895D6D5F3EBAEF4EDFA482862E5A12
xu-shun-upper,谢惠民上册答案.pdf,125,answer-pages/xu-shun-upper/page-0125.jpg,1450,2051,CDD872AE28C4E5D3FF6E1DDE85E3752EB6E5F133B713F9E71A2E1DE7D0DBE05D
xu-shun-upper,谢惠民上册答案.pdf,126,answer-pages/xu-shun-upper/page-0126.jpg,1450,2051,5E4B996750DEE32AC5561D37CF0FC085C3E8FD141031B1D85246D9152A8FF41E
xu-shun-upper,谢惠民上册答案.pdf,127,answer-pages/xu-shun-upper/page-0127.jpg,1450,2051,465B85A7F8159DFF8D4F42A8E9089D9E5A9C1B107CC5119FC9D78FDC9E41F851
xu-shun-upper,谢惠民上册答案.pdf,128,answer-pages/xu-shun-upper/page-0128.jpg,1450,2051,3E703A684DE95012FEB4E4DE8D594D1D99FAACB18ED7BD862489FD8BDB7F2839
xu-shun-upper,谢惠民上册答案.pdf,129,answer-pages/xu-shun-upper/page-0129.jpg,1450,2051,2A6B17FD88C9AD8E8E3EB8169AD0AF0ACFE143AAA1F5E85E6A7C38D20B1B5F4E
xu-shun-upper,谢惠民上册答案.pdf,130,answer-pages/xu-shun-upper/page-0130.jpg,1450,2051,209C1878F2F71AE74F594AD7DE10052054AE68FEF1CBD66258469C493D36B02B
xu-shun-upper,谢惠民上册答案.pdf,131,answer-pages/xu-shun-upper/page-0131.jpg,1450,2051,E07482A4CEF572443D65AA9C683565E8AA18E7DA0251092EBFA48262D1BCDAE2
xu-shun-upper,谢惠民上册答案.pdf,132,answer-pages/xu-shun-upper/page-0132.jpg,1450,2051,D58D05740FEB3CD8505D0450593F902DD7E7C45B1563D301679D8AFA1DE7FA77
xu-shun-upper,谢惠民上册答案.pdf,133,answer-pages/xu-shun-upper/page-0133.jpg,1450,2051,31A17C0E464E535345DEFB78DD1BFDC7731457833EFC6252CD6A9D7855D76EA8
xu-shun-upper,谢惠民上册答案.pdf,134,answer-pages/xu-shun-upper/page-0134.jpg,1450,2051,D8461074A0C6E41EE783BFDDD4121CEA4BE49055A3177096080C6A6522C74D2B
xu-shun-upper,谢惠民上册答案.pdf,135,answer-pages/xu-shun-upper/page-0135.jpg,1450,2051,7FCFD78A8ACA45A22C9FB520C49AE8FC4CF9BFACA12D24F2B5C8B9C07833F855
xu-shun-upper,谢惠民上册答案.pdf,136,answer-pages/xu-shun-upper/page-0136.jpg,1450,2051,441193327FD7CEDFC9F22283E2002488755AB2D91B73BDFB2A6275EDDAA495C5
xu-shun-upper,谢惠民上册答案.pdf,137,answer-pages/xu-shun-upper/page-0137.jpg,1450,2051,326EF1CF59C36533080335C3FE22F35F40E4C3DE7B59B84A8361523541B1CDC9
xu-shun-upper,谢惠民上册答案.pdf,138,answer-pages/xu-shun-upper/page-0138.jpg,1450,2051,EE54AFEA4C3635181437D57185E4C0A1883BFA458FD0C550AFA4FEC991231B0D
xu-shun-upper,谢惠民上册答案.pdf,139,answer-pages/xu-shun-upper/page-0139.jpg,1450,2051,096C36BF406C184C70864057D8C3F4214C1DC8D0F821AA3184014004C5D560D6
xu-shun-upper,谢惠民上册答案.pdf,140,answer-pages/xu-shun-upper/page-0140.jpg,1450,2051,ADA7E86DFDFB73CB01282587C067D948284F86FC00B2080C859210F20F220551
xu-shun-upper,谢惠民上册答案.pdf,141,answer-pages/xu-shun-upper/page-0141.jpg,1450,2051,5A96D772FC3A5400CCDABDEF34C60565D14E539E9B2FD570E15712257ADBCEB0
xu-shun-upper,谢惠民上册答案.pdf,142,answer-pages/xu-shun-upper/page-0142.jpg,1450,2051,B6C4ADF6CC4234A9C3196087A38B47C42E653E6E6144CDFD19D27F6292649121
xu-shun-upper,谢惠民上册答案.pdf,143,answer-pages/xu-shun-upper/page-0143.jpg,1450,2051,4B4182F25F92B06F54DAD639AC7A969604A28FB1732B953A9F2EB3B661533CC7
xu-shun-upper,谢惠民上册答案.pdf,144,answer-pages/xu-shun-upper/page-0144.jpg,1450,2051,3C67FCD1164796DCF058A03CA7009A5E68FF9A9ACB2AB546E7E6F318A72C2919
xu-shun-upper,谢惠民上册答案.pdf,145,answer-pages/xu-shun-upper/page-0145.jpg,1450,2051,9FA291740AE5B02AC156583621FB9CBC4651AFC90D6C84E6C913A393C7D2A93A
xu-shun-upper,谢惠民上册答案.pdf,146,answer-pages/xu-shun-upper/page-0146.jpg,1450,2051,B61C7C8A4173A5403C06DFC98BD8269A42F82262E449912F229A406523214AD9
xu-shun-upper,谢惠民上册答案.pdf,147,answer-pages/xu-shun-upper/page-0147.jpg,1450,2051,75DC7C4AFBFBC3111D9E12EDB3E6B5A57DA0F09ADD8C953E25206388B2531C29
xu-shun-upper,谢惠民上册答案.pdf,148,answer-pages/xu-shun-upper/page-0148.jpg,1450,2051,518FDE3382444962C5F1CBB740C59C699BDEE86A5D5DAB663B872312AAEAC502
xu-shun-upper,谢惠民上册答案.pdf,149,answer-pages/xu-shun-upper/page-0149.jpg,1450,2051,736CB6293F5CAF5FD928CC779FE94CB966E6F5E026E730B28EF68A4080AA9EAA
xu-shun-upper,谢惠民上册答案.pdf,150,answer-pages/xu-shun-upper/page-0150.jpg,1450,2051,0496F19668F38915AE94B90C969956D88DD3827E894A28A1915C019FCA0017BA
xu-shun-upper,谢惠民上册答案.pdf,151,answer-pages/xu-shun-upper/page-0151.jpg,1450,2051,7D8565D284213C208013FD58488AE57000904DA152B9CC3853B1D9ACE3C67416
xu-shun-upper,谢惠民上册答案.pdf,152,answer-pages/xu-shun-upper/page-0152.jpg,1450,2051,E26DFB0FE58502617173D774E538144C318BC7B4020DF41C3EA71A98A6166F28
xu-shun-upper,谢惠民上册答案.pdf,153,answer-pages/xu-shun-upper/page-0153.jpg,1450,2051,9DAB8E7589940B9FCD760AA81B4D5AC825225BBC437BCF6A0303FF14CFF1C60A
xu-shun-upper,谢惠民上册答案.pdf,154,answer-pages/xu-shun-upper/page-0154.jpg,1450,2051,2040792B2E2A2FBEE60909B64F10B4474370F2234E11EEAB0ABCBB995621D9AF
xu-shun-upper,谢惠民上册答案.pdf,155,answer-pages/xu-shun-upper/page-0155.jpg,1450,2051,1C21722962C2AE4816253B207DE1FB1B55CE2DB0354A8AAAA9924D2F9D7B8F18
xu-shun-upper,谢惠民上册答案.pdf,156,answer-pages/xu-shun-upper/page-0156.jpg,1450,2051,9F5FAD8EE173EAD8E0079D6CAA2EB8BDF996AF813B134F3FFAC734AEC475D1FB
xu-shun-upper,谢惠民上册答案.pdf,157,answer-pages/xu-shun-upper/page-0157.jpg,1450,2051,B8EE57852874E8082DAB2DC1913BA73C2897D2D7C377CBAF36A52FF6824F81F8
xu-shun-upper,谢惠民上册答案.pdf,158,answer-pages/xu-shun-upper/page-0158.jpg,1450,2051,80004BE4181FCB18C30BA0C738C8B07B26D73B92D1FCA404EDF22FE768C55A9F
xu-shun-upper,谢惠民上册答案.pdf,159,answer-pages/xu-shun-upper/page-0159.jpg,1450,2051,099A2E286E0E9BD308DB5866DD261807EB56258650696302C52C0AD7A01A6F79
xu-shun-upper,谢惠民上册答案.pdf,160,answer-pages/xu-shun-upper/page-0160.jpg,1450,2051,0CC1A34AE48020EE0682F00F8134F3D782049DDA2EB7F2B37BBC31D7C9DDD030
xu-shun-upper,谢惠民上册答案.pdf,161,answer-pages/xu-shun-upper/page-0161.jpg,1450,2051,CD3F9A4B5593094D86F86B9A31A446DA630F001C7122B8F9F85AC229B0CBE6B0
xu-shun-upper,谢惠民上册答案.pdf,162,answer-pages/xu-shun-upper/page-0162.jpg,1450,2051,72164B3D7171A7D168B64C5D8B828E2A9D8244A2452EC8EFEABF96CDCE961F54
xu-shun-upper,谢惠民上册答案.pdf,163,answer-pages/xu-shun-upper/page-0163.jpg,1450,2051,F5C169385F804E3CBF93735B930C16FBF4D07497E0B3128A39AF940B83BF4BD2
xu-shun-upper,谢惠民上册答案.pdf,164,answer-pages/xu-shun-upper/page-0164.jpg,1450,2051,17CC9FF06DD087F34AA2D3402D68F82E456D9BC4C249DA5A418325052DF93860
xu-shun-upper,谢惠民上册答案.pdf,165,answer-pages/xu-shun-upper/page-0165.jpg,1450,2051,CAE2D3AF0588FB5C0E58BB4F8BFDF20E6C1299308A2AA71D99BED964A5452D5A
xu-shun-upper,谢惠民上册答案.pdf,166,answer-pages/xu-shun-upper/page-0166.jpg,1450,2051,5E91F79A4B32CCBC93816ED0848372D4648A0097AA270BBB7C4ADF8750427A77
xu-shun-upper,谢惠民上册答案.pdf,167,answer-pages/xu-shun-upper/page-0167.jpg,1450,2051,FF4F5CF9905B7B2018FA3511537C618EC8DE96ADCA5F04E9958FC7FB76793023
xu-shun-upper,谢惠民上册答案.pdf,168,answer-pages/xu-shun-upper/page-0168.jpg,1450,2051,114C1975D90FB0FE671813F81BE689011C5A6D37F6653209CBE1B613C12A225A
xu-shun-upper,谢惠民上册答案.pdf,169,answer-pages/xu-shun-upper/page-0169.jpg,1450,2051,1D96FD46ECEC189B6F50139E77D040ED6037928054104054C2240171FD90F57B
xu-shun-upper,谢惠民上册答案.pdf,170,answer-pages/xu-shun-upper/page-0170.jpg,1450,2051,2CF2FF0E477097DE618EA8311034FA8B7FB4C82DE78D25CDA2588DEB78358C83
xu-shun-upper,谢惠民上册答案.pdf,171,answer-pages/xu-shun-upper/page-0171.jpg,1450,2051,0854D24E9E2AA9123C9C03C3C4CD8AA3E35EEA40E77C7B3734696282CB977741
xu-shun-upper,谢惠民上册答案.pdf,172,answer-pages/xu-shun-upper/page-0172.jpg,1450,2051,22DC50B802ED358EA286D3C1DDE69BCE23776C8562E0C6627152F50719EA2972
xu-shun-upper,谢惠民上册答案.pdf,173,answer-pages/xu-shun-upper/page-0173.jpg,1450,2051,E22C438C9058685FDBDB85CE376A3BCB15B7E566EB494388502CAFD1578AA2E2
xu-shun-upper,谢惠民上册答案.pdf,174,answer-pages/xu-shun-upper/page-0174.jpg,1450,2051,51D6B159F32517AEB357C758007F0664FAC86DA0D110E546BC379A653086CCE6
xu-shun-upper,谢惠民上册答案.pdf,175,answer-pages/xu-shun-upper/page-0175.jpg,1450,2051,1999C0657A8672378070E32CED6B802748895247000EFE774AFF5C43FDA53BD5
xu-shun-upper,谢惠民上册答案.pdf,176,answer-pages/xu-shun-upper/page-0176.jpg,1450,2051,B6058A626628B4E93BD67BEA2CFBEBCDD1C782D046926C6DC5F22E58F512E875
xu-shun-upper,谢惠民上册答案.pdf,177,answer-pages/xu-shun-upper/page-0177.jpg,1450,2051,A4C6557308077D15906F0D7F4A7015221FB5731F4036ABD19AB8256D348AC3FD
xu-shun-upper,谢惠民上册答案.pdf,178,answer-pages/xu-shun-upper/page-0178.jpg,1450,2051,6A224F6BB86E1EA6A88DDB3D570CBB4A703CB087A17E309F86E0088D7D03949B
xu-shun-upper,谢惠民上册答案.pdf,179,answer-pages/xu-shun-upper/page-0179.jpg,1450,2051,1C83F1F6F28A9C3AE738D77F0D2153D582A7A35C89BE471F32606E2C93530B8A
xu-shun-upper,谢惠民上册答案.pdf,180,answer-pages/xu-shun-upper/page-0180.jpg,1450,2051,19F79D73ED36CD5A7625834A0E10BF44B33DDABED7F97E2A4CFC0B82BB0D5AD1
xu-shun-upper,谢惠民上册答案.pdf,181,answer-pages/xu-shun-upper/page-0181.jpg,1450,2051,96F02DCBA2A1FEBE6020A859219DBA5F8FEE724E547DE98D0A887F9C5DF26E39
xu-shun-upper,谢惠民上册答案.pdf,182,answer-pages/xu-shun-upper/page-0182.jpg,1450,2051,7AED06EA1C9A35B9C561DE406DC20CFB827C7358A5A7453D465FAEAE531E1E86
xu-shun-upper,谢惠民上册答案.pdf,183,answer-pages/xu-shun-upper/page-0183.jpg,1450,2051,B8BAA8927BC8437E34F18104C5CEFBA024444161BAB33520E2DD1EF6A2F98B4D
xu-shun-upper,谢惠民上册答案.pdf,184,answer-pages/xu-shun-upper/page-0184.jpg,1450,2051,B70001935664394214572CFB34CDC5207AAD804A54AD1CD8180FE3C246991B8E
xu-shun-upper,谢惠民上册答案.pdf,185,answer-pages/xu-shun-upper/page-0185.jpg,1450,2051,126449AC05C8E7BA80145BADCC702FEDC6ADF84DCAB8C938D34E2B671CF0CCC1
xu-shun-upper,谢惠民上册答案.pdf,186,answer-pages/xu-shun-upper/page-0186.jpg,1450,2051,8E9D8E783F719A182C6EB15DE716AAA38E8EE885CB00F50C15EE4606C2D6393B
xu-shun-upper,谢惠民上册答案.pdf,187,answer-pages/xu-shun-upper/page-0187.jpg,1450,2051,760251A56C8E119D53E66FE81BC952B6B1544D03997EF80555AFE3EED87FFCBD
xu-shun-upper,谢惠民上册答案.pdf,188,answer-pages/xu-shun-upper/page-0188.jpg,1450,2051,2E5ED9620E3DD24C410637B9B382D8B47D435344213340411A2E034FB8D5E6BA
xu-shun-upper,谢惠民上册答案.pdf,189,answer-pages/xu-shun-upper/page-0189.jpg,1450,2051,3B8E89C43FB4F9BF207555553DD975D9E1AC2962E177085BEBAF3A941DF568C1
xu-shun-upper,谢惠民上册答案.pdf,190,answer-pages/xu-shun-upper/page-0190.jpg,1450,2051,D9FE56352280B728919102C8B07243C874220D3B946BBFFF5D874CE0B7CE2250
xu-shun-upper,谢惠民上册答案.pdf,191,answer-pages/xu-shun-upper/page-0191.jpg,1450,2051,51D9211A94EA8AAEFAB8B091371440333C6373DFB5ECD545BB5F2FCC11A94EF8
xu-shun-upper,谢惠民上册答案.pdf,192,answer-pages/xu-shun-upper/page-0192.jpg,1450,2051,A75C380C4577074CE7BC030FBC988DB4FBB9DF1C01FE78D69909F8D9FBFA9C39
xu-shun-upper,谢惠民上册答案.pdf,193,answer-pages/xu-shun-upper/page-0193.jpg,1450,2051,E5E1057B221EEE8747000EE1119798EE65334B5A85DADF417FB21B053FEC481D
xu-shun-upper,谢惠民上册答案.pdf,194,answer-pages/xu-shun-upper/page-0194.jpg,1450,2051,07EC24AB7152A1DE43D6995F5B21458D6A455DB13E376F512CEA9C897A5D9385
xu-shun-upper,谢惠民上册答案.pdf,195,answer-pages/xu-shun-upper/page-0195.jpg,1450,2051,2CBDAFCC146EF0FFE2779FD8C899BD6F51C327405270B29FBBC840F69D232CB5
xu-shun-upper,谢惠民上册答案.pdf,196,answer-pages/xu-shun-upper/page-0196.jpg,1450,2051,C612B7197638D7BA0DE213764E410D9B89E82191C386561FEB0A1DA3292B1B99
xu-shun-upper,谢惠民上册答案.pdf,197,answer-pages/xu-shun-upper/page-0197.jpg,1450,2051,3DA6B0021E2DC9B43E5B8D3D2363DD49B5A84AC2C692F9DDC25074BE1962839C
xu-shun-upper,谢惠民上册答案.pdf,198,answer-pages/xu-shun-upper/page-0198.jpg,1450,2051,5296B92F237143F201058C6DF1B664B545F00AD6AA3614DBB2CEF54DE99F5C95
xu-shun-upper,谢惠民上册答案.pdf,199,answer-pages/xu-shun-upper/page-0199.jpg,1450,2051,41AC7E431B29800BB5692E566FD0092CBAE8B849A4AD6B8F399A9C240E74E7CB
xu-shun-upper,谢惠民上册答案.pdf,200,answer-pages/xu-shun-upper/page-0200.jpg,1450,2051,809AC6F84BAFF21BAFA6C6409CEF04286464F9AC578A57DED261E33F2D522FF8
xu-shun-upper,谢惠民上册答案.pdf,201,answer-pages/xu-shun-upper/page-0201.jpg,1450,2051,90592A8B6C1AF37FDCECF72E686AB6B7005CA1D241DED5B129AA94191261F0F8
xu-shun-upper,谢惠民上册答案.pdf,202,answer-pages/xu-shun-upper/page-0202.jpg,1450,2051,BC9853ECD8571E9871B8C6D7B6429112BCA4CE970AE1C400D84446038B659DD0
xu-shun-upper,谢惠民上册答案.pdf,203,answer-pages/xu-shun-upper/page-0203.jpg,1450,2051,D51F615F4FB413B57D93C58385B21F68F5F27877034B4D55A62E78B455A21E1B
xu-shun-upper,谢惠民上册答案.pdf,204,answer-pages/xu-shun-upper/page-0204.jpg,1450,2051,5B8E085F3E7C39F2B678132022A71B334AE22568CA4EC37A8313311076000376
xu-shun-upper,谢惠民上册答案.pdf,205,answer-pages/xu-shun-upper/page-0205.jpg,1450,2051,9EF59B8E85EC88933F99CCE7E64E837334C00FAA05A4B90DD0EB0858150F3F0D
xu-shun-upper,谢惠民上册答案.pdf,206,answer-pages/xu-shun-upper/page-0206.jpg,1450,2051,B176D14A67634AAAB83DA0CA7041237E6E001497CBFE68AABFE61BD41F6FF349
xu-shun-upper,谢惠民上册答案.pdf,207,answer-pages/xu-shun-upper/page-0207.jpg,1450,2051,BA39B78012E314F82D0347F18695C3CC5A65BBA26E684168434270A9D91C2E56
xu-shun-upper,谢惠民上册答案.pdf,208,answer-pages/xu-shun-upper/page-0208.jpg,1450,2051,692BC77854E5CD23B7480C8C8775B1A1526C6CA622581A475D847EF8158A2F58
xu-shun-upper,谢惠民上册答案.pdf,209,answer-pages/xu-shun-upper/page-0209.jpg,1450,2051,288CE1C9B8285C816DBB28F39D95D9D906448CC0F18B4D68625EE837FA39EC1D
xu-shun-upper,谢惠民上册答案.pdf,210,answer-pages/xu-shun-upper/page-0210.jpg,1450,2051,2EA28E30B74EB8FED345F09CFAEFE28B85DB49EEA053473E4417C801255F547A
xu-shun-upper,谢惠民上册答案.pdf,211,answer-pages/xu-shun-upper/page-0211.jpg,1450,2051,52A940608A6458C60B66DE2C99597B903A28D0E1A431034F29138DF5B0FE2594
xu-shun-upper,谢惠民上册答案.pdf,212,answer-pages/xu-shun-upper/page-0212.jpg,1450,2051,31C3832168E74E12A443F6DB61148B31E9AF73EA7E19F000D49C612F0C64CA84
xu-shun-upper,谢惠民上册答案.pdf,213,answer-pages/xu-shun-upper/page-0213.jpg,1450,2051,73E6BDAABAD243B5F147D110259D1E2EA01915825E67FDD9A9E25415558A9D76
xu-shun-upper,谢惠民上册答案.pdf,214,answer-pages/xu-shun-upper/page-0214.jpg,1450,2051,1D1DD249F7617C36EE7B57B7BA4FBF1246DFBAD46CA14BA730324F333AD57CF1
xu-shun-upper,谢惠民上册答案.pdf,215,answer-pages/xu-shun-upper/page-0215.jpg,1450,2051,4E8B2E6FBD11E4C5A3D7FEFB2C9311133E92508F53652B5601ACADEF58F01D27
xu-shun-upper,谢惠民上册答案.pdf,216,answer-pages/xu-shun-upper/page-0216.jpg,1450,2051,FDE8E6F1687593B459AF75A2E3A3BEF08554777477C18B8B18F1824BFEB589C6
xu-shun-upper,谢惠民上册答案.pdf,217,answer-pages/xu-shun-upper/page-0217.jpg,1450,2051,0D45DA16AC74AC748FDA2B408C19C7164070BBAACD1373AD99D5D799CE102A14
xu-shun-upper,谢惠民上册答案.pdf,218,answer-pages/xu-shun-upper/page-0218.jpg,1450,2051,1C075B1D6ECF769DC66287C9B96F929D74B20BEAF1D214CAB98A3DD0C0B681C3
xu-shun-upper,谢惠民上册答案.pdf,219,answer-pages/xu-shun-upper/page-0219.jpg,1450,2051,3EF8C28A8D12111D880B3A42799773A65A3102C0603684AE5322E2BFE5CF14B4
xu-shun-upper,谢惠民上册答案.pdf,220,answer-pages/xu-shun-upper/page-0220.jpg,1450,2051,13E059416DCE7E3F4DAB1CDBC511290DFCBA98BB87CF3596631EAD05EFE61572
xu-shun-upper,谢惠民上册答案.pdf,221,answer-pages/xu-shun-upper/page-0221.jpg,1450,2051,97E9A28F69CD5F818AA1B1710B63F367D56E9E41EE75533705DBB5DD99904B56
xu-shun-upper,谢惠民上册答案.pdf,222,answer-pages/xu-shun-upper/page-0222.jpg,1450,2051,918A7FA385163AD56E1019AC05763F5DB3AA477F9EFFC135EA7DDA2C62FE992E
xu-shun-upper,谢惠民上册答案.pdf,223,answer-pages/xu-shun-upper/page-0223.jpg,1450,2051,8ACF7D241341202175796C3215A20A88533914FC362E908F725975722DA535B4
xu-shun-upper,谢惠民上册答案.pdf,224,answer-pages/xu-shun-upper/page-0224.jpg,1450,2051,716D0BB08DCCF68105C904FB222186C56B92B2BE039A33AA792AB0D76DD0CA58
xu-shun-upper,谢惠民上册答案.pdf,225,answer-pages/xu-shun-upper/page-0225.jpg,1450,2051,2269374AB2B10CCE01EE8E3193C192DEEA8FC9A1845B5C38C36A6E4132A2EFB6
xu-shun-upper,谢惠民上册答案.pdf,226,answer-pages/xu-shun-upper/page-0226.jpg,1450,2051,08DA355D3F2940C75C6BF13169FCD081247A147059F827550881845355FBDFC4
xu-shun-upper,谢惠民上册答案.pdf,227,answer-pages/xu-shun-upper/page-0227.jpg,1450,2051,72DDC2584D2B20F841B711EC16891A6495391DC5ED201FB1642E2A1C5026E708
xu-shun-upper,谢惠民上册答案.pdf,228,answer-pages/xu-shun-upper/page-0228.jpg,1450,2051,25F1F9164BDC82F9167821C17D1FC158E0FE305603E206260AC84B6EE672866D
xu-shun-upper,谢惠民上册答案.pdf,229,answer-pages/xu-shun-upper/page-0229.jpg,1450,2051,26295C39809672EB8A07A2BADA06A9093EBDA207216E4F870003EDAC0FAC927D
xu-shun-upper,谢惠民上册答案.pdf,230,answer-pages/xu-shun-upper/page-0230.jpg,1450,2051,C8ECE2CFA48EFDCBC65F2672F3E6DB36EB821BF5B08623EA00541BC6CFC78FA9
xu-shun-upper,谢惠民上册答案.pdf,231,answer-pages/xu-shun-upper/page-0231.jpg,1450,2051,BA00E3B3564BF4841414EF64C19EFA9861623CC9E73FA4527E656E36D0E0D2EA
xu-shun-upper,谢惠民上册答案.pdf,232,answer-pages/xu-shun-upper/page-0232.jpg,1450,2051,487FD73E154AB90FABB95A76F703E9F0295F9A4648BA9B0100C7397B205C9FF8
xu-shun-upper,谢惠民上册答案.pdf,233,answer-pages/xu-shun-upper/page-0233.jpg,1450,2051,B20476CBA8E9B3786511AB674BFBB7CE383CBDFD911DBC059A4FC4CC88525EDB
xu-shun-upper,谢惠民上册答案.pdf,234,answer-pages/xu-shun-upper/page-0234.jpg,1450,2051,16C7C83EAA60073BA50E5103A14C090396D083A82711EC3E495D2E3302CC3C89
xu-shun-upper,谢惠民上册答案.pdf,235,answer-pages/xu-shun-upper/page-0235.jpg,1450,2051,2F61AE00070957D3EA18B1DBD9A19DAD65F93F828A9D615D4DCA71158F17308A
xu-shun-upper,谢惠民上册答案.pdf,236,answer-pages/xu-shun-upper/page-0236.jpg,1450,2051,944B52AD29BF4935C0255634E2559880C63E17AFF13C9FAC4BAE49C4A6D3BB74
xu-shun-upper,谢惠民上册答案.pdf,237,answer-pages/xu-shun-upper/page-0237.jpg,1450,2051,D3346EDFB0E826DA88C151B67A70E7BAF3D6510E3A9DDBC7BCFADFB058AC2097
xu-shun-upper,谢惠民上册答案.pdf,238,answer-pages/xu-shun-upper/page-0238.jpg,1450,2051,1A7F2A761B450FB930A246B82037E3E8D600EEC43D5303D3E23975CACA36493C
xu-shun-upper,谢惠民上册答案.pdf,239,answer-pages/xu-shun-upper/page-0239.jpg,1450,2051,CA069F014F816FD884679C54DE6816D03277A1EB73A99FE3D540E856AE0DAD85
xu-shun-upper,谢惠民上册答案.pdf,240,answer-pages/xu-shun-upper/page-0240.jpg,1450,2051,4FA9EA12DAD794186D9436349B2BE930D0ACFB7D1DAA7EA200C4743C27B06AFE
xu-shun-upper,谢惠民上册答案.pdf,241,answer-pages/xu-shun-upper/page-0241.jpg,1450,2051,CC8CD2F496248E63288066A73BF11837B8EC1EEC7E2B69386B53FED3824E81A5
xu-shun-upper,谢惠民上册答案.pdf,242,answer-pages/xu-shun-upper/page-0242.jpg,1450,2051,E18D682E2D5E4B50AB90C18603FEED1A5B81F6290EB563989DC5A6F01C4DB78F
xu-shun-upper,谢惠民上册答案.pdf,243,answer-pages/xu-shun-upper/page-0243.jpg,1450,2051,54033296C8A83AC8FB5DEED58857EB567B03A0E52D3C13471C132C06564B721E
xu-shun-upper,谢惠民上册答案.pdf,244,answer-pages/xu-shun-upper/page-0244.jpg,1450,2051,6A0026539EC9AFC4786F1BFFFB6DE2DE154A2BED0DF62C4AB4BB7BD81EAC5F0F
xu-shun-upper,谢惠民上册答案.pdf,245,answer-pages/xu-shun-upper/page-0245.jpg,1450,2051,EB8A9A5EA9143DF5380263A0124B721E646CB20918D473FB50A84A48536F77E6
xu-shun-upper,谢惠民上册答案.pdf,246,answer-pages/xu-shun-upper/page-0246.jpg,1450,2051,D48CAA32ADA565FE8C45480E1454D8B36F8A318C6588A046C0409D6C615A286D
xu-shun-upper,谢惠民上册答案.pdf,247,answer-pages/xu-shun-upper/page-0247.jpg,1450,2051,B229D9AF2C1DACFD044556A04571746E224F0B56D4B5842B9F30535D34F62B41
xu-shun-upper,谢惠民上册答案.pdf,248,answer-pages/xu-shun-upper/page-0248.jpg,1450,2051,69728BF44FB361C3B01CBE47798C956AC18B11DB0F46746E442F5E1ABDACDAFE
xu-shun-upper,谢惠民上册答案.pdf,249,answer-pages/xu-shun-upper/page-0249.jpg,1450,2051,78E1235779DC1A23005599CE80805183C9E125339F8F019947AB3A5EEF999E25
xu-shun-upper,谢惠民上册答案.pdf,250,answer-pages/xu-shun-upper/page-0250.jpg,1450,2051,3A44AB6B7D8C31D8989F793CEEDC38A1EBD0FEEA90165D7349092A3A0C2EB5D3
xu-shun-upper,谢惠民上册答案.pdf,251,answer-pages/xu-shun-upper/page-0251.jpg,1450,2051,7D1DE27FB4CD3578FFBAA3C51F4D1BF68B3E6FDAC50D5ACE71BB8CCB0BD6515F
xu-shun-upper,谢惠民上册答案.pdf,252,answer-pages/xu-shun-upper/page-0252.jpg,1450,2051,3A7DA5CF45DDE92AB421F82B1F8F117E3C2CFD2D59257F1B9A188BA6FF78AD9E
xu-shun-upper,谢惠民上册答案.pdf,253,answer-pages/xu-shun-upper/page-0253.jpg,1450,2051,DAE2327F71007C957C4AED2C24FC831122BF16867A1687268D35525F315CF6FE
xu-shun-upper,谢惠民上册答案.pdf,254,answer-pages/xu-shun-upper/page-0254.jpg,1450,2051,41D78380987303AA38467033F9E66A13204D41BE250A8F99D47C4F8C8013E090
xu-shun-upper,谢惠民上册答案.pdf,255,answer-pages/xu-shun-upper/page-0255.jpg,1450,2051,D234845B2B5CC5E246701925DB6EEA1734E0DAEDA38B3FBDF72B2E6E038151AB
xu-shun-upper,谢惠民上册答案.pdf,256,answer-pages/xu-shun-upper/page-0256.jpg,1450,2051,7E6A72E5CA44B2E65B6F6F0478628B331831C0C10CE4A9DE65559BB01B636A6C
xu-shun-upper,谢惠民上册答案.pdf,257,answer-pages/xu-shun-upper/page-0257.jpg,1450,2051,62D005432E21844079C341C0A23A6E6334F639F248CBC4CA5EE060962178E8E7
xu-shun-upper,谢惠民上册答案.pdf,258,answer-pages/xu-shun-upper/page-0258.jpg,1450,2051,8962F805D2FC9EFA98E55853C964F52BF37904656FB9B91D97A62476462438CF
xu-shun-upper,谢惠民上册答案.pdf,259,answer-pages/xu-shun-upper/page-0259.jpg,1450,2051,1FD8C819414CC58C56C66C79FCD60BD8C8B4F43A3F63B973B6ABC310F61C0F7A
xu-shun-upper,谢惠民上册答案.pdf,260,answer-pages/xu-shun-upper/page-0260.jpg,1450,2051,D8010082C397FD4204CB80C714F1AA2ED175E0069AAB1D0A71B77E814801DBC4
xu-shun-upper,谢惠民上册答案.pdf,261,answer-pages/xu-shun-upper/page-0261.jpg,1450,2051,8A6676ADFA2DC1D579C9CC9943DBB6D6AAB6E4F2959A30A4FF68B040A7D10FA1
xu-shun-upper,谢惠民上册答案.pdf,262,answer-pages/xu-shun-upper/page-0262.jpg,1450,2051,5CFF07A36398E6937BA2ADAE38086F83F581FE33ABB322FD3D552A4E2BCF78BE
jia-yi-lower,谢惠民下册答案.pdf,1,answer-pages/jia-yi-lower/page-0001.jpg,1450,2051,00E80A785589C6A8CFDCDD652D06F5A80275B597126C9249EAED9A86C0281E98
jia-yi-lower,谢惠民下册答案.pdf,2,answer-pages/jia-yi-lower/page-0002.jpg,1450,2051,8B7DE3E9821B02B2F81CD347674424CE13B600437312F268E4F0CAF9987FE4E4
jia-yi-lower,谢惠民下册答案.pdf,3,answer-pages/jia-yi-lower/page-0003.jpg,1450,2051,F2FF6737E9A4EE4617774C38CC001E33D30D79AADD48ADC2E228417A10346FE1
jia-yi-lower,谢惠民下册答案.pdf,4,answer-pages/jia-yi-lower/page-0004.jpg,1450,2051,E6AC82ADB0D0071891745CE43E6658E55F7E276FD1C05A4FE2A6F048A2D18ED0
jia-yi-lower,谢惠民下册答案.pdf,5,answer-pages/jia-yi-lower/page-0005.jpg,1450,2051,A911F791EE0EC6DC1BBFDF88B9B741097557673595A4D9E760FA61E61064F4EB
jia-yi-lower,谢惠民下册答案.pdf,6,answer-pages/jia-yi-lower/page-0006.jpg,1450,2051,163C22EDDE7090BADF25A621E3631351F87A4FF88FBF137C1B7F0E9BFC4A8949
jia-yi-lower,谢惠民下册答案.pdf,7,answer-pages/jia-yi-lower/page-0007.jpg,1450,2051,687317275DF8857EB3023ED550FB9FB418EC628A2CFFB1102273616A25B41192
jia-yi-lower,谢惠民下册答案.pdf,8,answer-pages/jia-yi-lower/page-0008.jpg,1450,2051,B617E075C597458CB83782231427AC4DC2EA098354AD6FEE95AC76752FC72E8C
jia-yi-lower,谢惠民下册答案.pdf,9,answer-pages/jia-yi-lower/page-0009.jpg,1450,2051,031087B92D3EF5559A14D219C1C1D161844315076B7354C48E6FD7D48FFD3886
jia-yi-lower,谢惠民下册答案.pdf,10,answer-pages/jia-yi-lower/page-0010.jpg,1450,2051,918FDCC833239FB2EE135B9AEABB2ED7EC0B77F30FE67091B7403CFE0176B970
jia-yi-lower,谢惠民下册答案.pdf,11,answer-pages/jia-yi-lower/page-0011.jpg,1450,2051,DE1BB4566FD8DBAA6C1B36EC1EBCAA1F8AFD66A32B27A1E63F199D2199654DDC
jia-yi-lower,谢惠民下册答案.pdf,12,answer-pages/jia-yi-lower/page-0012.jpg,1450,2051,A7CA11A07A348E68F23E15587BB0CB6FA584DE60575242E82AE684C175CA89A3
jia-yi-lower,谢惠民下册答案.pdf,13,answer-pages/jia-yi-lower/page-0013.jpg,1450,2051,2CB5FDB225D87948012396A2F466FEE465C8E489FA8016E661FAE39AA510FCA9
jia-yi-lower,谢惠民下册答案.pdf,14,answer-pages/jia-yi-lower/page-0014.jpg,1450,2051,C01428972F53AE5A4B04E430F0DF8FD02C19D59E27DAFA8490144D616CDD7514
jia-yi-lower,谢惠民下册答案.pdf,15,answer-pages/jia-yi-lower/page-0015.jpg,1450,2051,53CF6B560F472640C76379C89C5E1C312CA819E6E7F38A37F2AD9B4E9A0252C4
jia-yi-lower,谢惠民下册答案.pdf,16,answer-pages/jia-yi-lower/page-0016.jpg,1450,2051,BBE600627F49D5A8F29396C9380AEE723BCBEDF0CA372A78AEF793644B6C0D4C
jia-yi-lower,谢惠民下册答案.pdf,17,answer-pages/jia-yi-lower/page-0017.jpg,1450,2051,EFD73CB86606B462FECC22A1AC4C5969D5AD358E92601434D94D9239FA34601D
jia-yi-lower,谢惠民下册答案.pdf,18,answer-pages/jia-yi-lower/page-0018.jpg,1450,2051,F5CEBCF486696A945BB72B3A74DAAFBA849D0685B06F02324BC0BB0BE5EB763C
jia-yi-lower,谢惠民下册答案.pdf,19,answer-pages/jia-yi-lower/page-0019.jpg,1450,2051,80FC1126BEB26AC12A99E549BE3634963A28F956AC05C5A3B3EF432164FDBDD4
jia-yi-lower,谢惠民下册答案.pdf,20,answer-pages/jia-yi-lower/page-0020.jpg,1450,2051,56265F6C88CC4F628394BE4BC7D30350E7A8E509DC0922EE4FFFE50E624DC02E
jia-yi-lower,谢惠民下册答案.pdf,21,answer-pages/jia-yi-lower/page-0021.jpg,1450,2051,F37654657175D2BE1ABEC5D41B8E15B84853ECE4B311167429B335AAD7FF944B
jia-yi-lower,谢惠民下册答案.pdf,22,answer-pages/jia-yi-lower/page-0022.jpg,1450,2051,67263A5214921C5F4E036A069C3D7C115D1A54CA0857412C2CDCDF374A5B87BB
jia-yi-lower,谢惠民下册答案.pdf,23,answer-pages/jia-yi-lower/page-0023.jpg,1450,2051,8F9960BF8BBAFB181E6E56FB343A2B0CDE0AF6DFBAF33BCC5ACF62885B2858D2
jia-yi-lower,谢惠民下册答案.pdf,24,answer-pages/jia-yi-lower/page-0024.jpg,1450,2051,3EFA67614A0CE5C5BC938BDB83234EE32C533591A9109E5380C1825B74D4DDBD
jia-yi-lower,谢惠民下册答案.pdf,25,answer-pages/jia-yi-lower/page-0025.jpg,1450,2051,8DCAFA24A964FB4697FBC5323334DDCA453884B4EBE361421A1B3A11CCAFA596
jia-yi-lower,谢惠民下册答案.pdf,26,answer-pages/jia-yi-lower/page-0026.jpg,1450,2051,4B3B1515A0A05445BDD2F642E6D65AF9F0BB623C8495B89D0F0C737AD40EEE68
jia-yi-lower,谢惠民下册答案.pdf,27,answer-pages/jia-yi-lower/page-0027.jpg,1450,2051,07091B19D5EF76D3F5826A72F73F9BFC36910A6C0E2D7852890B12B32AD07522
jia-yi-lower,谢惠民下册答案.pdf,28,answer-pages/jia-yi-lower/page-0028.jpg,1450,2051,E0E377BFB9C2F8E01BEAB73F4ACDE22AF57A8B065240B471959EC8D20DC09BFA
jia-yi-lower,谢惠民下册答案.pdf,29,answer-pages/jia-yi-lower/page-0029.jpg,1450,2051,5842F58FFA7474C92AC3074B0CDEEE6859B557A26CFF2BDB4254C23ED154126D
jia-yi-lower,谢惠民下册答案.pdf,30,answer-pages/jia-yi-lower/page-0030.jpg,1450,2051,C68DDA5EB680A165847FAD46376652358182FC4314DCAADB6FFB9802974C931E
jia-yi-lower,谢惠民下册答案.pdf,31,answer-pages/jia-yi-lower/page-0031.jpg,1450,2051,1CFF162369A4D7F2C0853A88E4B283FFB312600B9DB73B175B9F2AF32862E7FF
jia-yi-lower,谢惠民下册答案.pdf,32,answer-pages/jia-yi-lower/page-0032.jpg,1450,2051,B570A974D807ECBED9028825451A71140DAE58680C5AFB8A773DBBA081BD02CD
jia-yi-lower,谢惠民下册答案.pdf,33,answer-pages/jia-yi-lower/page-0033.jpg,1450,2051,3D08DEBF662087B47E3B25145237AACB7FBC390112EB2393C19694D36E187DD3
jia-yi-lower,谢惠民下册答案.pdf,34,answer-pages/jia-yi-lower/page-0034.jpg,1450,2051,348F183EDF2F821496B9A4723D1F7259AF494B0EEBE5EDA78E82A9558EB22F95
jia-yi-lower,谢惠民下册答案.pdf,35,answer-pages/jia-yi-lower/page-0035.jpg,1450,2051,66C4BC7D8A5E926E2ADDD4F52E1F0836444D24AB239FB53D73FFF066E8D27D22
jia-yi-lower,谢惠民下册答案.pdf,36,answer-pages/jia-yi-lower/page-0036.jpg,1450,2051,DDC35B7F87273290E7577879F7464D05ABD08095DE56A2FC10DBB4A7EDDDF8F1
jia-yi-lower,谢惠民下册答案.pdf,37,answer-pages/jia-yi-lower/page-0037.jpg,1450,2051,2991D6E8F0E09013129F0794F53E259149D3933CFBA5BA48E1828F13E14ACB51
jia-yi-lower,谢惠民下册答案.pdf,38,answer-pages/jia-yi-lower/page-0038.jpg,1450,2051,0B7EE763A57E724CEF14900DDC156CCC1D88D095B760533B121003150A86BF6F
jia-yi-lower,谢惠民下册答案.pdf,39,answer-pages/jia-yi-lower/page-0039.jpg,1450,2051,66C7CF2F034831C9927338FF845F6F4573B911EC0018FF2EB8B371BF87C10E6A
jia-yi-lower,谢惠民下册答案.pdf,40,answer-pages/jia-yi-lower/page-0040.jpg,1450,2051,30CD38E278578D4526958C7544018ACF1DD34C41CB529B401C86DB1E30E2235E
jia-yi-lower,谢惠民下册答案.pdf,41,answer-pages/jia-yi-lower/page-0041.jpg,1450,2051,3DE794C123366451683B1C77DA7FC4FEEA35D76675FC8C7DBD7DC8D54EAD4BE6
jia-yi-lower,谢惠民下册答案.pdf,42,answer-pages/jia-yi-lower/page-0042.jpg,1450,2051,FAA32BBA8497A7CFA4E09D90C3B0680443B7EF5AE0C44111F96C949A9796524F
jia-yi-lower,谢惠民下册答案.pdf,43,answer-pages/jia-yi-lower/page-0043.jpg,1450,2051,1D150EDD23B814B8D98EC64B6FB64F308271909C5875AE9052125E13119EEC72
jia-yi-lower,谢惠民下册答案.pdf,44,answer-pages/jia-yi-lower/page-0044.jpg,1450,2051,ACE97A47C55A692B513779B620730093165EDC2EBD0493242EE68197F09A3380
jia-yi-lower,谢惠民下册答案.pdf,45,answer-pages/jia-yi-lower/page-0045.jpg,1450,2051,A3F5643F0126A71CBCB8601A2412ACD0BB7A1A43649350A694FFF7D78989F250
jia-yi-lower,谢惠民下册答案.pdf,46,answer-pages/jia-yi-lower/page-0046.jpg,1450,2051,F3EAC3BDD5A2323B7B1272DEE1DE1032AB9E749953BAC319AA075DAC641336AD
jia-yi-lower,谢惠民下册答案.pdf,47,answer-pages/jia-yi-lower/page-0047.jpg,1450,2051,FAB4B59DB8A03F5676E7E05893AA7A497E0F9D9199F89905AA9D6571484510A1
jia-yi-lower,谢惠民下册答案.pdf,48,answer-pages/jia-yi-lower/page-0048.jpg,1450,2051,A32421D5A65E9B7C5F1905FBAE00358B298879E140C143FBF73A3BD9A2AD18E3
jia-yi-lower,谢惠民下册答案.pdf,49,answer-pages/jia-yi-lower/page-0049.jpg,1450,2051,1020960A3754993288B650E96F2FA491B162A9F3EDB70FEB51ACA177C89DC4FF
jia-yi-lower,谢惠民下册答案.pdf,50,answer-pages/jia-yi-lower/page-0050.jpg,1450,2051,3917FE859B60E460AE18C5B0DBB4A44446ECAFBEB36CD34E2CEA463F575B5F80
jia-yi-lower,谢惠民下册答案.pdf,51,answer-pages/jia-yi-lower/page-0051.jpg,1450,2051,35F19267CFF6AED448159B27A2C00177878156D0B475CA5F9271503305011AFF
jia-yi-lower,谢惠民下册答案.pdf,52,answer-pages/jia-yi-lower/page-0052.jpg,1450,2051,C89FD589DCEC20A56C79378AC46592AC7E1AF83510A33810C46050AAC4971F0F
jia-yi-lower,谢惠民下册答案.pdf,53,answer-pages/jia-yi-lower/page-0053.jpg,1450,2051,8EC575A6F498BF34620E70D15AB480BF2DEF7DE80973C15CA2ED4AA1EA9EE3B7
jia-yi-lower,谢惠民下册答案.pdf,54,answer-pages/jia-yi-lower/page-0054.jpg,1450,2051,BA723E1243ADB45376B8C8BF629F90E6F765E66EBD74C8DCEC81FAC0CEE8A20D
jia-yi-lower,谢惠民下册答案.pdf,55,answer-pages/jia-yi-lower/page-0055.jpg,1450,2051,50BD158E04AD6D13FBCF6D850C5F627FA3183BBE6BE5149258AA551218C94359
jia-yi-lower,谢惠民下册答案.pdf,56,answer-pages/jia-yi-lower/page-0056.jpg,1450,2051,31F9116A803F43D83636FEBB7CF373230B032A18D5488C27E39EFAE88EB03678
jia-yi-lower,谢惠民下册答案.pdf,57,answer-pages/jia-yi-lower/page-0057.jpg,1450,2051,50DA76EE6B69F9BCE7DB5F8C18EEF6D276A93220D0098FB5EB1BC3E5853BDC76
jia-yi-lower,谢惠民下册答案.pdf,58,answer-pages/jia-yi-lower/page-0058.jpg,1450,2051,D13384D12823FECBE6921CD4BC20606657641A8D4E2B4B3BA08B2C60019C80FE
jia-yi-lower,谢惠民下册答案.pdf,59,answer-pages/jia-yi-lower/page-0059.jpg,1450,2051,C59C6EA9C00371F128DCB35B2670D788067371FC8948785C7B6D7FB5E66D4B80
jia-yi-lower,谢惠民下册答案.pdf,60,answer-pages/jia-yi-lower/page-0060.jpg,1450,2051,299E071AED1526652326E34CF3AD3705CAF02663466AE9155E399CFED08572EF
jia-yi-lower,谢惠民下册答案.pdf,61,answer-pages/jia-yi-lower/page-0061.jpg,1450,2051,E20F7B9989CD33F490C98E697000AC36A6B11070058013BE8432B6A19EA96817
jia-yi-lower,谢惠民下册答案.pdf,62,answer-pages/jia-yi-lower/page-0062.jpg,1450,2051,E22C72A119489AB41CA4CE4CDC9E8A0A6A34514A24ABB6C2ACF4E9A511F4225D
jia-yi-lower,谢惠民下册答案.pdf,63,answer-pages/jia-yi-lower/page-0063.jpg,1450,2051,0680DC441274EA5B6E1FD8A1EC4F5161AE04B59410453B8E2F3BB7EAEC3C26C2
jia-yi-lower,谢惠民下册答案.pdf,64,answer-pages/jia-yi-lower/page-0064.jpg,1450,2051,1CDCB059078A9CAFF0A740D3D4205FF10A2C8A81BA51EFB7516D5FBA697CEEB3
jia-yi-lower,谢惠民下册答案.pdf,65,answer-pages/jia-yi-lower/page-0065.jpg,1450,2051,92B87453FBCC855F6B1E799A98928DCCA5205F9679A906C039218E08FDBB4BC4
jia-yi-lower,谢惠民下册答案.pdf,66,answer-pages/jia-yi-lower/page-0066.jpg,1450,2051,3A8271AFD395176226DB780F181A46A92E44403C669C9701FA24500520BD088B
jia-yi-lower,谢惠民下册答案.pdf,67,answer-pages/jia-yi-lower/page-0067.jpg,1450,2051,AB69488F7DB769BE1922C1E011528E1641C28F33451A8F1C4D9FA6BA1A881B73
jia-yi-lower,谢惠民下册答案.pdf,68,answer-pages/jia-yi-lower/page-0068.jpg,1450,2051,9708542B7117652E39CB0D37DA0E987BD34789F90AE0D9488708537B7E4D3B21
jia-yi-lower,谢惠民下册答案.pdf,69,answer-pages/jia-yi-lower/page-0069.jpg,1450,2051,C544D3FBB51414493B01FEBD4C93E141EA910CB847D5E4C31D2232A739EA0D34
jia-yi-lower,谢惠民下册答案.pdf,70,answer-pages/jia-yi-lower/page-0070.jpg,1450,2051,396471160166FCE24A00BA4B6D2A943D040F4D57ECDA2BA3127A73BCA77E8610
jia-yi-lower,谢惠民下册答案.pdf,71,answer-pages/jia-yi-lower/page-0071.jpg,1450,2051,41B3A1F4DC6133D8C49CC435F4DE70AD34BE80FDF5FC6D5CD8A7DC652F494AC4
jia-yi-lower,谢惠民下册答案.pdf,72,answer-pages/jia-yi-lower/page-0072.jpg,1450,2051,551DAF0BC3E83B8CDDE71EDE8D21B75DEFE1B25C60EE08AF337EB640F428ED6E
jia-yi-lower,谢惠民下册答案.pdf,73,answer-pages/jia-yi-lower/page-0073.jpg,1450,2051,747926E330EBA73A8555D09655756772E4F073620D0B6AF61303A4E64F85668E
jia-yi-lower,谢惠民下册答案.pdf,74,answer-pages/jia-yi-lower/page-0074.jpg,1450,2051,6BF603ADE8697EDB15585F001B580F4C591E51F4267CE4134C8FAD9C580F44B7
jia-yi-lower,谢惠民下册答案.pdf,75,answer-pages/jia-yi-lower/page-0075.jpg,1450,2051,4A7245600EFB2F567CB2278CBE43EA56005FB127CDEB0440AC8F294AC608E3BC
jia-yi-lower,谢惠民下册答案.pdf,76,answer-pages/jia-yi-lower/page-0076.jpg,1450,2051,639605C28D2793564F8945D32F6DFEC1BBC6EBFB8FB12EAE0F7CEDAAECBFDF5B
jia-yi-lower,谢惠民下册答案.pdf,77,answer-pages/jia-yi-lower/page-0077.jpg,1450,2051,AA4429F9F1FF5F28DBDD037EA3136671E7B0A8054B420DEC0BF602136EC046C6
jia-yi-lower,谢惠民下册答案.pdf,78,answer-pages/jia-yi-lower/page-0078.jpg,1450,2051,09E3B2E682DB6481661F97974757A3A341CD89670C370ED1C0494AD39023B46F
jia-yi-lower,谢惠民下册答案.pdf,79,answer-pages/jia-yi-lower/page-0079.jpg,1450,2051,12801C1EE69DE36A380C989EDD73EB262E2A1B63BF08D7FD000B15202D769440
jia-yi-lower,谢惠民下册答案.pdf,80,answer-pages/jia-yi-lower/page-0080.jpg,1450,2051,78B3040F75E4879F9203F39EDFAA8F6FDA9716EEE35290BEA82310469E969E60
jia-yi-lower,谢惠民下册答案.pdf,81,answer-pages/jia-yi-lower/page-0081.jpg,1450,2051,3049115B13DD440A80D815CAFAFB5EBD8BF099AA12C5632584E475A82ECE8392
jia-yi-lower,谢惠民下册答案.pdf,82,answer-pages/jia-yi-lower/page-0082.jpg,1450,2051,42FED25FB61757EADC8587A3B9C210B649F88D1DDB57824AA4ECADF8D18A0C9D
jia-yi-lower,谢惠民下册答案.pdf,83,answer-pages/jia-yi-lower/page-0083.jpg,1450,2051,A9E253B15C9661E05C2A673060E8F9B621007655AF042EFC5EF64400E1192842
jia-yi-lower,谢惠民下册答案.pdf,84,answer-pages/jia-yi-lower/page-0084.jpg,1450,2051,0350F9CF9DEA7C26CAD18F23F44C117F0BD73430F71DCF1C8D0D4AC5396212A7
jia-yi-lower,谢惠民下册答案.pdf,85,answer-pages/jia-yi-lower/page-0085.jpg,1450,2051,AAB73647CD9A4F7343387F8E25563D2C5AD04A0FA85821D7094B445B569F8C27
jia-yi-lower,谢惠民下册答案.pdf,86,answer-pages/jia-yi-lower/page-0086.jpg,1450,2051,6CB86DD97124DA805B9B9ACFC899D0C8EBF7403F0EF50464C65D5EF68A66837A
jia-yi-lower,谢惠民下册答案.pdf,87,answer-pages/jia-yi-lower/page-0087.jpg,1450,2051,AFFF08EE30569873CD0269E48086F226FE4B963DC8193FAB40A5F7369C0CE532
jia-yi-lower,谢惠民下册答案.pdf,88,answer-pages/jia-yi-lower/page-0088.jpg,1450,2051,DC4B4FD58C6974EBE1BA877419CA5DEF569F25F1379402552A44EA574151611D
jia-yi-lower,谢惠民下册答案.pdf,89,answer-pages/jia-yi-lower/page-0089.jpg,1450,2051,E6C3A82B96AA5F95150C265B484F59B21B1A1CBCA317FCBBB48D937CA27C7672
jia-yi-lower,谢惠民下册答案.pdf,90,answer-pages/jia-yi-lower/page-0090.jpg,1450,2051,D2A89C991F237126DA35517639AA44B051D187BCF480926E369197E057B46687
jia-yi-lower,谢惠民下册答案.pdf,91,answer-pages/jia-yi-lower/page-0091.jpg,1450,2051,250680B405729422C06D77C6FF02571CD3FBBB357066B356C358B931C41385E0
jia-yi-lower,谢惠民下册答案.pdf,92,answer-pages/jia-yi-lower/page-0092.jpg,1450,2051,DD6ED67EC82C0EA2636152F4244F15AE316356FD2519FF43926A3DAF6D6B4B4C
jia-yi-lower,谢惠民下册答案.pdf,93,answer-pages/jia-yi-lower/page-0093.jpg,1450,2051,3C5E0333AD5D540706A8C4D474C1BCB3BC0EF2CF1998E6167A6BFEA9130003C1
jia-yi-lower,谢惠民下册答案.pdf,94,answer-pages/jia-yi-lower/page-0094.jpg,1450,2051,3EEE0924A972CCBAD0F1A6A9E14FDF7C3E957C6638906EE95206DD689B52B32E
jia-yi-lower,谢惠民下册答案.pdf,95,answer-pages/jia-yi-lower/page-0095.jpg,1450,2051,4F05DD84BCCBC8892304BA3A3A7D72FD0E0E8162DFA1EC042F4BB08D88033AE7
jia-yi-lower,谢惠民下册答案.pdf,96,answer-pages/jia-yi-lower/page-0096.jpg,1450,2051,C9A94A979952E144E7F46837C87E3741741151CA0C14659280A1CB4AA73F830F
jia-yi-lower,谢惠民下册答案.pdf,97,answer-pages/jia-yi-lower/page-0097.jpg,1450,2051,64F5E50C5D9F7725394389A7C5D4FD640C434C1B2808ED3E59302E7E530A118A
jia-yi-lower,谢惠民下册答案.pdf,98,answer-pages/jia-yi-lower/page-0098.jpg,1450,2051,BB1E1D988BF32C0FED9C894CB5A9DDBD65CFF492E224FA9706372D22B53E7E41
jia-yi-lower,谢惠民下册答案.pdf,99,answer-pages/jia-yi-lower/page-0099.jpg,1450,2051,C70C952A84C0ECF14AF198A7AA206E62197C7A31E32D99910B67958C28E4F98E
jia-yi-lower,谢惠民下册答案.pdf,100,answer-pages/jia-yi-lower/page-0100.jpg,1450,2051,1D54CEC780FD17EB699D504BEE6F3E3B7D1DF4DDF09BF5656558AFEA6DF76309
jia-yi-lower,谢惠民下册答案.pdf,101,answer-pages/jia-yi-lower/page-0101.jpg,1450,2051,620FDE647B92B3E4FD7552D5AFE878498691563B2DBF355107F263C20DBED068
jia-yi-lower,谢惠民下册答案.pdf,102,answer-pages/jia-yi-lower/page-0102.jpg,1450,2051,C92C3BF4524125E01CB53733B0189E9D65AC7AE4233E59B5856B7D74608104A7
jia-yi-lower,谢惠民下册答案.pdf,103,answer-pages/jia-yi-lower/page-0103.jpg,1450,2051,43242242AA00C0BD77F067FC7416081ED94AE5F6FFE115F838707415B6768299
jia-yi-lower,谢惠民下册答案.pdf,104,answer-pages/jia-yi-lower/page-0104.jpg,1450,2051,C35D6F6997BD2BF657A149E783AE383EE2B3DF7BF0572056B0C3DB8DA2B5F2FE
jia-yi-lower,谢惠民下册答案.pdf,105,answer-pages/jia-yi-lower/page-0105.jpg,1450,2051,16744F0B4C9CEA392737539EA6552CAF58944913CD97C4FE3B059CEAB3C0C258
jia-yi-lower,谢惠民下册答案.pdf,106,answer-pages/jia-yi-lower/page-0106.jpg,1450,2051,6ACCF845AB1F167FAF56156961F2C108B60802069A53457AEB14AC4455808055
jia-yi-lower,谢惠民下册答案.pdf,107,answer-pages/jia-yi-lower/page-0107.jpg,1450,2051,A60ADD3D2860133D068E5209308BC181FC3232375DC8094A6D0825716B5406E1
jia-yi-lower,谢惠民下册答案.pdf,108,answer-pages/jia-yi-lower/page-0108.jpg,1450,2051,4E6800BA3F7BD693E5044C7103943F93DBD14CE962322ABC807E3C96DB23F32E
jia-yi-lower,谢惠民下册答案.pdf,109,answer-pages/jia-yi-lower/page-0109.jpg,1450,2051,59E0145D7523E45F75B7CBBF3EE189B736F5C94BDD8AF5A146EEA65CC071DF1A
jia-yi-lower,谢惠民下册答案.pdf,110,answer-pages/jia-yi-lower/page-0110.jpg,1450,2051,20602E854D4A8EBBEBCD540D861356E62F21C1E3B69EA316EE93E3BBDB939468
jia-yi-lower,谢惠民下册答案.pdf,111,answer-pages/jia-yi-lower/page-0111.jpg,1450,2051,163D4F61580332C5BB552DEAF9A911C84982F565B9CEAAB329E2E34B96A4493A
jia-yi-lower,谢惠民下册答案.pdf,112,answer-pages/jia-yi-lower/page-0112.jpg,1450,2051,CB5EC88EABF377B001BF811E73BCB69578E6CAE2E191ECD781BA2740FF0AEA7E
jia-yi-lower,谢惠民下册答案.pdf,113,answer-pages/jia-yi-lower/page-0113.jpg,1450,2051,5FED0092A939A913B60780848FC4A6914E5F2D48B98D8DB1C1D8B28B75D99A0F
jia-yi-lower,谢惠民下册答案.pdf,114,answer-pages/jia-yi-lower/page-0114.jpg,1450,2051,2400718BF076F66E9CBB5C6B02E5A8EDCE18A9D5FEE12E671B93A88F4E8D876E
jia-yi-lower,谢惠民下册答案.pdf,115,answer-pages/jia-yi-lower/page-0115.jpg,1450,2051,32A746B865816BEF20ED6282DD56925A100A5C78D6A74C2C996187E51C49F1CF
jia-yi-lower,谢惠民下册答案.pdf,116,answer-pages/jia-yi-lower/page-0116.jpg,1450,2051,E70CE4B1FED3A6B091F38271C7AFBF5BC40C9954B4683EE3866249459B29D9F4
jia-yi-lower,谢惠民下册答案.pdf,117,answer-pages/jia-yi-lower/page-0117.jpg,1450,2051,5F9FF126C813167661820A023A81788238B5DC96D411C893B2B669FDE730AB1A
jia-yi-lower,谢惠民下册答案.pdf,118,answer-pages/jia-yi-lower/page-0118.jpg,1450,2051,8D695B8200CB93EE1E241AC1D72A1FF6456D1278281E2021D36A5F6AB7120EF7
jia-yi-lower,谢惠民下册答案.pdf,119,answer-pages/jia-yi-lower/page-0119.jpg,1450,2051,A5336CAF91366DFE1DE1F79C9E3E94001D1B4A377383D0041A257509C3362683
jia-yi-lower,谢惠民下册答案.pdf,120,answer-pages/jia-yi-lower/page-0120.jpg,1450,2051,AE10FFD832BA4C357855B59F78AD84DAD35F9996C471B291AD884C4F00FBE0BE
jia-yi-lower,谢惠民下册答案.pdf,121,answer-pages/jia-yi-lower/page-0121.jpg,1450,2051,CE1DB15CC41576590AF9BA5955AC9189BAB1FED07C44782F4AA48161CD156068
jia-yi-lower,谢惠民下册答案.pdf,122,answer-pages/jia-yi-lower/page-0122.jpg,1450,2051,B152424D3F2A0CA7C703B018245277E6D5768959619625B98D020D397B7E4B25
jia-yi-lower,谢惠民下册答案.pdf,123,answer-pages/jia-yi-lower/page-0123.jpg,1450,2051,C0999C33157AA37E04ACFD3690B9FB0E90C53F05B35A926CF72D65A1BB115B89
jia-yi-lower,谢惠民下册答案.pdf,124,answer-pages/jia-yi-lower/page-0124.jpg,1450,2051,A199901FC94D45D6F578389A5D19483DAF5B8B1BDEF10F6BD3971BE74A6039B4
jia-yi-lower,谢惠民下册答案.pdf,125,answer-pages/jia-yi-lower/page-0125.jpg,1450,2051,EF69B9ABD76AF941B54FC7602657C47AA53916180BE6A5AB7D74E501ABE444B3
jia-yi-lower,谢惠民下册答案.pdf,126,answer-pages/jia-yi-lower/page-0126.jpg,1450,2051,94F0B2CEA332B918C8E316C44DD2CD241F532F2A0281E16EFD748567D766202B
jia-yi-lower,谢惠民下册答案.pdf,127,answer-pages/jia-yi-lower/page-0127.jpg,1450,2051,295D711444DBC44F5098797271E70DC0064324B2664C1A80A78991AC9694E978
jia-yi-lower,谢惠民下册答案.pdf,128,answer-pages/jia-yi-lower/page-0128.jpg,1450,2051,A571DDE8AAFD9F15A219032DFFC521716E1A694E3B768F16EC690E79CBCDD566
jia-yi-lower,谢惠民下册答案.pdf,129,answer-pages/jia-yi-lower/page-0129.jpg,1450,2051,CF08C23677A736E5B4621CCE947E0811CCF17D6E0E6E517AE0086F7428A52F1D
jia-yi-lower,谢惠民下册答案.pdf,130,answer-pages/jia-yi-lower/page-0130.jpg,1450,2051,62D22B269F7B409DCCF49A6F5A1A179C80C02F8840026D14BF2D3EF1C2885615
jia-yi-lower,谢惠民下册答案.pdf,131,answer-pages/jia-yi-lower/page-0131.jpg,1450,2051,32C0CC908012C18392CFBCFC2BBC69A59EBCC726F30596E9558994FA59C87955
jia-yi-lower,谢惠民下册答案.pdf,132,answer-pages/jia-yi-lower/page-0132.jpg,1450,2051,53C3E2783D35D9CB4CAF084E7883DDC78AC299019805A72AC1F464F93A2E5691
jia-yi-lower,谢惠民下册答案.pdf,133,answer-pages/jia-yi-lower/page-0133.jpg,1450,2051,89DEB42A344505352755258C986714D672E49CAB9C46DD407C9624F1A2CCC29D
jia-yi-lower,谢惠民下册答案.pdf,134,answer-pages/jia-yi-lower/page-0134.jpg,1450,2051,EFE02BCAAFC007CA5A6266A085407B00AE0D1C4662C06B0A39EA96AA657F04E8
jia-yi-lower,谢惠民下册答案.pdf,135,answer-pages/jia-yi-lower/page-0135.jpg,1450,2051,739CAF34C15EA60F9EA21F5C74FB34C093A9B81AAF9283D4174B8241935563C1
jia-yi-lower,谢惠民下册答案.pdf,136,answer-pages/jia-yi-lower/page-0136.jpg,1450,2051,734042C99B6040595FAF1F1A719F512FE17117BF3024334411D08EE1EA759AF1
jia-yi-lower,谢惠民下册答案.pdf,137,answer-pages/jia-yi-lower/page-0137.jpg,1450,2051,4D061793C24CC9739B830AC549DF6D9C3EAF0FB14DD8610D2634C0B824C8D1A6
jia-yi-lower,谢惠民下册答案.pdf,138,answer-pages/jia-yi-lower/page-0138.jpg,1450,2051,481368C5092D8C9EC4EC166E2E473FFACA0F203ACB49FD3F4CC85B10D5D8F485
jia-yi-lower,谢惠民下册答案.pdf,139,answer-pages/jia-yi-lower/page-0139.jpg,1450,2051,9E4CC99A6CAEBD2E8169FC49FDC85A53523631D0A9E7965B645A3C53FF54AD24
jia-yi-lower,谢惠民下册答案.pdf,140,answer-pages/jia-yi-lower/page-0140.jpg,1450,2051,BA05D61C0C953861AB0E3F2AFC83A8C4962F20BDD643A8833830C8D1BC522416
jia-yi-lower,谢惠民下册答案.pdf,141,answer-pages/jia-yi-lower/page-0141.jpg,1450,2051,1BA0461E35CC3C0F762607E721F4BB69F53A31F4C81337FB4C6FFE4F5F5314CD
jia-yi-lower,谢惠民下册答案.pdf,142,answer-pages/jia-yi-lower/page-0142.jpg,1450,2051,C44E98E9B3E8EA28DC7F9BFB70589CDDF0F5C5770387EDAF2769098EAB4ECDCA
jia-yi-lower,谢惠民下册答案.pdf,143,answer-pages/jia-yi-lower/page-0143.jpg,1450,2051,25EECE4CF80283057BCFF98720EE6FFCE02FC7BA577CAE42DF455A288B0354B5
jia-yi-lower,谢惠民下册答案.pdf,144,answer-pages/jia-yi-lower/page-0144.jpg,1450,2051,6F8E58C1A75E792D38E106D0DEF0FAF14237D733A6E43CA60A1BD58601479085
jia-yi-lower,谢惠民下册答案.pdf,145,answer-pages/jia-yi-lower/page-0145.jpg,1450,2051,B09758EFB84D3231F195A259FAE6AFAA0903DB838BFEB6E6F028BBD5358F6465
jia-yi-lower,谢惠民下册答案.pdf,146,answer-pages/jia-yi-lower/page-0146.jpg,1450,2051,4517184022971B1E03C1FBA922FCAF94D74ACE829295679E6BE1A99493BDB9F4
jia-yi-lower,谢惠民下册答案.pdf,147,answer-pages/jia-yi-lower/page-0147.jpg,1450,2051,D6C40830F151AF21054BC5F7C875BD7D296536BA498082D4E8BA0DD366F3C8A4
jia-yi-lower,谢惠民下册答案.pdf,148,answer-pages/jia-yi-lower/page-0148.jpg,1450,2051,B3A0F4FB0FFA21553B65C8DB30FEB24E78D5D94BD042536D0B0CC007070B8B4F
jia-yi-lower,谢惠民下册答案.pdf,149,answer-pages/jia-yi-lower/page-0149.jpg,1450,2051,57F1975685DD65276164FC6480F22DD9F0D0A89CCE835A740050F1156EA42884
jia-yi-lower,谢惠民下册答案.pdf,150,answer-pages/jia-yi-lower/page-0150.jpg,1450,2051,705B292D5C3CDFD90DA76A7365A94EDFC886149A04B1A26DCE9791A06CA2E666
jia-yi-lower,谢惠民下册答案.pdf,151,answer-pages/jia-yi-lower/page-0151.jpg,1450,2051,4FC04F6E47CA07FD6DF95BE8303C470667F63D11C20D11ECD759B966F88C080E
jia-yi-lower,谢惠民下册答案.pdf,152,answer-pages/jia-yi-lower/page-0152.jpg,1450,2051,271CF03F708128E5DF010930CDDEFF4D74BCF42A4E24044EED6978FE4EE16CDD
jia-yi-lower,谢惠民下册答案.pdf,153,answer-pages/jia-yi-lower/page-0153.jpg,1450,2051,42A81ECC3B4697EFC12B9B67E923D75069F910C020BFF4ED5F336F71AAACA227
jia-yi-lower,谢惠民下册答案.pdf,154,answer-pages/jia-yi-lower/page-0154.jpg,1450,2051,DFBC8D0C90D626AEF7A1CEF8C17DAAB936BB8527C322198A8DFC9637A9B483A0
jia-yi-lower,谢惠民下册答案.pdf,155,answer-pages/jia-yi-lower/page-0155.jpg,1450,2051,01D5C551C4B6CD65BEF5F17D9EC931F2ED62426A7947799A8EB588D7B185CA6F
jia-yi-lower,谢惠民下册答案.pdf,156,answer-pages/jia-yi-lower/page-0156.jpg,1450,2051,A1CCD285930DA0090C0F393F521ABF7430CE5A0E51616052FAB38E641AD6F500
jia-yi-lower,谢惠民下册答案.pdf,157,answer-pages/jia-yi-lower/page-0157.jpg,1450,2051,8FA091D963BFBF0ADDACBB5CC88791B691489BBA19AEF0213837DEBFD4261E72
jia-yi-lower,谢惠民下册答案.pdf,158,answer-pages/jia-yi-lower/page-0158.jpg,1450,2051,36B5BA537F745026C2D12C7FF3AA833BE5A66A4CE17C4659CB95FD14EEA99A9A
jia-yi-lower,谢惠民下册答案.pdf,159,answer-pages/jia-yi-lower/page-0159.jpg,1450,2051,23A112259BE34D7A9AAA535D39526C8C5C71E26AF3F58E08333D216487C94F5B
jia-yi-lower,谢惠民下册答案.pdf,160,answer-pages/jia-yi-lower/page-0160.jpg,1450,2051,A0E0F80944C0DAF5F333DC80ADD7990952321919817E232EF16BE7608BD0D482
jia-yi-lower,谢惠民下册答案.pdf,161,answer-pages/jia-yi-lower/page-0161.jpg,1450,2051,88F4F79830A48F42C01967E8B49A6B36407234C37F8C6C99C9334B0B5CA1E267
jia-yi-lower,谢惠民下册答案.pdf,162,answer-pages/jia-yi-lower/page-0162.jpg,1450,2051,5D3834C91E64112A647DBAE2982A74F38655019E21C5387F4EEE086265205116
jia-yi-lower,谢惠民下册答案.pdf,163,answer-pages/jia-yi-lower/page-0163.jpg,1450,2051,4EC276231DDF6E8F5129D5ED3A3750BE7398CD319277BB69537FC3D8B687E951
jia-yi-lower,谢惠民下册答案.pdf,164,answer-pages/jia-yi-lower/page-0164.jpg,1450,2051,44D4A339310831BA27C1DA7CCE6F9369659B3774659DB02B0395017540E7D30E
jia-yi-lower,谢惠民下册答案.pdf,165,answer-pages/jia-yi-lower/page-0165.jpg,1450,2051,61AB55A052DD73623EE0A9C349778157C188E802E135D91C61205F0C1B918FE3
jia-yi-lower,谢惠民下册答案.pdf,166,answer-pages/jia-yi-lower/page-0166.jpg,1450,2051,134E3ACBC1DF57F8B945C5045B76316C6A5D089A7DF34FE5333F39DCCC72015A
jia-yi-lower,谢惠民下册答案.pdf,167,answer-pages/jia-yi-lower/page-0167.jpg,1450,2051,B55B4E43957E350C6DEA51F19F46EB3CB879E92EFBDC1332304C9DB815C3F648
jia-yi-lower,谢惠民下册答案.pdf,168,answer-pages/jia-yi-lower/page-0168.jpg,1450,2051,37FD7EAEAA1DE1AE2760E52306E97951258173026DC95BE5A72E6C4ABC198E0C
jia-yi-lower,谢惠民下册答案.pdf,169,answer-pages/jia-yi-lower/page-0169.jpg,1450,2051,B7DA3CA9C6C6726A201A6C94F82A76A6C255C7282678383F1AD758727889200C
jia-yi-lower,谢惠民下册答案.pdf,170,answer-pages/jia-yi-lower/page-0170.jpg,1450,2051,825E086DA9C79D0ED740AC508F2CA24C1DB633411202FA215C17BA795E93F283
jia-yi-lower,谢惠民下册答案.pdf,171,answer-pages/jia-yi-lower/page-0171.jpg,1450,2051,785C516FE96ED0AF58D5F4FB46A01DB95C0EE499964F67EADB0318850202591A
jia-yi-lower,谢惠民下册答案.pdf,172,answer-pages/jia-yi-lower/page-0172.jpg,1450,2051,8AA8B06730A576C6847835A7E003DDE3ADA17FAE16220454DA1A3E276371BE47
jia-yi-lower,谢惠民下册答案.pdf,173,answer-pages/jia-yi-lower/page-0173.jpg,1450,2051,6F17E5976FA50827A14B9B45D635DA63C72E3BCBEBB5F3B63F14ED60A9889B77
jia-yi-lower,谢惠民下册答案.pdf,174,answer-pages/jia-yi-lower/page-0174.jpg,1450,2051,D36308AFCBD6876C1389BC6507B6885F644B034B4728F9597458250B10D8DD08
jia-yi-lower,谢惠民下册答案.pdf,175,answer-pages/jia-yi-lower/page-0175.jpg,1450,2051,0B4849F725CEAE0D0FEFF73905198B42E3C679F5B7D82A86872BDFE3A7FAAB0F
jia-yi-lower,谢惠民下册答案.pdf,176,answer-pages/jia-yi-lower/page-0176.jpg,1450,2051,B8AEBB9F9494C702501238BC0AFC865567300E93FF9109FAF02B6D9C157BBAFA
jia-yi-lower,谢惠民下册答案.pdf,177,answer-pages/jia-yi-lower/page-0177.jpg,1450,2051,920E7788D2F19812C1FA3F99AF006929023CB606381151B9D5FA62B03C51DC56
jia-yi-lower,谢惠民下册答案.pdf,178,answer-pages/jia-yi-lower/page-0178.jpg,1450,2051,DFF21A3A0C1F9BCDB03EC06B364FB4127B43738B103C1AF0640BEC3805D53305
jia-yi-lower,谢惠民下册答案.pdf,179,answer-pages/jia-yi-lower/page-0179.jpg,1450,2051,FDCCBF412BEA71EFB88B12141B7F2FCC737910BB418ADE4DD488FAE23892792D
jia-yi-lower,谢惠民下册答案.pdf,180,answer-pages/jia-yi-lower/page-0180.jpg,1450,2051,053ECBD2140A0C7EED3F679763D04BD41D1BF3CEA053A100E3A610AFA2F260DA
jia-yi-lower,谢惠民下册答案.pdf,181,answer-pages/jia-yi-lower/page-0181.jpg,1450,2051,10C12091F2DA5972EA15753AEFE208F6C9C923C1EF78C2BB90D80E12280F12C6
jia-yi-lower,谢惠民下册答案.pdf,182,answer-pages/jia-yi-lower/page-0182.jpg,1450,2051,5472002862FCD3BD6367E83B274F3C92EDE4E2D2C0438B9FC779C85687B40E1F
jia-yi-lower,谢惠民下册答案.pdf,183,answer-pages/jia-yi-lower/page-0183.jpg,1450,2051,D49E4ACB5D452CFAC5BD53893E95968872B351D1BFB8BE3E7EE16DCD00213222
jia-yi-lower,谢惠民下册答案.pdf,184,answer-pages/jia-yi-lower/page-0184.jpg,1450,2051,E41D8295D43E5C7A5E04D7EBA3AF83023183FBC992389C0338C5752FE9914BD5
jia-yi-lower,谢惠民下册答案.pdf,185,answer-pages/jia-yi-lower/page-0185.jpg,1450,2051,D939F4F60047B8921D8BAB90F02906DF2DC97E2DA9CF6B7D10A5FD53DA14D7F9
jia-yi-lower,谢惠民下册答案.pdf,186,answer-pages/jia-yi-lower/page-0186.jpg,1450,2051,996CF228C7D5DF193E6AB031412938E79B9A275EBD934FE7DB3FB35EF065A8FC
jia-yi-lower,谢惠民下册答案.pdf,187,answer-pages/jia-yi-lower/page-0187.jpg,1450,2051,C583EACFFF77DE893206C3F86A286C36E9BCD79DC6E9FE17123597D47FA05400
jia-yi-lower,谢惠民下册答案.pdf,188,answer-pages/jia-yi-lower/page-0188.jpg,1450,2051,69EB48CCC90EF2CEBD191E8DFA2D5E08B7DEA2D98B7A6F60209AA6DF726208E3
jia-yi-lower,谢惠民下册答案.pdf,189,answer-pages/jia-yi-lower/page-0189.jpg,1450,2051,D665580A16B30F2751EBD8BCE4DF4477768C9F04496D9754CD3D9E3A794ED3E7
jia-yi-lower,谢惠民下册答案.pdf,190,answer-pages/jia-yi-lower/page-0190.jpg,1450,2051,419D85DC4FD3D8ACC539F509E645ACF51B1E2A29B04052FA71EB9746A4BC8BF0
jia-yi-lower,谢惠民下册答案.pdf,191,answer-pages/jia-yi-lower/page-0191.jpg,1450,2051,561593AE6B3ED426386850139EED935237322E79F4F726A7E5F58488D6E267EA
jia-yi-lower,谢惠民下册答案.pdf,192,answer-pages/jia-yi-lower/page-0192.jpg,1450,2051,3E53ED599E0EEA809DD55D6ED5BB04CB1BCA240418F33A92352B525F4C84DCBC
jia-yi-lower,谢惠民下册答案.pdf,193,answer-pages/jia-yi-lower/page-0193.jpg,1450,2051,F9A643E1511659FE3ECA5357854B92D4B4B157F075B33A3C6AB200F333F2E55D
jia-yi-lower,谢惠民下册答案.pdf,194,answer-pages/jia-yi-lower/page-0194.jpg,1450,2051,A81074FEBBA8B0E3E4F92375F94C0B3121AA26A13209F4475B6C8596C9156280
jia-yi-lower,谢惠民下册答案.pdf,195,answer-pages/jia-yi-lower/page-0195.jpg,1450,2051,AE8F5ED85A08748F2C0302D48D87B71BC8DEC26BA998E2E56AF2767724FE4A62
jia-yi-lower,谢惠民下册答案.pdf,196,answer-pages/jia-yi-lower/page-0196.jpg,1450,2051,23D4DF52621D312B527DA5C48D17C5B8E2E6A3E19E8B27C9D8E89FC1AB10CAF3
jia-yi-lower,谢惠民下册答案.pdf,197,answer-pages/jia-yi-lower/page-0197.jpg,1450,2051,A7D49015963F91F698BBB1DCA6B42153B95352331286FF654257D26DA862FD9B
jia-yi-lower,谢惠民下册答案.pdf,198,answer-pages/jia-yi-lower/page-0198.jpg,1450,2051,4306F6B299FA169C66395A0B176A2FED853A6AA4356C93D8A36D3BD485D84419
jia-yi-lower,谢惠民下册答案.pdf,199,answer-pages/jia-yi-lower/page-0199.jpg,1450,2051,E88B71E3B9E5D140128DB8D8732CDE5AA8B6D2BBE87480C5AFCFC51E1F7AFB91
jia-yi-lower,谢惠民下册答案.pdf,200,answer-pages/jia-yi-lower/page-0200.jpg,1450,2051,CCF01A81DF9379949C9128FAE79786013920C4C1A561F3399CAEDD8394E0D984
jia-yi-lower,谢惠民下册答案.pdf,201,answer-pages/jia-yi-lower/page-0201.jpg,1450,2051,839A1A493BF80291FC37CBCCFB60EFD96643EEFE431F2F148AC10D06B0689834
jia-yi-lower,谢惠民下册答案.pdf,202,answer-pages/jia-yi-lower/page-0202.jpg,1450,2051,A090415F054178E6B11459AC730C1BE2BA43CDE6B9AC37CE4F4EA563C2B32113
jia-yi-lower,谢惠民下册答案.pdf,203,answer-pages/jia-yi-lower/page-0203.jpg,1450,2051,4BEE731F603F2FDECD2A9B39F304BC5D707C4E0E440B2E1DA9AC0E64F958B045
jia-yi-lower,谢惠民下册答案.pdf,204,answer-pages/jia-yi-lower/page-0204.jpg,1450,2051,A68A77B3AA5A76AEEBB8DFBFF2523488A97F1C5778751DF6A820E11D0A6EB01C
jia-yi-lower,谢惠民下册答案.pdf,205,answer-pages/jia-yi-lower/page-0205.jpg,1450,2051,8D5DAC1B21B70361334B43598C1A71E206A994FEEAA685569B3F3A3CA7CD3D3D
jia-yi-lower,谢惠民下册答案.pdf,206,answer-pages/jia-yi-lower/page-0206.jpg,1450,2051,645C943321296E7B3455A0293179BB444E2690995D7C175632E5FC16691EF32B
jia-yi-lower,谢惠民下册答案.pdf,207,answer-pages/jia-yi-lower/page-0207.jpg,1450,2051,C830C3641A29FA8AEE83AE6C7CE4783F9AA4D39D2C0703CDC200D618DD2C865F
jia-yi-lower,谢惠民下册答案.pdf,208,answer-pages/jia-yi-lower/page-0208.jpg,1450,2051,36FFBF3909A0EF227A16A6ABA7156A86AFE700301E67200B0C3F079AB65797B1
jia-yi-lower,谢惠民下册答案.pdf,209,answer-pages/jia-yi-lower/page-0209.jpg,1450,2051,2866241F745D8772860F06D4EC8A97AF73C70774C4B8F847A95EB73E64F4B2D2
jia-yi-lower,谢惠民下册答案.pdf,210,answer-pages/jia-yi-lower/page-0210.jpg,1450,2051,0ABEA1E88784FA8657438652A560B4DCDDBE17DC82AA33E0794B3E6D892413F6
jia-yi-lower,谢惠民下册答案.pdf,211,answer-pages/jia-yi-lower/page-0211.jpg,1450,2051,39F29BE4E10551E4D6D123BB02F8B66D60B67F8AAC6D86A702417CC5E7A75BD9
jia-yi-lower,谢惠民下册答案.pdf,212,answer-pages/jia-yi-lower/page-0212.jpg,1450,2051,B4F6A3B4DBA31843CEB6A70C28E527229D32C44EFAD9B817BB2381C43120E971
jia-yi-lower,谢惠民下册答案.pdf,213,answer-pages/jia-yi-lower/page-0213.jpg,1450,2051,895B746BA21A9356555EB198C9F950CA855624CEEC73CD4D8C447867285890E4
jia-yi-lower,谢惠民下册答案.pdf,214,answer-pages/jia-yi-lower/page-0214.jpg,1450,2051,1BFCE754B44E888764283165D6D650A0810BBE7C6A5AFAC62E81D1D1FC0EDD07
jia-yi-lower,谢惠民下册答案.pdf,215,answer-pages/jia-yi-lower/page-0215.jpg,1450,2051,6C9B2CCC6A25051D70BD81531962E7D8F708818062ED9AFF3C24B8F11F29BA91
jia-yi-lower,谢惠民下册答案.pdf,216,answer-pages/jia-yi-lower/page-0216.jpg,1450,2051,D6F5ED23D80BE0A8FE12513F4E3E2AF6675B6BB3206775DED0339F7FC039260C
jia-yi-lower,谢惠民下册答案.pdf,217,answer-pages/jia-yi-lower/page-0217.jpg,1450,2051,1B1D88B268ED5E92BCFBC0EA6BABF27650FA565CF3DC64C4D6237EE4A616C52A
jia-yi-lower,谢惠民下册答案.pdf,218,answer-pages/jia-yi-lower/page-0218.jpg,1450,2051,DC9BDD4797DB116C1FEE2EB4A051D999A01F11F6113E8536B10BA87960251BA3
jia-yi-lower,谢惠民下册答案.pdf,219,answer-pages/jia-yi-lower/page-0219.jpg,1450,2051,109ECC66225A2A67FA42065423BF8F71D69036695A0D109E17F5EB3E58D3542A
jia-yi-lower,谢惠民下册答案.pdf,220,answer-pages/jia-yi-lower/page-0220.jpg,1450,2051,188D5A3774FB431C8505A1C8E94955EFB9A7CD5181292ABDFA83E097E9869A46
jia-yi-lower,谢惠民下册答案.pdf,221,answer-pages/jia-yi-lower/page-0221.jpg,1450,2051,5A238413C1CE277E19B75D46212089BFDCB57AC3F5DA6B80C9BFE7C1A4CFF423
jia-yi-lower,谢惠民下册答案.pdf,222,answer-pages/jia-yi-lower/page-0222.jpg,1450,2051,D3734B082C60C28A9BBAD2D3F3294B8F7CEB47B7901C0F3B436399BB96183ED1
jia-yi-lower,谢惠民下册答案.pdf,223,answer-pages/jia-yi-lower/page-0223.jpg,1450,2051,99E37B97F7AB0A423D5429D1DC990BA03A22651185C471EE6CDCD6CAB8042BAB
jia-yi-lower,谢惠民下册答案.pdf,224,answer-pages/jia-yi-lower/page-0224.jpg,1450,2051,3AE408F2FBFA886164309FBC3E0067D6EA7D9A70D8FFB2F79F8A59DD5C1F9A57
jia-yi-lower,谢惠民下册答案.pdf,225,answer-pages/jia-yi-lower/page-0225.jpg,1450,2051,4377CC48C44B383917348353E213EE2470E874AB726DDD86E5D8EAD6978DD2EB
jia-yi-lower,谢惠民下册答案.pdf,226,answer-pages/jia-yi-lower/page-0226.jpg,1450,2051,01147B7068EC7A69FC64C04E0220BEE5A568DFB4BAC67A2FA106E41A48F5D959
jia-yi-lower,谢惠民下册答案.pdf,227,answer-pages/jia-yi-lower/page-0227.jpg,1450,2051,05FB6BCE69F4BDDCD05794E46920A05E81D3B735E968FC471E61825BBBFFC7AB
jia-yi-lower,谢惠民下册答案.pdf,228,answer-pages/jia-yi-lower/page-0228.jpg,1450,2051,F4D8A4AED726C1345579719CD9ACCCE81F7262C3F858BE2B82911482FEE58946
jia-yi-lower,谢惠民下册答案.pdf,229,answer-pages/jia-yi-lower/page-0229.jpg,1450,2051,F93F68627460203D6F4E44B8E066B141D1BB7DE2EE4D734DEAFD93B64D09F067
jia-yi-lower,谢惠民下册答案.pdf,230,answer-pages/jia-yi-lower/page-0230.jpg,1450,2051,7B6FC8D716123ABBF8EDCFA7304296E0F3F3C8F429D4621FF106328ED43D48FD
jia-yi-lower,谢惠民下册答案.pdf,231,answer-pages/jia-yi-lower/page-0231.jpg,1450,2051,B1B0276CEFD53F7FF61491F2129E01595457702BE5E29219A6C31795174C350B
jia-yi-lower,谢惠民下册答案.pdf,232,answer-pages/jia-yi-lower/page-0232.jpg,1450,2051,DE1824261198210B45234F7F4C9F01BE810D6D7E2F4A7EF5AC6A116B160CEF21
jia-yi-lower,谢惠民下册答案.pdf,233,answer-pages/jia-yi-lower/page-0233.jpg,1450,2051,EA8B17A464D54C49304336196257997C8DA529290A27F23F8A27F22FFD063DDB
jia-yi-lower,谢惠民下册答案.pdf,234,answer-pages/jia-yi-lower/page-0234.jpg,1450,2051,E20FDD45EDA8DCCE87E0FE7E3609BD83A173B0976EC410214E504DCEAF80D66E
jia-yi-lower,谢惠民下册答案.pdf,235,answer-pages/jia-yi-lower/page-0235.jpg,1450,2051,8D48877339025A4A04EB8BFCD7C629A7A0C514822014CF5DA68F7FB100A5A0C9
jia-yi-lower,谢惠民下册答案.pdf,236,answer-pages/jia-yi-lower/page-0236.jpg,1450,2051,E78E043E433F7DE47A927F5399DD025BE551D9BB39E6C38E0D4570BA5EFE8252
jia-yi-lower,谢惠民下册答案.pdf,237,answer-pages/jia-yi-lower/page-0237.jpg,1450,2051,10220DE3DE35C08488AD911C8CA0616946D5C9178CFF815DD29F58CE2C777362
jia-yi-lower,谢惠民下册答案.pdf,238,answer-pages/jia-yi-lower/page-0238.jpg,1450,2051,3E306957216F75E5D3F3B912DE7949B6F38263A056E018F8FDE9602CE027DCA5
jia-yi-lower,谢惠民下册答案.pdf,239,answer-pages/jia-yi-lower/page-0239.jpg,1450,2051,9186481EB657133A74022368C3B22737CD8D3CCF398E1F34F8767070BE8027DA
jia-yi-lower,谢惠民下册答案.pdf,240,answer-pages/jia-yi-lower/page-0240.jpg,1450,2051,6C5F5CBBDB50B898D2BB8B1AD8725C014941057FBD220618052C1472F4D478DD
jia-yi-lower,谢惠民下册答案.pdf,241,answer-pages/jia-yi-lower/page-0241.jpg,1450,2051,8653C0277F278995F36CAF42D45534666239650350805009971B3FB70D8BDD15
jia-yi-lower,谢惠民下册答案.pdf,242,answer-pages/jia-yi-lower/page-0242.jpg,1450,2051,BA7FB99DE5F58258155F6661D4D249B4451ED610C7E50462DEDA738E6B684092
jia-yi-lower,谢惠民下册答案.pdf,243,answer-pages/jia-yi-lower/page-0243.jpg,1450,2051,0784125EE370EC25E4997E2325ED647962C224886AE6005C6E3109D075C3AB13
jia-yi-lower,谢惠民下册答案.pdf,244,answer-pages/jia-yi-lower/page-0244.jpg,1450,2051,8D90D71722290F85097BE9A546621FEE9669098B850666A391E43210B2FDB7C3
jia-yi-lower,谢惠民下册答案.pdf,245,answer-pages/jia-yi-lower/page-0245.jpg,1450,2051,6765B980CA72C9D7FE5D0BC2A83C0D48C5B1B729BED3A463AA40C2C1202726DF
jia-yi-lower,谢惠民下册答案.pdf,246,answer-pages/jia-yi-lower/page-0246.jpg,1450,2051,815098FDE6169286EA2C007B3C4C91FCB7A0A793F78EB7745E50694F774EAD9C
jia-yi-lower,谢惠民下册答案.pdf,247,answer-pages/jia-yi-lower/page-0247.jpg,1450,2051,C6CC5C757BC046FFD31F2B06049869F545D020F224B274D7A99613F83EB4161F
jia-yi-lower,谢惠民下册答案.pdf,248,answer-pages/jia-yi-lower/page-0248.jpg,1450,2051,EA8D9B38B935CFE0F7FE20750B57932CAA8F17AB79EE2A1138833E3E20AC64E1
jia-yi-lower,谢惠民下册答案.pdf,249,answer-pages/jia-yi-lower/page-0249.jpg,1450,2051,187B290BB0831EBDBB7FAC8B72A96695FEC560ABB91C0295113084D0B0850BCF
jia-yi-lower,谢惠民下册答案.pdf,250,answer-pages/jia-yi-lower/page-0250.jpg,1450,2051,E6F931CBC81CFDD16A47A999B042022009ACBA9CAEF5663117C4AEF2FCB82FAA
jia-yi-lower,谢惠民下册答案.pdf,251,answer-pages/jia-yi-lower/page-0251.jpg,1450,2051,ECC3437912C271DF39D91A2302A8FE2C5B080AFF8F21D5BB29E7BEC3F59A6B52
jia-yi-lower,谢惠民下册答案.pdf,252,answer-pages/jia-yi-lower/page-0252.jpg,1450,2051,71AAA1BDD2832A7CAA3EB2426D918ED3B9337E0585B8952B3202193615DDE8BB
jia-yi-lower,谢惠民下册答案.pdf,253,answer-pages/jia-yi-lower/page-0253.jpg,1450,2051,262417657D144D7A75849BB2FBF5B5DB826C5D0913911BE00604338E7A084A1E
jia-yi-lower,谢惠民下册答案.pdf,254,answer-pages/jia-yi-lower/page-0254.jpg,1450,2051,35CC9534DB7C5B2BCD13962F3BAE18306775BFBD1D043D0B4A92BE148FB9CE77
jia-yi-lower,谢惠民下册答案.pdf,255,answer-pages/jia-yi-lower/page-0255.jpg,1450,2051,69AF2394AFBD998ED3C948F11AAE74724698EDC13D26A78494F936A5E925763F
jia-yi-lower,谢惠民下册答案.pdf,256,answer-pages/jia-yi-lower/page-0256.jpg,1450,2051,9D2EAE4F80B2B98DBD4398832BE04D61B653B4AD68AA9F41C2D69BEA050DFF05
jia-yi-lower,谢惠民下册答案.pdf,257,answer-pages/jia-yi-lower/page-0257.jpg,1450,2051,A97B28AC50C2C33091A44AD872B9E0CBBE03AC58DDBFB8741D83B95D719167E3
jia-yi-lower,谢惠民下册答案.pdf,258,answer-pages/jia-yi-lower/page-0258.jpg,1450,2051,7EC1C8E66526C253B187E36440BB961681109A2B09472F590B54095FE158C1B3
jia-yi-lower,谢惠民下册答案.pdf,259,answer-pages/jia-yi-lower/page-0259.jpg,1450,2051,9E6CE9BB1A44BEFF3BA39692380CEF5C05829659D5800DD40928379AFD096F57
jia-yi-lower,谢惠民下册答案.pdf,260,answer-pages/jia-yi-lower/page-0260.jpg,1450,2051,B58AD24F7F1AD166205D21AEE9E7660951914D18226B898AE0A36C46E44C176D
jia-yi-lower,谢惠民下册答案.pdf,261,answer-pages/jia-yi-lower/page-0261.jpg,1450,2051,7F467D03C65F4457A972339842B51CED5F528747BA2B8E09C5396004EDEF27B2
jia-yi-lower,谢惠民下册答案.pdf,262,answer-pages/jia-yi-lower/page-0262.jpg,1450,2051,95C87A124B2B5720265731A0E7553668927E6D122D7743B4F867025DCC222D87
jia-yi-lower,谢惠民下册答案.pdf,263,answer-pages/jia-yi-lower/page-0263.jpg,1450,2051,BA85A6C0C9FAA7643EDDA73053754BBF7880E88AF1370A2675D42A6C33207E65
jia-yi-lower,谢惠民下册答案.pdf,264,answer-pages/jia-yi-lower/page-0264.jpg,1450,2051,14979AADFB07844A2D2C3F68664439B7C27442DD3D8C8A7CC0CDAB4F7E6D1F92
jia-yi-lower,谢惠民下册答案.pdf,265,answer-pages/jia-yi-lower/page-0265.jpg,1450,2051,881FAF662910FA6CD37FA0F3CAC2582FA08DDBB6FF0222734555F8BF1B9C8E09
jia-yi-lower,谢惠民下册答案.pdf,266,answer-pages/jia-yi-lower/page-0266.jpg,1450,2051,BE521CD98AC8AB6C880E0F1B46CE10F3E401B6F6CD2334D5FF8F7742AAF7DE61
jia-yi-lower,谢惠民下册答案.pdf,267,answer-pages/jia-yi-lower/page-0267.jpg,1450,2051,D42DFC85BB920BEFB9AA58931F6CE2BFBE1CF11873F38147AEFD1E8CD0CC8B8A
jia-yi-lower,谢惠民下册答案.pdf,268,answer-pages/jia-yi-lower/page-0268.jpg,1450,2051,1FE4B8CE87D5E121ACF5C2AFE3663853E89A895EF28E35E8390FA80F5E0B9C4E
jia-yi-lower,谢惠民下册答案.pdf,269,answer-pages/jia-yi-lower/page-0269.jpg,1450,2051,8FD4929A3B98156E6E49B10D187A602240B21C761665DB7F08F7F2899C5845D9
jia-yi-lower,谢惠民下册答案.pdf,270,answer-pages/jia-yi-lower/page-0270.jpg,1450,2051,5E0F5505F9444B70F451A141487F6A52A95A455E3C2CB5976D398B70F3CFA351
jia-yi-lower,谢惠民下册答案.pdf,271,answer-pages/jia-yi-lower/page-0271.jpg,1450,2051,E7E5E6669A634CD42608316A3FA172045273B542844AB66D66598A0A810DA058
jia-yi-lower,谢惠民下册答案.pdf,272,answer-pages/jia-yi-lower/page-0272.jpg,1450,2051,D339B4E55FD93445EBF20FEDE6C597681CB4FDF3E6108A2653ED3D056F0B2B15
jia-yi-lower,谢惠民下册答案.pdf,273,answer-pages/jia-yi-lower/page-0273.jpg,1450,2051,E3494D0F1D13BB38CF8716BD66586070DE82F6336572A2BBB44F950EA604C209
jia-yi-lower,谢惠民下册答案.pdf,274,answer-pages/jia-yi-lower/page-0274.jpg,1450,2051,266AA3DE9977D6BAB8E26E8D12910E6D93AB74460834EDE2308CFC1ABBFBCD8C
jia-yi-lower,谢惠民下册答案.pdf,275,answer-pages/jia-yi-lower/page-0275.jpg,1450,2051,22E4F1E97E3EAB5FEAC4CCEA32933DB4AB710FB64F9AEC0B4C2D6D3C42037578
jia-yi-lower,谢惠民下册答案.pdf,276,answer-pages/jia-yi-lower/page-0276.jpg,1450,2051,FF8241F8BDD37189EF94E3C1718C4001187A751D224FE1323CFF16C273890E50
jia-yi-lower,谢惠民下册答案.pdf,277,answer-pages/jia-yi-lower/page-0277.jpg,1450,2051,C35EF37CA1F2E9AF11E27E84CEDB78ACAA3746F2C3C8284ABAD3DB0A16B3C1C4
jia-yi-lower,谢惠民下册答案.pdf,278,answer-pages/jia-yi-lower/page-0278.jpg,1450,2051,16B0CB903A97B0FD54455DCC65CDE2655CD4C20EFFBC89B942BB6D7CF4924095
jia-yi-lower,谢惠民下册答案.pdf,279,answer-pages/jia-yi-lower/page-0279.jpg,1450,2051,3039CF8BF88D0579F869681D1DC0D1374B2D5848F63954C2FCB09CD71FC5B446
jia-yi-lower,谢惠民下册答案.pdf,280,answer-pages/jia-yi-lower/page-0280.jpg,1450,2051,C0BF3A19C4B58330496679AF8B143FF68F2204181C6B7E98E9CB79DCDB98CC9A
jia-yi-lower,谢惠民下册答案.pdf,281,answer-pages/jia-yi-lower/page-0281.jpg,1450,2051,C4BB5B2E394DDD9D0A0C498F1326844C39FC199A0025D187040B08BD3E6D6665
jia-yi-lower,谢惠民下册答案.pdf,282,answer-pages/jia-yi-lower/page-0282.jpg,1450,2051,47091920486C9CF8014B7B78E8BB699983802F5108C0D47714FA44341E52BBA8
jia-yi-lower,谢惠民下册答案.pdf,283,answer-pages/jia-yi-lower/page-0283.jpg,1450,2051,68390B9648F3D6DF5DE045CA4F153555CBA3E388B1EA826A52211A4755A4D8F7
jia-yi-lower,谢惠民下册答案.pdf,284,answer-pages/jia-yi-lower/page-0284.jpg,1450,2051,A856618BB27807D49EC38409FA66F8060D37ADFBCAC12E558AA1F457C4B5F52B
jia-yi-lower,谢惠民下册答案.pdf,285,answer-pages/jia-yi-lower/page-0285.jpg,1450,2051,552A32C8B79479AAC4E743771EAB4DF92C5F60A1D359D8D01F532BD89A962E01
jia-yi-lower,谢惠民下册答案.pdf,286,answer-pages/jia-yi-lower/page-0286.jpg,1450,2051,34E1F2C35D7C1109F29620116E13BAEFFA9846276EFDB799A6EA0C535984475C
jia-yi-lower,谢惠民下册答案.pdf,287,answer-pages/jia-yi-lower/page-0287.jpg,1450,2051,2AAFEF3D60C482EE5AB431E72DDFD2D5D4823F88596600871C63F59F26EDBB8A
jia-yi-lower,谢惠民下册答案.pdf,288,answer-pages/jia-yi-lower/page-0288.jpg,1450,2051,64C978459E2352D8AF94726AC57B36DCC59A5361758DDC3B5BDC786D44E8B47D
jia-yi-lower,谢惠民下册答案.pdf,289,answer-pages/jia-yi-lower/page-0289.jpg,1450,2051,2DBC2E64B30EDB636CFDADD22DEB63909F0BC090027C10566805B634E30BCE8C
jia-yi-lower,谢惠民下册答案.pdf,290,answer-pages/jia-yi-lower/page-0290.jpg,1450,2051,8941DA4CE7B994866038C8D4BAAB47F03AFA7CB079021DFC1DBBFC7DC8B6F663
jia-yi-lower,谢惠民下册答案.pdf,291,answer-pages/jia-yi-lower/page-0291.jpg,1450,2051,5D1357A66701AC8C8B3DD45FA88F70CB24E7CC944DA58844D432235AA5B35659
jia-yi-lower,谢惠民下册答案.pdf,292,answer-pages/jia-yi-lower/page-0292.jpg,1450,2051,0D46014C3CEFD40C2CEF473CD902E38980DF20948F46E1B5E8AE1A2211F9890A
jia-yi-lower,谢惠民下册答案.pdf,293,answer-pages/jia-yi-lower/page-0293.jpg,1450,2051,6CB1578CB1DB56CE8A08BC65632ED65552BB81D557E605FF15F5475A5807A704
jia-yi-lower,谢惠民下册答案.pdf,294,answer-pages/jia-yi-lower/page-0294.jpg,1450,2051,AB2E827D4D142DD5FCEEAFEB1C8F1CD15DD05D7FC56291CD21ED69DE7AB369C7
jia-yi-lower,谢惠民下册答案.pdf,295,answer-pages/jia-yi-lower/page-0295.jpg,1450,2051,FE2E806B82339B9C3083A71E043985B3DAC8CD7D3FF9967BE84799B314A8DCEC
jia-yi-lower,谢惠民下册答案.pdf,296,answer-pages/jia-yi-lower/page-0296.jpg,1450,2051,4F442F169A0D224242E6352ABCE67E07C7B458A3D1B5625D2B4B8DBD85185D20
jia-yi-lower,谢惠民下册答案.pdf,297,answer-pages/jia-yi-lower/page-0297.jpg,1450,2051,70C237C9C81683421B875696D2BCDB33D2CFC75E920AEFCE3C558452CF0D1684
jia-yi-lower,谢惠民下册答案.pdf,298,answer-pages/jia-yi-lower/page-0298.jpg,1450,2051,A2A2FE7C498DD074E513EDCEDDB72FB61DF6FF175F32EFC9F0CAFAF36191C317
jia-yi-lower,谢惠民下册答案.pdf,299,answer-pages/jia-yi-lower/page-0299.jpg,1450,2051,BE049F67AC0A25FE49878C7D2C9F9183BBA1A60223EB9F47C550AB2B0AFDEDDD
jia-yi-lower,谢惠民下册答案.pdf,300,answer-pages/jia-yi-lower/page-0300.jpg,1450,2051,533E90BD392C734A6191B1EFBCE9BF72A62B03B500F77A539C979D90A39E39C1
jia-yi-lower,谢惠民下册答案.pdf,301,answer-pages/jia-yi-lower/page-0301.jpg,1450,2051,EF2FE9CD07AB0CD76DBB5000A49CC055DB3BFD0AAA139A71FFBB439DBE50D0AB
jia-yi-lower,谢惠民下册答案.pdf,302,answer-pages/jia-yi-lower/page-0302.jpg,1450,2051,DE3A9D03CE65D7C96AF4F3FB141B5BE5E76A6E004F95A52619D2868603B15604
jia-yi-lower,谢惠民下册答案.pdf,303,answer-pages/jia-yi-lower/page-0303.jpg,1450,2051,0C87714367838886A27210FC820484CDE95E75DF0294644E654BC0F8F3E5414A
jia-yi-lower,谢惠民下册答案.pdf,304,answer-pages/jia-yi-lower/page-0304.jpg,1450,2051,D6AB52DA86363CF2D630ACB48E612926014C68A404205DF8480F002E22DDB71F
jia-yi-lower,谢惠民下册答案.pdf,305,answer-pages/jia-yi-lower/page-0305.jpg,1450,2051,2A1254609D0D7A6B4FBB90DE1A7B950D1CB097B47DA4928F415147FA627191E2
jia-yi-lower,谢惠民下册答案.pdf,306,answer-pages/jia-yi-lower/page-0306.jpg,1450,2051,C7F43F4F9D2E01FE848AD80ED217CBE0723BC078368897984E6E5BE7F67D1D76
jia-yi-lower,谢惠民下册答案.pdf,307,answer-pages/jia-yi-lower/page-0307.jpg,1450,2051,79AB842189D9490815244BF494C6479D63C5FB677594328CECAA358DF477BFD3
jia-yi-lower,谢惠民下册答案.pdf,308,answer-pages/jia-yi-lower/page-0308.jpg,1450,2051,705B206221DA078B79B4593EB64E491C2A09BFDB18F7B422BE0EE5DB911B399F
jia-yi-lower,谢惠民下册答案.pdf,309,answer-pages/jia-yi-lower/page-0309.jpg,1450,2051,33938DF34AA56F33FCE2989E962E7A05EFCCA487D41B9A2E80B442E7829A999F
jia-yi-lower,谢惠民下册答案.pdf,310,answer-pages/jia-yi-lower/page-0310.jpg,1450,2051,357FE440F8258987D95DB4CBAAE996E391A57021380FC58FB4A3AC2947D37F0F
jia-yi-lower,谢惠民下册答案.pdf,311,answer-pages/jia-yi-lower/page-0311.jpg,1450,2051,6DB8C372D72B5FBF8F712A0FD991C6741584207B3D575F514DC95680A2E20CBB
jia-yi-lower,谢惠民下册答案.pdf,312,answer-pages/jia-yi-lower/page-0312.jpg,1450,2051,591022CAA443311A8A1BADD4638B0FF6E74425C9B1071D02335C63FBD1C603E9
jia-yi-lower,谢惠民下册答案.pdf,313,answer-pages/jia-yi-lower/page-0313.jpg,1450,2051,6D9AF7FC5001E7889E805D4D6C309CB2C2B41CAFEE2D67C25CE88847531DC190
jia-yi-lower,谢惠民下册答案.pdf,314,answer-pages/jia-yi-lower/page-0314.jpg,1450,2051,294524088178C4CF91AF8CA8EAE357E3A48B0C653765C155086D80BE3C1D87A4
jia-yi-lower,谢惠民下册答案.pdf,315,answer-pages/jia-yi-lower/page-0315.jpg,1450,2051,0ABF9B13FF7B71E72809E0DDB0BF80524D6D8709CBD4722A0E548D45CFDE6C26
jia-yi-lower,谢惠民下册答案.pdf,316,answer-pages/jia-yi-lower/page-0316.jpg,1450,2051,7D26494801E7B8B70A10C0FB7E37850497D1C08E3373905253C06D46E0B1656F
jia-yi-lower,谢惠民下册答案.pdf,317,answer-pages/jia-yi-lower/page-0317.jpg,1450,2051,528D8BF023910355A02133969FA0C3BBECF6E7D86AA7945525172AB60004DC29
jia-yi-lower,谢惠民下册答案.pdf,318,answer-pages/jia-yi-lower/page-0318.jpg,1450,2051,4055583A30AA7844697406EDEA144D0F874704B7C9F070EC483A0A55B1AA2B87
jia-yi-lower,谢惠民下册答案.pdf,319,answer-pages/jia-yi-lower/page-0319.jpg,1450,2051,4E7F7F1CA9D7B0B7D79F974AC6ADA6BDCCC6D02F093A7F9E1330D988CC4BB3E8
jia-yi-lower,谢惠民下册答案.pdf,320,answer-pages/jia-yi-lower/page-0320.jpg,1450,2051,8A972970BFB3D3BF7BA2C7942C9F79ECF83D814DD7E2652DAF97BED2FD7C1080
jia-yi-lower,谢惠民下册答案.pdf,321,answer-pages/jia-yi-lower/page-0321.jpg,1450,2051,A2CBE4048B792E7215160EFE0164D7E3748A48C8A8C5B8D5615F5D874392BCAA
jia-yi-lower,谢惠民下册答案.pdf,322,answer-pages/jia-yi-lower/page-0322.jpg,1450,2051,99539D42377F69087C961912E969265E30ACC50C589D4D1DF2660EF4DCA5CB1C
jia-yi-lower,谢惠民下册答案.pdf,323,answer-pages/jia-yi-lower/page-0323.jpg,1450,2051,6B60F6208356F690B21975BAE836E00F0BB887CFA1B08D1621B399F79C09C266
jia-yi-lower,谢惠民下册答案.pdf,324,answer-pages/jia-yi-lower/page-0324.jpg,1450,2051,E31095ACA6B58B8707BC8E7B2BE63CD869276A9CC8E9A165A4C989B222AC09C9
jia-yi-lower,谢惠民下册答案.pdf,325,answer-pages/jia-yi-lower/page-0325.jpg,1450,2051,C41D66B255A27B81A38E29EACEEAA43702324BCBFEA7CCD0770AE1EE70050826
jia-yi-lower,谢惠民下册答案.pdf,326,answer-pages/jia-yi-lower/page-0326.jpg,1450,2051,51FDB48323D183B5BED1EC9A10C7FE03540C2BA902CAC5725EC9D23CC464F17A
jia-yi-lower,谢惠民下册答案.pdf,327,answer-pages/jia-yi-lower/page-0327.jpg,1450,2051,5C2E5E2E1400B1472BB81F2D1F4F3F52A2D06B5884F7BCDD370CACF4B6605838
jia-yi-lower,谢惠民下册答案.pdf,328,answer-pages/jia-yi-lower/page-0328.jpg,1450,2051,FCF9430A08516FEF625E149111C456C2410F4F9D7653AFA2E08B317565C1CD37
jia-yi-lower,谢惠民下册答案.pdf,329,answer-pages/jia-yi-lower/page-0329.jpg,1450,2051,78BDFFF9DC90998258713363B983D65F29FC52A1908FF082A4B4C4802C272A9C
jia-yi-lower,谢惠民下册答案.pdf,330,answer-pages/jia-yi-lower/page-0330.jpg,1450,2051,F0DBCAB12D95E8CD601164B389626B802650D406874A463F3E4810243233678C
jia-yi-lower,谢惠民下册答案.pdf,331,answer-pages/jia-yi-lower/page-0331.jpg,1450,2051,C9FF7FB4F074D6B745E58C7C39E7A457496BF7A7435088FB8707AFA479D86709
jia-yi-lower,谢惠民下册答案.pdf,332,answer-pages/jia-yi-lower/page-0332.jpg,1450,2051,E014AB2243B273E9357EBE4B771FB9B8EEB2252FF612018028C593D165F2B594
jia-yi-lower,谢惠民下册答案.pdf,333,answer-pages/jia-yi-lower/page-0333.jpg,1450,2051,31811F29084091BC7A3B7255DE2FC7F68B842E75485DEF77A7ECCFC3C33E72AB
jia-yi-lower,谢惠民下册答案.pdf,334,answer-pages/jia-yi-lower/page-0334.jpg,1450,2051,0A97D53E4C9626F0DF3D94556AAA9B418AEE3EEF8C6AF3BE4E5C7EF04C1DCB01
jia-yi-lower,谢惠民下册答案.pdf,335,answer-pages/jia-yi-lower/page-0335.jpg,1450,2051,98A65E17E0C4097E6371ADC887479A932B6BDFEF3F94C321784492DC6C9E5DC7
jia-yi-lower,谢惠民下册答案.pdf,336,answer-pages/jia-yi-lower/page-0336.jpg,1450,2051,6F20F57686FDE5BA47664211DF11141C92B389AE70DFD2AFD03CC8B122B33FE2
jia-yi-lower,谢惠民下册答案.pdf,337,answer-pages/jia-yi-lower/page-0337.jpg,1450,2051,6B9BF57BC3404D6C7C76DA30505EE5F34EAFAA368D7C1982831B3B321E49A927
jia-yi-lower,谢惠民下册答案.pdf,338,answer-pages/jia-yi-lower/page-0338.jpg,1450,2051,0DF675265C7EC743DF3D2F0F9A3781914904DBBE7AF6641ADDD49C2FB522419C
jia-yi-lower,谢惠民下册答案.pdf,339,answer-pages/jia-yi-lower/page-0339.jpg,1450,2051,4819EBC713065272F02FF34DE5405F01384A4B75415D5CA71FF5B2AEA7DCF99A
jia-yi-lower,谢惠民下册答案.pdf,340,answer-pages/jia-yi-lower/page-0340.jpg,1450,2051,BE5B6DD29A5F13AE20448A128BF256EF5BF50C31ECECDDDA1E592270C5871A5D
jia-yi-lower,谢惠民下册答案.pdf,341,answer-pages/jia-yi-lower/page-0341.jpg,1450,2051,E563E3F2F8F577CED8E98670EA02873266890F93A1A86BE2251937894F0C487A
jia-yi-lower,谢惠民下册答案.pdf,342,answer-pages/jia-yi-lower/page-0342.jpg,1450,2051,43372CFAF2FBBF7408D76103C1AE676E5D041A754D27676B3A78805345F1D7B6
jia-yi-lower,谢惠民下册答案.pdf,343,answer-pages/jia-yi-lower/page-0343.jpg,1450,2051,82F0019299303802A1F4B14CAC7D53F060C38862F66A4B9424FEF68C39466C56
jia-yi-lower,谢惠民下册答案.pdf,344,answer-pages/jia-yi-lower/page-0344.jpg,1450,2051,EE49D37EF3D7FD677A156454B7E6FEB228713D7B0E63CB4F58F492E8F117BD7D
jia-yi-lower,谢惠民下册答案.pdf,345,answer-pages/jia-yi-lower/page-0345.jpg,1450,2051,134ABED9FB06783AD4E1D237E33B74CFE3BAB3E3D59217120D3C942E104B245A
jia-yi-lower,谢惠民下册答案.pdf,346,answer-pages/jia-yi-lower/page-0346.jpg,1450,2051,CC9B4D48F80E5FBF3BC598233137CC8CD9A81C652CB22C89C77B1D7761DB0CC1
jia-yi-lower,谢惠民下册答案.pdf,347,answer-pages/jia-yi-lower/page-0347.jpg,1450,2051,58C502AF6488872F5AF314F3367C23D744246BE52F36CAF11A3B2361ADC72F1E
jia-yi-lower,谢惠民下册答案.pdf,348,answer-pages/jia-yi-lower/page-0348.jpg,1450,2051,FF857CC59B99B07DD93331A7B1DE279C261EE23DF47BD90EFEE83A39528B0749
jia-yi-lower,谢惠民下册答案.pdf,349,answer-pages/jia-yi-lower/page-0349.jpg,1450,2051,42FAA1147CBF2AD54C669B2588ABF4B346CA5CC64E7ECB452AC4A6450763B4B7
jia-yi-lower,谢惠民下册答案.pdf,350,answer-pages/jia-yi-lower/page-0350.jpg,1450,2051,BF39FE9B105366A961FC6D51DCE8520EFC727A85812BE2BD5C66E24DC9F9665F
jia-yi-lower,谢惠民下册答案.pdf,351,answer-pages/jia-yi-lower/page-0351.jpg,1450,2051,9ABBA7AF637CA80A7AD4F811312987914EFC1FF2C26AE998B9FA7394ECD70EA1
jia-yi-lower,谢惠民下册答案.pdf,352,answer-pages/jia-yi-lower/page-0352.jpg,1450,2051,04FE562730C08A31C4D4FC075B3BC84491AE5B56069130270B7ACE0B79EA2202
jia-yi-lower,谢惠民下册答案.pdf,353,answer-pages/jia-yi-lower/page-0353.jpg,1450,2051,178327C8577ABE9501E6EAE926924740BEFE98D146968D7BF0B1594926C3F04D
jia-yi-lower,谢惠民下册答案.pdf,354,answer-pages/jia-yi-lower/page-0354.jpg,1450,2051,BE7DD9AB42CE995CC8C596D65DDB683D8C21C5F9DEA307A4C13B0194A6C1711A
jia-yi-short,谢惠民 - 数学分析习题课讲义 下册答案.pdf,1,answer-pages/jia-yi-short/page-0001.jpg,1450,2051,5CE5D4788238DEC5A8C6E509F63462CD90B0EDE803E7F6B5D7B94E27E41197D5
jia-yi-short,谢惠民 - 数学分析习题课讲义 下册答案.pdf,2,answer-pages/jia-yi-short/page-0002.jpg,1450,2051,540CBC96ED3A96F9347149E2725B7B8E6CBA973450B69E4578E442BC228BA02F
jia-yi-short,谢惠民 - 数学分析习题课讲义 下册答案.pdf,3,answer-pages/jia-yi-short/page-0003.jpg,1450,2051,6E0FD9B345D8AA5DDFF5B8740A5FDE075749E8108D7DB8B147FF02211D58771F
jia-yi-short,谢惠民 - 数学分析习题课讲义 下册答案.pdf,4,answer-pages/jia-yi-short/page-0004.jpg,1450,2051,D85593D3AA76DB5D9380CAC721336DFC14F33C8DB3098E4F71AB4D7ACE1367CD
jia-yi-short,谢惠民 - 数学分析习题课讲义 下册答案.pdf,5,answer-pages/jia-yi-short/page-0005.jpg,1450,2051,6BE4FCF7C37C0E8345454B00D6D4D8723130EB082825E4C9D570CEC16C79456F
jia-yi-short,谢惠民 - 数学分析习题课讲义 下册答案.pdf,6,answer-pages/jia-yi-short/page-0006.jpg,1450,2051,280AF39F7C776F027BE423A8AC68DF57F732108BF94A4F302A06E6B0B4E1A85C
jia-yi-short,谢惠民 - 数学分析习题课讲义 下册答案.pdf,7,answer-pages/jia-yi-short/page-0007.jpg,1450,2051,80736081D51804D05B5D577215345FC61139C94927B1444D0CCF758CBD759107
jia-yi-short,谢惠民 - 数学分析习题课讲义 下册答案.pdf,8,answer-pages/jia-yi-short/page-0008.jpg,1450,2051,8840C1FEB7EA203C2654E47394D67A760CCA19E3736877D52BB28D00690CA1EB
jia-yi-short,谢惠民 - 数学分析习题课讲义 下册答案.pdf,9,answer-pages/jia-yi-short/page-0009.jpg,1450,2051,FB241045B644FF50B3E84748370272604AE9C5931E480A3F244E0C90662ECACA
jia-yi-short,谢惠民 - 数学分析习题课讲义 下册答案.pdf,10,answer-pages/jia-yi-short/page-0010.jpg,1450,2051,46D81301C7F982D2C7823C1B97A4E28F4C0B7FAEC0072F9EEA478FD8627D1B74
jia-yi-short,谢惠民 - 数学分析习题课讲义 下册答案.pdf,11,answer-pages/jia-yi-short/page-0011.jpg,1450,2051,9D8E9428EC8F4D38C2A03E9AA6EA1F5E9B46014316D2638318C836FDDF312DC2
jia-yi-short,谢惠民 - 数学分析习题课讲义 下册答案.pdf,12,answer-pages/jia-yi-short/page-0012.jpg,1450,2051,09FF1F852E0B3421C5203C3C384C1660E10F74827880B89B6070E34E9449DD42
jia-yi-short,谢惠民 - 数学分析习题课讲义 下册答案.pdf,13,answer-pages/jia-yi-short/page-0013.jpg,1450,2051,19E1BBA5B40ECA1F6CBB4F7B898D6DB3700CAB8A7FA3E4621F397940D3677826
jia-yi-short,谢惠民 - 数学分析习题课讲义 下册答案.pdf,14,answer-pages/jia-yi-short/page-0014.jpg,1450,2051,618FE407FB1374945952CE493064CFD4E2A9449CC15C13109EC6A114AFD2138F
jia-yi-short,谢惠民 - 数学分析习题课讲义 下册答案.pdf,15,answer-pages/jia-yi-short/page-0015.jpg,1450,2051,AB6CACFDBB8EDC1C6E277B03497C2AC9980D384A8D19B45FCFC783E5B15B8BEE
jia-yi-short,谢惠民 - 数学分析习题课讲义 下册答案.pdf,16,answer-pages/jia-yi-short/page-0016.jpg,1450,2051,BB89A359C12AF3AC582DA71826C6A8D2902A2CC1887675212CC3E3D9D0CEFD29
jia-yi-short,谢惠民 - 数学分析习题课讲义 下册答案.pdf,17,answer-pages/jia-yi-short/page-0017.jpg,1450,2051,5E534026BED8EA66BD4A2AAF656BED2AA3CD7C011D9FB357CB320FCE2E38A2F6
jia-yi-short,谢惠民 - 数学分析习题课讲义 下册答案.pdf,18,answer-pages/jia-yi-short/page-0018.jpg,1450,2051,EC5C658234841EA18385D00D526B9721B94BFA257F21660202F35AA7173A2F6C
jia-yi-short,谢惠民 - 数学分析习题课讲义 下册答案.pdf,19,answer-pages/jia-yi-short/page-0019.jpg,1450,2051,929C0BCA790DFB09F5D1B7418E292F3020D22174A699424B7D9985FE2F491E05
jia-yi-short,谢惠民 - 数学分析习题课讲义 下册答案.pdf,20,answer-pages/jia-yi-short/page-0020.jpg,1450,2051,0C369BE039921E75BD752ABF626DCFA6D4E46287F08EE835E221BF51165AB73A
jia-yi-short,谢惠民 - 数学分析习题课讲义 下册答案.pdf,21,answer-pages/jia-yi-short/page-0021.jpg,1450,2051,05742FF9245A54BDEC57347D61A798E1B4AACAE66551DAA45950E0BF3CD8C429
jia-yi-short,谢惠民 - 数学分析习题课讲义 下册答案.pdf,22,answer-pages/jia-yi-short/page-0022.jpg,1450,2051,45208912A3B071999A63AE25DA72B8D1DC20772B01EAEA0B452DD90DE055A7DB
jia-yi-short,谢惠民 - 数学分析习题课讲义 下册答案.pdf,23,answer-pages/jia-yi-short/page-0023.jpg,1450,2051,AA2C46581C2C5EC12098149B3A4C393192A265DB28B7B54E26FE6DFD8CA18D60
jia-yi-short,谢惠民 - 数学分析习题课讲义 下册答案.pdf,24,answer-pages/jia-yi-short/page-0024.jpg,1450,2051,A60F4D36BBF95FDECB3BA0C39599037A8478099D4319470AB56F177765D684C9
jia-yi-short,谢惠民 - 数学分析习题课讲义 下册答案.pdf,25,answer-pages/jia-yi-short/page-0025.jpg,1450,2051,88CECA8604B59A2DF0D8A29E83A7EB4067C01B2F106A8451660E134B2C3D61F0
jia-yi-short,谢惠民 - 数学分析习题课讲义 下册答案.pdf,26,answer-pages/jia-yi-short/page-0026.jpg,1450,2051,DCB677BAFC865464578D7CE198B24AF7B466E3C95E050C6761F35843379F4B35
jia-yi-short,谢惠民 - 数学分析习题课讲义 下册答案.pdf,27,answer-pages/jia-yi-short/page-0027.jpg,1450,2051,127E8C184ED18BF55C45796D28D4734C090DBB0BFDB873ACB01AB597D1B537AB
jia-yi-short,谢惠民 - 数学分析习题课讲义 下册答案.pdf,28,answer-pages/jia-yi-short/page-0028.jpg,1450,2051,3169A210F20819DBBFA1BFCC0C7F2FB6321AF54B7025A07B0F1A097FD9E945B9
jia-yi-short,谢惠民 - 数学分析习题课讲义 下册答案.pdf,29,answer-pages/jia-yi-short/page-0029.jpg,1450,2051,DEAD67114CE6FE51724F5C82B5D46F29C659EA6BAC92C3B5BE34200DA155465A
jia-yi-short,谢惠民 - 数学分析习题课讲义 下册答案.pdf,30,answer-pages/jia-yi-short/page-0030.jpg,1450,2051,4FBC0C2BE518FAA1D7C86F1275A9B0F7A69E9D0D10C9ABAA392C47F2907ED0B1
jia-yi-short,谢惠民 - 数学分析习题课讲义 下册答案.pdf,31,answer-pages/jia-yi-short/page-0031.jpg,1450,2051,49A67DB26A76E0224163393AC1F0D6A9084E358E2D65F937A516E19E1414E5B0
jia-yi-short,谢惠民 - 数学分析习题课讲义 下册答案.pdf,32,answer-pages/jia-yi-short/page-0032.jpg,1450,2051,91A922551EC26E8CC7BC83DF0B684F9A51B40415C497A8994AAC1588CD2300C9
jia-yi-short,谢惠民 - 数学分析习题课讲义 下册答案.pdf,33,answer-pages/jia-yi-short/page-0033.jpg,1450,2051,1C7EA58BE7B4DBAC1861C2BAC984EEC937631B43F091133D163D88D8C04BA309
jia-yi-short,谢惠民 - 数学分析习题课讲义 下册答案.pdf,34,answer-pages/jia-yi-short/page-0034.jpg,1450,2051,3F1EB2DBF351A6A1FCD285172FBB835CE3ABA4B8D8E4AE6909DB3A35FFEC6D3F
jia-yi-short,谢惠民 - 数学分析习题课讲义 下册答案.pdf,35,answer-pages/jia-yi-short/page-0035.jpg,1450,2051,72A71987A4021C887F80DEC41753C778FD2DF55692C3B152442A96178B206E48
jia-yi-short,谢惠民 - 数学分析习题课讲义 下册答案.pdf,36,answer-pages/jia-yi-short/page-0036.jpg,1450,2051,412087106BEDD494171A6AE7E3E120FE5A298C9633E9D092A7A69AA32C3C8536
jia-yi-short,谢惠民 - 数学分析习题课讲义 下册答案.pdf,37,answer-pages/jia-yi-short/page-0037.jpg,1450,2051,24B8EB5322DCCCD8535D174D8859CE4F9EF2B07476A4FECB0BA6308EE0383E88
jia-yi-short,谢惠民 - 数学分析习题课讲义 下册答案.pdf,38,answer-pages/jia-yi-short/page-0038.jpg,1450,2051,126C7D75FEE564087548AE9114E9A753F45DDB65AEC97A7FB0C4976811FAA24A
jia-yi-short,谢惠民 - 数学分析习题课讲义 下册答案.pdf,39,answer-pages/jia-yi-short/page-0039.jpg,1450,2051,F96B295041467A5C1072A83A796C16CDA5C640220D2F50193208BE37A2AE163E
jia-yi-short,谢惠民 - 数学分析习题课讲义 下册答案.pdf,40,answer-pages/jia-yi-short/page-0040.jpg,1450,2051,0676AF5F64506FCFA9EA13C79ED378D1E820764509054B270DE0E8D930E93078
jia-yi-short,谢惠民 - 数学分析习题课讲义 下册答案.pdf,41,answer-pages/jia-yi-short/page-0041.jpg,1450,2051,4BC80250A792D4C66982CAF6CCAFA560A00FA957D1E9F129D76EF79D22E238A5
jia-yi-short,谢惠民 - 数学分析习题课讲义 下册答案.pdf,42,answer-pages/jia-yi-short/page-0042.jpg,1450,2051,9D0C35CBCFF94C7955A0A10AC31229F4ADB18F206D5258FBFD312EFA51DD9EE5
jia-yi-short,谢惠民 - 数学分析习题课讲义 下册答案.pdf,43,answer-pages/jia-yi-short/page-0043.jpg,1450,2051,F70E2353980348C91ECB80A9C442B4DC9D9523D1AA6A91F9E48A57167A6102B9
jia-yi-short,谢惠民 - 数学分析习题课讲义 下册答案.pdf,44,answer-pages/jia-yi-short/page-0044.jpg,1450,2051,E04656F94624530697665B26FF724D8F9981FFF3B8FC94AA5904FBDD1B1DE4BA
jia-yi-short,谢惠民 - 数学分析习题课讲义 下册答案.pdf,45,answer-pages/jia-yi-short/page-0045.jpg,1450,2051,7398D95F451990F6D175A6858A603393496E7DEA6B096BAE8EB5F2124EB34807
jia-yi-short,谢惠民 - 数学分析习题课讲义 下册答案.pdf,46,answer-pages/jia-yi-short/page-0046.jpg,1450,2051,22520439E01A08ACB9A3CBC434396318994C4EFDB2DB015F7DCC0DDF074A517A
jia-yi-short,谢惠民 - 数学分析习题课讲义 下册答案.pdf,47,answer-pages/jia-yi-short/page-0047.jpg,1450,2051,6CA55421641BDFA74943FC64060242046E418E907D38E9C33084AB1394B18F3F
jia-yi-short,谢惠民 - 数学分析习题课讲义 下册答案.pdf,48,answer-pages/jia-yi-short/page-0048.jpg,1450,2051,C718571FD1D1AAA43CCA448A3212D7431FD52D6153E95D3CBD7D99A001035736
jia-yi-short,谢惠民 - 数学分析习题课讲义 下册答案.pdf,49,answer-pages/jia-yi-short/page-0049.jpg,1450,2051,E0DAA8E81E912CF05B41B5C0AF9546AFFCACF7ECF6BC92E954B706A18F00C635
jia-yi-short,谢惠民 - 数学分析习题课讲义 下册答案.pdf,50,answer-pages/jia-yi-short/page-0050.jpg,1450,2051,16E557B390B5F1AB859E2EBD64783005B220F985FFB9BC444F86DC1CDA1476D2
jia-yi-short,谢惠民 - 数学分析习题课讲义 下册答案.pdf,51,answer-pages/jia-yi-short/page-0051.jpg,1450,2051,039FDB7387C9C8350F5E90F399EA1AC89361FEFCD578B594F6AEDF885FF8C56A
jia-yi-short,谢惠民 - 数学分析习题课讲义 下册答案.pdf,52,answer-pages/jia-yi-short/page-0052.jpg,1450,2051,9F41975E413FE4079F93E50774D9CA8FA897B998B7657557E04AF187A2FE6910
jia-yi-short,谢惠民 - 数学分析习题课讲义 下册答案.pdf,53,answer-pages/jia-yi-short/page-0053.jpg,1450,2051,91B3B784DD45B6EE530D10C31855A63B7E12165FBE601573521B420BF2C87AE4
jia-yi-short,谢惠民 - 数学分析习题课讲义 下册答案.pdf,54,answer-pages/jia-yi-short/page-0054.jpg,1450,2051,27B8CD35235A3E8B2BE71A5D53464FA423A0CA986C5D4DF53BCDC01235E1133C
jia-yi-short,谢惠民 - 数学分析习题课讲义 下册答案.pdf,55,answer-pages/jia-yi-short/page-0055.jpg,1450,2051,00E84AB77E2DFA681527A9BCE9A2F88D69A88CF4DE676095CFDCD7225F09DC29
jia-yi-short,谢惠民 - 数学分析习题课讲义 下册答案.pdf,56,answer-pages/jia-yi-short/page-0056.jpg,1450,2051,24D3394DF419EAD3A4160108CEAEBE16B0B7BD395AE93ED76B2ADD46506211AB
jia-yi-short,谢惠民 - 数学分析习题课讲义 下册答案.pdf,57,answer-pages/jia-yi-short/page-0057.jpg,1450,2051,4817DF3136093D6EDFE10EFF3CD0CAF8F7103BF23499A21716345C57FCE1FD2A
jia-yi-short,谢惠民 - 数学分析习题课讲义 下册答案.pdf,58,answer-pages/jia-yi-short/page-0058.jpg,1450,2051,8CAE67DA186013917AB741A833C6A38B761E59AB0C0FCE9BC6B031BE6F0CF457
jia-yi-short,谢惠民 - 数学分析习题课讲义 下册答案.pdf,59,answer-pages/jia-yi-short/page-0059.jpg,1450,2051,54E405D4FAD5CE36B548244C52A8810830C1F083671B3C66315B24CD2F950FCD
jia-yi-short,谢惠民 - 数学分析习题课讲义 下册答案.pdf,60,answer-pages/jia-yi-short/page-0060.jpg,1450,2051,E7E6B4C422A06C117D6C129EB5A68A6AF2CE34D88233684FEB5672F52602C668
jia-yi-short,谢惠民 - 数学分析习题课讲义 下册答案.pdf,61,answer-pages/jia-yi-short/page-0061.jpg,1450,2051,524A7C326469FB1A8CD848A5C6153901EC520F07A3FE07F1DCC3CF4F5A0B342F
jia-yi-short,谢惠民 - 数学分析习题课讲义 下册答案.pdf,62,answer-pages/jia-yi-short/page-0062.jpg,1450,2051,D4F2458B69794F0C4F86CCBC47364EFC9D9EC3CAD560AF5E469085A67E86F300
jia-yi-short,谢惠民 - 数学分析习题课讲义 下册答案.pdf,63,answer-pages/jia-yi-short/page-0063.jpg,1450,2051,969F7DE6DC9876B8A02857CC3F29BA258D4AD1EC89C1C2EA8A9856DFFEDBBF44
jia-yi-short,谢惠民 - 数学分析习题课讲义 下册答案.pdf,64,answer-pages/jia-yi-short/page-0064.jpg,1450,2051,E46D849C90E3A3F15D607025F8C9F4F42EB09F40050BE78BD5E1DDD127BEBE70
jia-yi-short,谢惠民 - 数学分析习题课讲义 下册答案.pdf,65,answer-pages/jia-yi-short/page-0065.jpg,1450,2051,19542AB53B2AE3C841330BDEAFDC73EE98C4FC3E72ED0C82C41435092D2ECE14
jia-yi-short,谢惠民 - 数学分析习题课讲义 下册答案.pdf,66,answer-pages/jia-yi-short/page-0066.jpg,1450,2051,96689CAFA6818D453473403D25E441305C3CE7DD74F73DD9DCD3978FA6F21250
jia-yi-short,谢惠民 - 数学分析习题课讲义 下册答案.pdf,67,answer-pages/jia-yi-short/page-0067.jpg,1450,2051,8DEE478323FB48262ECA17F36A0240AA0957F03B211DC94421F3C686B76A58EE
jia-yi-short,谢惠民 - 数学分析习题课讲义 下册答案.pdf,68,answer-pages/jia-yi-short/page-0068.jpg,1450,2051,1F88BD4E31EAE1E341B0E59CCDD2A32B6C488317542B4C4B357BFBA0BA4C0056
jia-yi-short,谢惠民 - 数学分析习题课讲义 下册答案.pdf,69,answer-pages/jia-yi-short/page-0069.jpg,1450,2051,4D16075FB69788C633DAF14B6E6BF2EA666C71689A9C1A9141844D1FE96B7D93
jia-yi-short,谢惠民 - 数学分析习题课讲义 下册答案.pdf,70,answer-pages/jia-yi-short/page-0070.jpg,1450,2051,9A70423051F263685F1861ACFA4E2338DCC5D33933B0CDD7C4F25CB87F8AC7EE
jia-yi-short,谢惠民 - 数学分析习题课讲义 下册答案.pdf,71,answer-pages/jia-yi-short/page-0071.jpg,1450,2051,0FC0ABF51700ACB783A473B25F998174ABC7520C57DCC21D24F383B55FB1E1AB
jia-yi-short,谢惠民 - 数学分析习题课讲义 下册答案.pdf,72,answer-pages/jia-yi-short/page-0072.jpg,1450,2051,969C47D6BCC8AA9E3F030DD8AC4004F607B700DC7225DDE455793D6CA286BB9E
jia-yi-short,谢惠民 - 数学分析习题课讲义 下册答案.pdf,73,answer-pages/jia-yi-short/page-0073.jpg,1450,2051,1B0BEA671BCDDAD2F836C84A98E739602203EE14D630FAE9F7CA6AB6D7DC29D8
jia-yi-short,谢惠民 - 数学分析习题课讲义 下册答案.pdf,74,answer-pages/jia-yi-short/page-0074.jpg,1450,2051,4BEC47BDA7BAEAD464837B854F372BE59F017711E631E66EC0701152C7F2ABA1
jia-yi-short,谢惠民 - 数学分析习题课讲义 下册答案.pdf,75,answer-pages/jia-yi-short/page-0075.jpg,1450,2051,E8FC5EAAEB5D7FF9A99C22A368108E731F1C4D81957184B20AB786327554610B
jia-yi-short,谢惠民 - 数学分析习题课讲义 下册答案.pdf,76,answer-pages/jia-yi-short/page-0076.jpg,1450,2051,841EE107171004A4849E7B3BFE1410AB34E061DEAE0EBA2739ACC04FE741964C
jia-yi-short,谢惠民 - 数学分析习题课讲义 下册答案.pdf,77,answer-pages/jia-yi-short/page-0077.jpg,1450,2051,85F7CA04F2093700745D47B2D7433F76CBF5390BD84710A1D64289197054CB70
jia-yi-short,谢惠民 - 数学分析习题课讲义 下册答案.pdf,78,answer-pages/jia-yi-short/page-0078.jpg,1450,2051,31FBD2B10851F994D23C77109D620A48C7EF4D86310547A5F6B1733C6D31B862
jia-yi-short,谢惠民 - 数学分析习题课讲义 下册答案.pdf,79,answer-pages/jia-yi-short/page-0079.jpg,1450,2051,EA465B0F4F4E27E27C003A470E1B8C3A4EB4001F418F13BC05B7FE79769CF15F
jia-yi-short,谢惠民 - 数学分析习题课讲义 下册答案.pdf,80,answer-pages/jia-yi-short/page-0080.jpg,1450,2051,C855062DAC0FFB2604504232EA6F3B68472BFFEEA43DA1FF3D9B968B794EBE1C
jia-yi-short,谢惠民 - 数学分析习题课讲义 下册答案.pdf,81,answer-pages/jia-yi-short/page-0081.jpg,1450,2051,A2FCED468A78C2E0FFDF2325366AE284E9F040437C930C3658613FD9EC94FD6E
jia-yi-short,谢惠民 - 数学分析习题课讲义 下册答案.pdf,82,answer-pages/jia-yi-short/page-0082.jpg,1450,2051,4FF76148D766F5E3592E3C4891911523EAEFD7F7B5BC7409DE577F613B9345D3
jia-yi-short,谢惠民 - 数学分析习题课讲义 下册答案.pdf,83,answer-pages/jia-yi-short/page-0083.jpg,1450,2051,4551BF2C28A92A89282C2300EA8546808177DD1009D7C24BE4BF86DF0159C957
jia-yi-short,谢惠民 - 数学分析习题课讲义 下册答案.pdf,84,answer-pages/jia-yi-short/page-0084.jpg,1450,2051,30E22D712953C257788FD57E2A2805E4573195E36CA2DCC684C59EA3BA5AF51A
jia-yi-short,谢惠民 - 数学分析习题课讲义 下册答案.pdf,85,answer-pages/jia-yi-short/page-0085.jpg,1450,2051,E1C4C2C004E09DA00C8E294E7D95828A929D943485A5ECCBB15F48DF38520DEC
jia-yi-short,谢惠民 - 数学分析习题课讲义 下册答案.pdf,86,answer-pages/jia-yi-short/page-0086.jpg,1450,2051,194847DD1D8D0CDFD1CF4DDED3E672A51D6802A7CE7A33DF0693ABE8E00BB304
jia-yi-short,谢惠民 - 数学分析习题课讲义 下册答案.pdf,87,answer-pages/jia-yi-short/page-0087.jpg,1450,2051,899B7784DE6403B20F30629D7229FB63B15C873A39E4047E90233765FF1C792B
jia-yi-short,谢惠民 - 数学分析习题课讲义 下册答案.pdf,88,answer-pages/jia-yi-short/page-0088.jpg,1450,2051,61397F5DBF602374BBE3340CF0AE17F20F2BF17BE123C705223BBC07FE541537
jia-yi-short,谢惠民 - 数学分析习题课讲义 下册答案.pdf,89,answer-pages/jia-yi-short/page-0089.jpg,1450,2051,C7531AFB96157F4DD88A67D8F36FE116110CFF616F139ED15DE101893F73976F
jia-yi-short,谢惠民 - 数学分析习题课讲义 下册答案.pdf,90,answer-pages/jia-yi-short/page-0090.jpg,1450,2051,BC62F259884E863AA2F28F46F9A433FFE5A075061B2305BBF07DB002CE9AE5BC
jia-yi-short,谢惠民 - 数学分析习题课讲义 下册答案.pdf,91,answer-pages/jia-yi-short/page-0091.jpg,1450,2051,40531EF67F64BBAF916AD742F3F9649B98A9D8BB9D536B87A54786B80F5B7453
jia-yi-short,谢惠民 - 数学分析习题课讲义 下册答案.pdf,92,answer-pages/jia-yi-short/page-0092.jpg,1450,2051,154F6191C8C1B196790110AE2617ECAFBD308877A21CE7AD15FF23180F0DA6A8
jia-yi-short,谢惠民 - 数学分析习题课讲义 下册答案.pdf,93,answer-pages/jia-yi-short/page-0093.jpg,1450,2051,479337838FC871DBDFD9B8D5D99DC4D1438DC92EAAD9060E77EC1E8F20A23955
jia-yi-short,谢惠民 - 数学分析习题课讲义 下册答案.pdf,94,answer-pages/jia-yi-short/page-0094.jpg,1450,2051,F49C069226C81487792B7ACE0D8B03944677D068A799DD8B61775C8D8E28BAAB
