volume,physical_page,printed_page,image,width,height,method,sha256
upper,1,,source-pages/upper/page-0001.jpg,911,1319,embedded-jpeg,5266B1A13C71145602D072AD457D0D88BED3EB5E1824AF049A38D7BF8A4212A0
upper,2,,source-pages/upper/page-0002.jpg,911,1319,embedded-jpeg,57067CFF2784CE23ED74BED1E7C9D8AA3A1246BA665EE2836F9E5D2E1B3A512B
upper,3,,source-pages/upper/page-0003.jpg,911,1340,embedded-jpeg,A4138C6C57403DE994B6D4D7B79443B8E15254CA026741A3A289935F0CDAD682
upper,4,,source-pages/upper/page-0004.jpg,911,1343,embedded-jpeg,B45308F0CEFA54AE72301886554D35598D47162A918F4A3F1353379BA6417A98
upper,5,,source-pages/upper/page-0005.jpg,911,1340,embedded-jpeg,F5FA76B12AA745380B939358AFC9D0BE053C8A2EA32AF194D748D45491CFBE65
upper,6,,source-pages/upper/page-0006.jpg,911,1343,embedded-jpeg,2DBBE2B80D3352BF4C235D9944DD596D158425AA0960C9DA1964A6598A6CE6CE
upper,7,,source-pages/upper/page-0007.jpg,911,1340,embedded-jpeg,8477FDF6372E79860185D1D522EB7154448269F31255B11E3C3BB7464F74020D
upper,8,,source-pages/upper/page-0008.jpg,911,1340,embedded-jpeg,C917987F1FEB350ADEB30F6587D0C29C25DB4157AE227D99F68E73512BE2482F
upper,9,,source-pages/upper/page-0009.jpg,911,1343,embedded-jpeg,B79AA63EFE18E106DB34C32499573286013B15F153B13C87FA196DE5931CCC52
upper,10,,source-pages/upper/page-0010.jpg,911,1340,embedded-jpeg,E1D230BF29FF84E06B85E3A19B289CB7442054967AC4D14D152BB7689ADBF6FA
upper,11,,source-pages/upper/page-0011.jpg,911,1343,embedded-jpeg,25A9661476755690B3A5C08FBA41613209642454308E8FE0A9818B51636629F2
upper,12,,source-pages/upper/page-0012.jpg,911,1340,embedded-jpeg,24E0FF83835CBE15D260449FD36E31F4687FC317BE9E1BBB37CADC4ED45443BE
upper,13,,source-pages/upper/page-0013.jpg,911,1343,embedded-jpeg,20661698D4D76E55547D319C79E59D5E6B632E2C133CCF7552D1F7DE095DE045
upper,14,,source-pages/upper/page-0014.jpg,911,1340,embedded-jpeg,8F79FCFAA8FCD9CB9C41AAB94DE99F57077F445A31E1640AEFEA8F347C56AA15
upper,15,,source-pages/upper/page-0015.jpg,911,1343,embedded-jpeg,881ECD217E469C05810869C4F345606EF95486A4A5027C8051904F01BCD8A56F
upper,16,,source-pages/upper/page-0016.jpg,911,1340,embedded-jpeg,A2D269FE207B4C619CCF73D49749B1C558DDD44B531112C91862C8FDD6F33FDB
upper,17,,source-pages/upper/page-0017.jpg,911,1343,embedded-jpeg,0501A5570EBC4105D790F91B19F21BCAED331E9A0BAC627B60689C5263CA73EF
upper,18,1,source-pages/upper/page-0018.jpg,911,1340,embedded-jpeg,D2AD95A57DEEAA0C6E404AC1A867E4C1EF6A2593E5F5BC723CB3988910D0F58A
upper,19,2,source-pages/upper/page-0019.jpg,911,1343,embedded-jpeg,65951438FECB2D2FC6B8E02818E030AAF60B6B017848292B4E840538BEE690D3
upper,20,3,source-pages/upper/page-0020.jpg,911,1340,embedded-jpeg,098D7CDCFD09099A8CB73B83A2097EF115166E7BDDD21B62CF0303758D805252
upper,21,4,source-pages/upper/page-0021.jpg,911,1343,embedded-jpeg,1C75CBF20852EB20A2DE6DC30B389839BC9A5B9D3A8466E7E28C2F5B44964DF6
upper,22,5,source-pages/upper/page-0022.jpg,911,1340,embedded-jpeg,43D2AD898430E436B6B6892DA3A282B1B4DC551CC939AB3288F314FCA662238E
upper,23,6,source-pages/upper/page-0023.jpg,911,1343,embedded-jpeg,559F4D2FE9622D3311F14D273CF261A05A0F6D3EE37D027B920BEEC14C198C3E
upper,24,7,source-pages/upper/page-0024.jpg,911,1340,embedded-jpeg,9F8B4B900831FC2C59AD0AEFE6A1891CE6596394863F36E05E5DA95873B27F22
upper,25,8,source-pages/upper/page-0025.jpg,911,1343,embedded-jpeg,46CD58486F6B55EA0E732D0425A9FA43C96062D1CA3CD3405A2A7286E63A6A3B
upper,26,9,source-pages/upper/page-0026.jpg,911,1340,embedded-jpeg,45EFFDDCC2C6213A0BE00619160C693AAE871B812E45B65D5072DC6ACF197578
upper,27,10,source-pages/upper/page-0027.jpg,911,1343,embedded-jpeg,DF940D89754C547334ADDD94D67977136BF31783AFDDE5746E735622BD0E8E69
upper,28,11,source-pages/upper/page-0028.jpg,911,1340,embedded-jpeg,54A23A082C20CA919E79ABE9E1BB1A38351B06EDC0985AB879A960934924AC4C
upper,29,12,source-pages/upper/page-0029.jpg,911,1343,embedded-jpeg,A0ED90D9DC61122FFAB102337186590E0B5810259DFC73BB2B3062208A190E92
upper,30,13,source-pages/upper/page-0030.jpg,911,1340,embedded-jpeg,D8E5512AA2709E042BEC609256B5A714F1FC79C847ACF40027647941E80BD480
upper,31,14,source-pages/upper/page-0031.jpg,911,1343,embedded-jpeg,0749B823AC865BA8E878D91052229FD779937E8D8EE69CCD956FEB59878B5FFE
upper,32,15,source-pages/upper/page-0032.jpg,911,1340,embedded-jpeg,601A933BE80D7DB6606DBAF7BAB84F7AC6AF60B5A7335FFDA09325CC0652131D
upper,33,16,source-pages/upper/page-0033.jpg,911,1343,embedded-jpeg,2CDC957AD91EF660C58FB6F67E3462ADF19BD0EC706F2193DDF8F51C888935A0
upper,34,17,source-pages/upper/page-0034.jpg,911,1340,embedded-jpeg,E226B9C1930A6B99AF3D5E536E9A97F4554CC5F13C6651726555263F5DB60EE7
upper,35,18,source-pages/upper/page-0035.jpg,911,1343,embedded-jpeg,479FCA009C8840292E3B95384BFF37E43833B1A17F5C9281DCC8F19E6448D0CD
upper,36,19,source-pages/upper/page-0036.jpg,911,1340,embedded-jpeg,0A1BB49EED9A4F10F174AD42E1518FA75C737566A85643646BD624BB877EFF88
upper,37,20,source-pages/upper/page-0037.jpg,911,1343,embedded-jpeg,89759C457DAE936B6F19321E807D0871F0C5EED94C13C71FD5E9AF37124CC146
upper,38,21,source-pages/upper/page-0038.jpg,911,1340,embedded-jpeg,6E420AB4E1AFEE976C2529B29EC95B629ADF3438B9C82DFD5F318EE590A32C4E
upper,39,22,source-pages/upper/page-0039.jpg,911,1343,embedded-jpeg,5087E82FDA7523A5DC9F263D292F87319120BF98C60028B7570BD94EFED9364C
upper,40,23,source-pages/upper/page-0040.jpg,911,1340,embedded-jpeg,C8FAACE37483F45D9333E8A64F1A8D2EFC0C6DED3E4DDCBD7B75F3FB73D1FB27
upper,41,24,source-pages/upper/page-0041.jpg,911,1343,embedded-jpeg,571A742E565DC64550861337C8A5416FFF451055D0281A9942D7576A6ACCE2FA
upper,42,25,source-pages/upper/page-0042.jpg,911,1340,embedded-jpeg,DF7EB57AED185F3DD5370B9184720CFF5EE81B50AECDBE72697274C808FAC3D3
upper,43,26,source-pages/upper/page-0043.jpg,911,1343,embedded-jpeg,8781E4AA58A27E8AD6B4E5275B92919C8725210A435414D30811A16B021FB256
upper,44,27,source-pages/upper/page-0044.jpg,911,1340,embedded-jpeg,FBDDC88F53176CE20839B31E248DA9AB3C9382171AEE317E0F36FB0017C0710B
upper,45,28,source-pages/upper/page-0045.jpg,911,1343,embedded-jpeg,D0C7108055AF76EC0C53FD3D10D3327BC48B2FFAD06036143586276856B79E4B
upper,46,29,source-pages/upper/page-0046.jpg,911,1340,embedded-jpeg,1D1DA004470DFCAE18A7B4EDA497C2A64B9FF93BE17ED73DCD4E3D678132542E
upper,47,30,source-pages/upper/page-0047.jpg,911,1343,embedded-jpeg,6E291AC738E90654BF7CCE075E1474B162DF27AE6D7C7415CD72104A3587E7E4
upper,48,31,source-pages/upper/page-0048.jpg,911,1340,embedded-jpeg,DD413D89DCCBE5655D74DAAC755629B2DB3FA9C6CC04F66FAD2DB824928219B1
upper,49,32,source-pages/upper/page-0049.jpg,911,1343,embedded-jpeg,216DE4865E0130DC6B60899953289C70E1605F1DE8399D99F4FFE84BC215C8B1
upper,50,33,source-pages/upper/page-0050.jpg,911,1340,embedded-jpeg,43C4E67E373837A635B142EFB100FBCD3A7AC15F4B624B6E5D9A62BBB9084193
upper,51,34,source-pages/upper/page-0051.jpg,911,1343,embedded-jpeg,95D011F36068D364A7C898C3CA36CB044CB2AE5A1C31B18EEE633E4759568716
upper,52,35,source-pages/upper/page-0052.jpg,911,1340,embedded-jpeg,EA9D55139E76AFD5E4BCE4E7DB3295CA739425E3DEE712DAD50FC25F30FD3413
upper,53,36,source-pages/upper/page-0053.jpg,911,1343,embedded-jpeg,AECF89E17AAEA1DF22FC632FA1E14B0AAE470A0D08380517B4366C9E98B031B5
upper,54,37,source-pages/upper/page-0054.jpg,911,1340,embedded-jpeg,33A4170C54E1CBC4D7C66816D0CA8D22626260194D00034596B872F6BF2D6872
upper,55,38,source-pages/upper/page-0055.jpg,911,1343,embedded-jpeg,866681239430039A20548CA78E64400A02D9FDD8620B27AA73F1C3E85D000982
upper,56,39,source-pages/upper/page-0056.jpg,911,1340,embedded-jpeg,17AEB2C6FB2B723B1B1F8CD78655949412EBF89BCC83B0819EAFAA534FB77A54
upper,57,40,source-pages/upper/page-0057.jpg,911,1343,embedded-jpeg,C325202F495AD06DB62D2003D404BD2E4BDBA7337FA6C66613814D33D4E70FBE
upper,58,41,source-pages/upper/page-0058.jpg,911,1340,embedded-jpeg,627FDF7088068D4E4087B7C508C8A1973E2EA22A3AF1AA1CBD7784EB36458771
upper,59,42,source-pages/upper/page-0059.jpg,911,1343,embedded-jpeg,6B45CD401927B29517398514A83904B2898D40BE951D78C8C6B48AFE14BC2B0D
upper,60,43,source-pages/upper/page-0060.jpg,911,1340,embedded-jpeg,5C8B326A5B4190DF5DDA9F478996AA3777691537CB12A5368FFE8D929413F039
upper,61,44,source-pages/upper/page-0061.jpg,911,1343,embedded-jpeg,71473C12947C4344A182ACF5172C080818D5988FE14A256C0996CA4DF6956E52
upper,62,45,source-pages/upper/page-0062.jpg,911,1340,embedded-jpeg,93F3C9792526B069822405F290006E9964E95B02058AB8A8191B9669CDC534AC
upper,63,46,source-pages/upper/page-0063.jpg,911,1343,embedded-jpeg,A31E8543AE871A20935F8F16ADB7DECA0096AC2B9D6C1A8381CCBD1955F5009B
upper,64,47,source-pages/upper/page-0064.jpg,911,1340,embedded-jpeg,3F98901A087E23F4079347C4BB9530CA7327EE9A96F2E4E6C881DCCD482F41F2
upper,65,48,source-pages/upper/page-0065.jpg,911,1343,embedded-jpeg,38F425CED4D4AF2D849268FEBE0D14342CE076E743C385722156075649B3E77C
upper,66,49,source-pages/upper/page-0066.jpg,911,1340,embedded-jpeg,5F7114137A03E6590CA2ECA90908B67990035A1ABBDDB9A4D52995F69E8553FD
upper,67,50,source-pages/upper/page-0067.jpg,911,1343,embedded-jpeg,8228AA369C5A5C96EDEB059075D135D754C4296761386FBAACE4E7DF064E1016
upper,68,51,source-pages/upper/page-0068.jpg,911,1340,embedded-jpeg,D841C5AD35D563065FFCB3F165BEC0A7325882472ED1799F79D59F6E4E5C2C6A
upper,69,52,source-pages/upper/page-0069.jpg,911,1343,embedded-jpeg,EAFEF5600DF0177DB8887B572E7B2BFAC4863C06E3918D9DB21EDAD4FF8AF4FE
upper,70,53,source-pages/upper/page-0070.jpg,911,1340,embedded-jpeg,8EA803F52764632D93B5ED0A7A18A84D1E5A67BA2C1E40562FEC0BEE9651DD77
upper,71,54,source-pages/upper/page-0071.jpg,911,1343,embedded-jpeg,5E510519B088F66BF9D674A33D572EC6B7C06D065723FCD5E16E954699ED28B7
upper,72,55,source-pages/upper/page-0072.jpg,911,1340,embedded-jpeg,F3AE2F9322E547EDD8F173DC553FDFA4EF8B2F7A85A4D2103A4C00C971CFE77C
upper,73,56,source-pages/upper/page-0073.jpg,911,1343,embedded-jpeg,8D44210ACA4EED442BF9BF95F3EF6DA0AEDDA96789885139587E1BF126F37C4B
upper,74,57,source-pages/upper/page-0074.jpg,911,1340,embedded-jpeg,573EC16F7BD96AF47B4C528FD25D99BFF2F500CE9D1D34BB6E3D47C69F1B9D12
upper,75,58,source-pages/upper/page-0075.jpg,911,1343,embedded-jpeg,7783D5663152CE3FD55F511FE4343425CCD40F0C2B99E77CEC72A90269D72765
upper,76,59,source-pages/upper/page-0076.jpg,911,1340,embedded-jpeg,85A0D6F59A026982C923FD2C1168987E63A0C474D322FF7075B7378F9519C1E4
upper,77,60,source-pages/upper/page-0077.jpg,911,1343,embedded-jpeg,2384C311D59CF45B457F38C8BD9FA1F6F577852AE10CA82B5962BAB0A613F360
upper,78,61,source-pages/upper/page-0078.jpg,911,1340,embedded-jpeg,7DA457C49139AB59D2F6D4366A98B05DB34B429E37796FF0591D715400E060BD
upper,79,62,source-pages/upper/page-0079.jpg,911,1343,embedded-jpeg,F919D600AFD7DB83DEE14AA43FDE202F49A84B7F279A633C8036EC55EC1CA121
upper,80,63,source-pages/upper/page-0080.jpg,911,1340,embedded-jpeg,3261ED180ACFD93633D49EF928183BC9BB54CB64B3364B8D8635F7FDC4D37AB1
upper,81,64,source-pages/upper/page-0081.jpg,911,1343,embedded-jpeg,1F2CA576F7D91FF641416EE1ABEE51359943FF642137ADB591A2ED2553582D7C
upper,82,65,source-pages/upper/page-0082.jpg,911,1340,embedded-jpeg,4DB6B96BF6358C6C59B5A05386F27B42131ECBEB70065917E0F9BB539B75A306
upper,83,66,source-pages/upper/page-0083.jpg,911,1343,embedded-jpeg,942F6662A682C54CA44E623704DBE9255085BACF1FC6E7CA4F5BDF843A9B62D4
upper,84,67,source-pages/upper/page-0084.jpg,911,1340,embedded-jpeg,45D03A638F4347D6A6975A37C4BF9A1C29AD6E07837A64808F4E5D516CA62876
upper,85,68,source-pages/upper/page-0085.jpg,911,1343,embedded-jpeg,02BEA57FA3A580655EDBCF876AC593B68FF879B67D51D016E554FC565A88302F
upper,86,69,source-pages/upper/page-0086.jpg,911,1340,embedded-jpeg,E2F96DE87F45685CE717AF2E2E2D4BB476633A6670DABDBEAB9D78F016E6C930
upper,87,70,source-pages/upper/page-0087.jpg,911,1343,embedded-jpeg,19D3B17509C004396355E52173C95A84724DBC3C8702E0E03B561DE665A27252
upper,88,71,source-pages/upper/page-0088.jpg,911,1340,embedded-jpeg,C0BB553C12F150A544BFC40FB1A87A69F56EC697F49C5E4262F47ECD93677A11
upper,89,72,source-pages/upper/page-0089.jpg,911,1343,embedded-jpeg,6E89F1491855587C750A7BF1E0E1AA0C9367A8A7C5B4B08724F02ECC95880E0B
upper,90,73,source-pages/upper/page-0090.jpg,911,1340,embedded-jpeg,4EDA30BC453B019E6365B8447AC76B24FB571129EC023F2454164B035C0D6BED
upper,91,74,source-pages/upper/page-0091.jpg,911,1343,embedded-jpeg,D4DBF6209045F24FDFEA1AFB4A6CA86F34F22FE5E4E729BC304C8BE9A4C0B7A7
upper,92,75,source-pages/upper/page-0092.jpg,911,1340,embedded-jpeg,C4B2E97DE01441357872D72F333A4AD46CAC02DD84FB04BECC93ECFF49C99B96
upper,93,76,source-pages/upper/page-0093.jpg,911,1343,embedded-jpeg,0ADC4B39287602E3BEDD91765467EABF2E7BB54BAD87D11F37A6856A43E53D46
upper,94,77,source-pages/upper/page-0094.jpg,911,1340,embedded-jpeg,531225AA0631AABA52C015B03CBEF6B0879BC42CD17B189C74B141CF904C3A69
upper,95,78,source-pages/upper/page-0095.jpg,911,1343,embedded-jpeg,7D77D39470D3612ECED944F45FE2567FA0FF29C5B75CA5838BCE668892660E6B
upper,96,79,source-pages/upper/page-0096.jpg,911,1340,embedded-jpeg,6681B382B8096C7B587D114253471A6466D3DFB4DDD9F797DB38CA98448C70F3
upper,97,80,source-pages/upper/page-0097.jpg,911,1343,embedded-jpeg,097928736045ABDE899E9F69E0326E7E4F412C6C8360491409AEF32E8BA8E945
upper,98,81,source-pages/upper/page-0098.jpg,911,1340,embedded-jpeg,C02B248345D989253F2CB015ADE4BD7FF6D236CFFAFC61FB21CCF65B98C5529A
upper,99,82,source-pages/upper/page-0099.jpg,911,1343,embedded-jpeg,3EFB43C48BDC3E150732DDD07257084379E9D47C512862649271903CE2C3933D
upper,100,83,source-pages/upper/page-0100.jpg,911,1340,embedded-jpeg,12D929B380DD6D9C28C39791CC55F53DB49879190D0B61551FE3DA5B19324EAE
upper,101,84,source-pages/upper/page-0101.jpg,911,1343,embedded-jpeg,969095C685D9621CF05F55EA03B1EC40282C81EF33FCD29F014382A86D955695
upper,102,85,source-pages/upper/page-0102.jpg,911,1340,embedded-jpeg,DE4D83E71815D87069808EB74299A1F4E895AFD618F0B5CEE70A65C7A57DDEB5
upper,103,86,source-pages/upper/page-0103.jpg,911,1343,embedded-jpeg,567B0FD718405ED69BC38913474CDC6DF228E6D37A715F195892827C6C8EAA1B
upper,104,87,source-pages/upper/page-0104.jpg,911,1340,embedded-jpeg,69B0A42529E6993E6EBCF6820E931C6007AD87490FFA3C703D1E02568A07B742
upper,105,88,source-pages/upper/page-0105.jpg,911,1343,embedded-jpeg,0990193CCC5D4CF3E5F1602D421641C89826266D880791F8CEC2902DF392C160
upper,106,89,source-pages/upper/page-0106.jpg,911,1340,embedded-jpeg,1D709C77F85C42E497D6AEA7A65D18DE136236FAB38BFEE81AD87D0E046095DB
upper,107,90,source-pages/upper/page-0107.jpg,911,1343,embedded-jpeg,65B3571CFDE67D561F3AEB1CFD80F7CDC147115B4291BDC3DDC3D2F5C8F44E82
upper,108,91,source-pages/upper/page-0108.jpg,911,1340,embedded-jpeg,D6C8CBD9452D7BCAA5BF2DB73E5E0D2C221326C23B2EA569E72E9965761FEA4B
upper,109,92,source-pages/upper/page-0109.jpg,911,1343,embedded-jpeg,1378C0DE75D357CBFE57A2C5666C9386207125F226841BC7DFDD0EA7EC6EC959
upper,110,93,source-pages/upper/page-0110.jpg,911,1340,embedded-jpeg,7E40DECBAA1232857026F746BF78EE8EE652A8CF6C416873E95C910F3E8FC0B6
upper,111,94,source-pages/upper/page-0111.jpg,911,1343,embedded-jpeg,8DB75320AB31FCCED8DEE3B4EEC9F41C699BA18D32B009B40F9369894879D361
upper,112,95,source-pages/upper/page-0112.jpg,911,1340,embedded-jpeg,C836AD2448DB29D394532C5083C474C1521A660A6BE21058B972BA60BB7A6EC5
upper,113,96,source-pages/upper/page-0113.jpg,911,1343,embedded-jpeg,5880596A77C79EF82A426986FEDCFBAB754952B08A725E440254AA63BA359AF6
upper,114,97,source-pages/upper/page-0114.jpg,911,1340,embedded-jpeg,D90926C2277BCDDD0088ED1CEBBC98DFDDBBAB216E83AED1B49A90D820A31243
upper,115,98,source-pages/upper/page-0115.jpg,911,1343,embedded-jpeg,4FA13A7710D08B83333540DB42DC7D67A70F6879853A17AF5848D0FD1DA62AF6
upper,116,99,source-pages/upper/page-0116.jpg,911,1340,embedded-jpeg,4BDB631E44E39418D3CD2D5FFD2DB25FDA938CF76EEB428110549A8EAE91BE24
upper,117,100,source-pages/upper/page-0117.jpg,911,1343,embedded-jpeg,AE76C1E5B28B407CED3BD05B359958DF0810D88196CB75AFE71CB3FA24C14D16
upper,118,101,source-pages/upper/page-0118.jpg,911,1340,embedded-jpeg,92066F81E58C72044C4A2CD215EE9C2F2CF87A99624C3177FE749A0803CFD2C7
upper,119,102,source-pages/upper/page-0119.jpg,911,1343,embedded-jpeg,0927DF926182671D5A9C571CB0928667B663192266FF73C25E6886E6FEBBEC20
upper,120,103,source-pages/upper/page-0120.jpg,911,1340,embedded-jpeg,E6D59D107C1580760B4D320EE0644718C0358E592855AC1FFAD3E6C04D4F0A05
upper,121,104,source-pages/upper/page-0121.jpg,911,1343,embedded-jpeg,C2703C9C3E7DECE17A04CA4753C03EF381A5CF159CF2507F393264912BE0749F
upper,122,105,source-pages/upper/page-0122.jpg,911,1340,embedded-jpeg,183ED7F38FDD3758EA9783A1C792C7024F1826AF0BB141F77993B74D99E9671E
upper,123,106,source-pages/upper/page-0123.jpg,911,1343,embedded-jpeg,6C5EE062FC6FA17C0AC080CA79EB047DE8413528457B64354B773F4FA6B360E4
upper,124,107,source-pages/upper/page-0124.jpg,911,1340,embedded-jpeg,CC92635EECBFB82A04F96AF0832805BFFE7E82C5086C827C3B2A4BEAAED92C6C
upper,125,108,source-pages/upper/page-0125.jpg,911,1343,embedded-jpeg,B73E46A444C5C9BAF7F2FAA58689473F70125301737A4A34F9D04694199E49B9
upper,126,109,source-pages/upper/page-0126.jpg,911,1340,embedded-jpeg,F4E773EC177CDE9838AC93C6BD42EDC1DD99D621956863A5FB186E63BC910E5F
upper,127,110,source-pages/upper/page-0127.jpg,911,1343,embedded-jpeg,025D66AA8E1DC7386FE5619031305A09828ABC33361996A55F92693D7C674BC8
upper,128,111,source-pages/upper/page-0128.jpg,911,1340,embedded-jpeg,9D9AED70F576E0C5346EF932DF0B70E3A7B9EC856F4DC62746A8E764CD4FB540
upper,129,112,source-pages/upper/page-0129.jpg,911,1343,embedded-jpeg,969077BC7316D8524BCE40BFDCFA4A7F6CE98EF85B0816578CC8EF820E5D0D80
upper,130,113,source-pages/upper/page-0130.jpg,911,1340,embedded-jpeg,A9B5E240EEEB19A6C5E27399B03713DE7A0DA0E16D83CC671A8D73BDF7381DA3
upper,131,114,source-pages/upper/page-0131.jpg,911,1343,embedded-jpeg,F9B0AE3927E26BCE6390631772CA4AC403A547004F785FBA0F2BE2DD9DB079BD
upper,132,115,source-pages/upper/page-0132.jpg,911,1340,embedded-jpeg,E192AECBFEA62F97A080F1669C08BE4EF6E21A0BEEC59AFB778CCD311F7BE6E5
upper,133,116,source-pages/upper/page-0133.jpg,911,1343,embedded-jpeg,E4C0A03703FCF3579C369575EB4529FD079AD6CEA43E8E3ECE8E4F8297A23924
upper,134,117,source-pages/upper/page-0134.jpg,911,1340,embedded-jpeg,F07AF45AB5345D928FDB1887CC71049FAC203E3ED3162F4B81F71F4CD97E04C1
upper,135,118,source-pages/upper/page-0135.jpg,911,1343,embedded-jpeg,F8D4C6D2ADE01DA78019BEB008C45F1CA62F0902C63A583266D967EBC35E38E1
upper,136,119,source-pages/upper/page-0136.jpg,911,1340,embedded-jpeg,28E13967812C2782FA4261B79FB2B8F54CF75FBD48E9A4EA5A56C31FD6380730
upper,137,120,source-pages/upper/page-0137.jpg,911,1343,embedded-jpeg,4858F49B96A6C4639B7BCE8182476698EE8836D7AB9F0F12FB889590232A4C9E
upper,138,121,source-pages/upper/page-0138.jpg,911,1340,embedded-jpeg,B7FA9BD5A5B4A541B332D9D8B4BCC86CD1CD588A78866B418376DC950672912E
upper,139,122,source-pages/upper/page-0139.jpg,911,1343,embedded-jpeg,C9E4AED48E8AB634C39E8C8527802708F4286AD079280B2E14219EE56C0CC680
upper,140,123,source-pages/upper/page-0140.jpg,911,1340,embedded-jpeg,F7B318C01DE417496D817E6E38A70430E03586F6FC8A993A7EA91E791674AB21
upper,141,124,source-pages/upper/page-0141.jpg,911,1343,embedded-jpeg,4A1CD011397D6060622F9A6157E1BA0AD05301C410E1207AC82B1A64D16DCA09
upper,142,125,source-pages/upper/page-0142.jpg,911,1340,embedded-jpeg,FC729353C32B9D0309BBE3A29CBC3AEFD4741C434F04F3583AAA9CBEBB4F8ABB
upper,143,126,source-pages/upper/page-0143.jpg,911,1343,embedded-jpeg,5ECB17DD262BFB7FD861540E68E1C63E17C65151EAFABFA077D5E203A8C18568
upper,144,127,source-pages/upper/page-0144.jpg,911,1340,embedded-jpeg,730B054F7FB09EF3F0F0F976C14AE5A1B71AA39ED4D561010ECAE9BA44D1969C
upper,145,128,source-pages/upper/page-0145.jpg,911,1343,embedded-jpeg,2E48FE0247A5BB2DA942FEAF3297B0318EA68298DD614A4BBAACD2B451832431
upper,146,129,source-pages/upper/page-0146.jpg,911,1340,embedded-jpeg,9A8674D0796DE547EED78CDD207BAC5DCDC8A2EEB79A1A7E4216D6F988048CE2
upper,147,130,source-pages/upper/page-0147.jpg,911,1343,embedded-jpeg,9AEAEBFFBCA910A07A249274AC223916E59F733C5EB7FE49139FDAA4C44587CB
upper,148,131,source-pages/upper/page-0148.jpg,911,1340,embedded-jpeg,4914FA2A24B3E5007A8ED6B788B29A164C38CEE72FAEFF2A73027EB44EAF8A8B
upper,149,132,source-pages/upper/page-0149.jpg,911,1343,embedded-jpeg,20F767F60FC4AA2C6DE91C42F9C4B20D7E84C3B68EE499DC38B720A510C298F5
upper,150,133,source-pages/upper/page-0150.jpg,911,1340,embedded-jpeg,D7D6E2B5C0A7D833DF0A87A2DC1F5B158D2FE178864E02FAB4B3AA7162DD36D9
upper,151,134,source-pages/upper/page-0151.jpg,911,1343,embedded-jpeg,53F778C9706EA9AFAEE70E96EDE2AD1A3A9DF44466ED6FE8CE575DAF3778074A
upper,152,135,source-pages/upper/page-0152.jpg,911,1340,embedded-jpeg,254E6763020B05E4D70718211397CD9B00F0176AAB3CFD5CCBDE52BDC554E16B
upper,153,136,source-pages/upper/page-0153.jpg,911,1343,embedded-jpeg,902ED68D1941238FBEF4EE7A852755EC7D9E8E5E91242CE4E73B2570EF0E4195
upper,154,137,source-pages/upper/page-0154.jpg,911,1340,embedded-jpeg,A853431A014D2A68E1CFE923170E88FED0FC3B0C30ED7BD7450FF03C51B47CD7
upper,155,138,source-pages/upper/page-0155.jpg,911,1343,embedded-jpeg,7B5FAECD973165EBA103D848AF60CC3B2E4A5214DF8E225E8E794DB043FA3758
upper,156,139,source-pages/upper/page-0156.jpg,911,1340,embedded-jpeg,89D04DC82634DAF201BD0FA88C72D343B902D23E01001EDBA712B7A059272996
upper,157,140,source-pages/upper/page-0157.jpg,911,1343,embedded-jpeg,4E0C8FF438A5473A17355349F93D7515A68DDFC0ABFB4276D6B6E35A8C161101
upper,158,141,source-pages/upper/page-0158.jpg,911,1340,embedded-jpeg,D165E3DF0FD6721A63C8824C0F03A9F893CA6F9228387F1CF981E5CB91D69F05
upper,159,142,source-pages/upper/page-0159.jpg,911,1343,embedded-jpeg,E2D93BB991E6A713A62E81522E460B0FD28BF6098B53559D8BA8622495369DFE
upper,160,143,source-pages/upper/page-0160.jpg,911,1340,embedded-jpeg,A38FBE92FFBFF1596DF1F550777926DE14C49BCD750E4FE3C6154478F2B25E52
upper,161,144,source-pages/upper/page-0161.jpg,911,1343,embedded-jpeg,72616D42BF23AC8ED73378016E0527CCD1A2B5BDE8D4C51ED610A6DE6736CD54
upper,162,145,source-pages/upper/page-0162.jpg,911,1340,embedded-jpeg,181BDFE1AF4015F59071CE5A8BA46E7536AA841251340F64E82BBAB324F08950
upper,163,146,source-pages/upper/page-0163.jpg,911,1343,embedded-jpeg,94EA7CA6CCB0204DAE63A06D58FC07D2F76FA1C0F24807858D1C106913B33345
upper,164,147,source-pages/upper/page-0164.jpg,911,1340,embedded-jpeg,6E9550CC1053997C6453DDB8F746C587641151B95CA268611E7EE828AB1B3EAF
upper,165,148,source-pages/upper/page-0165.jpg,911,1343,embedded-jpeg,67BB242AC8F44EFE1F930EBE1B1B50BF12E73EB4D450F3A263F0A40C197801EF
upper,166,149,source-pages/upper/page-0166.jpg,911,1340,embedded-jpeg,8290C9FF1180BB9A613C39AA60DFAEC851840A3B8C321C803A84296ACA4B68EB
upper,167,150,source-pages/upper/page-0167.jpg,911,1343,embedded-jpeg,F47738C931D80623ECBBD7EE387D03FBC0B43DCB017169DA9004B7A62902C0B6
upper,168,151,source-pages/upper/page-0168.jpg,911,1340,embedded-jpeg,3EF82573F63A26E841CFBCAC98ABA1BBF4D3B2847AEDDA73940AF39F94B50F99
upper,169,152,source-pages/upper/page-0169.jpg,911,1343,embedded-jpeg,4675D7B7CA8CF32E1BC3C0CE7B4491EE3BB8A67DB9240FCD18B8BC1CC27D358D
upper,170,153,source-pages/upper/page-0170.jpg,911,1340,embedded-jpeg,0C20A959E328CAA2E5D0A66FF896ACE70A69B8963B509E607302C747E608E520
upper,171,154,source-pages/upper/page-0171.jpg,911,1343,embedded-jpeg,F729922C8F2785504AB9AEB5EEE09D210381D9F375DADA04D5696F6F226D04E6
upper,172,155,source-pages/upper/page-0172.jpg,911,1340,embedded-jpeg,8CE7B6EE96D3D08F7BC3F1D3F43E811843126A1B83F6B813CA3FD73BBB297ADA
upper,173,156,source-pages/upper/page-0173.jpg,911,1343,embedded-jpeg,F11DC0AB55CE72CB7D3420C0B4B4073FC2B2FA09CD9B2AB4CACAC1645257790D
upper,174,157,source-pages/upper/page-0174.jpg,911,1340,embedded-jpeg,76CA818B4B24EE3AFC76A7B887207E52AFD163CD6C24A4781740487F325BBBDB
upper,175,158,source-pages/upper/page-0175.jpg,911,1343,embedded-jpeg,EF3D630D010059FBEBD3CABA352C472E3FA8F5A2A2343F025D91B04B3E3EB3A6
upper,176,159,source-pages/upper/page-0176.jpg,911,1340,embedded-jpeg,3DE22FAF32CD38FAB59659CFF4B0B383D6DF9D0F6DB39AD503877F70C2AEB13B
upper,177,160,source-pages/upper/page-0177.jpg,911,1343,embedded-jpeg,C5CC24BCB8B31D8E04EF5460A2C8B80D37CEEB24970D22C6B519B92E4F31EC2D
upper,178,161,source-pages/upper/page-0178.jpg,911,1340,embedded-jpeg,4821BC62BFA0B413572F8C355884151C3C4A6DF989FE274F1E2DE7992FC2CDF2
upper,179,162,source-pages/upper/page-0179.jpg,911,1343,embedded-jpeg,B470D65CD3EC48F3EF06935DCFEA3948411F48E920C3B0AA862363658DD47390
upper,180,163,source-pages/upper/page-0180.jpg,911,1340,embedded-jpeg,29DA6BBA8E09415117A207FA2BC1CFAF3665A1A15FA2A57501DA8FE6A2A1E96D
upper,181,164,source-pages/upper/page-0181.jpg,911,1343,embedded-jpeg,15ABCE6D6213A9D8FC4FCAD079976D79492D7F5881CA0F7B2F8DA1D59905EA2D
upper,182,165,source-pages/upper/page-0182.jpg,911,1340,embedded-jpeg,9147B783829DE2A1B4156730915527EEEC020F1758777C302400C5FDCEBD9854
upper,183,166,source-pages/upper/page-0183.jpg,911,1343,embedded-jpeg,D7250F4AEE0826F6B5B93C16A06B972A64A403DF6CE7C01E3AF9502CE240CEDC
upper,184,167,source-pages/upper/page-0184.jpg,911,1340,embedded-jpeg,5285B8BACA2BE2CF4EDE98F883F7E1F339E1EF3BA83C64B0F7CBF291704B8E1F
upper,185,168,source-pages/upper/page-0185.jpg,911,1343,embedded-jpeg,6B239885117D937CBEB7A844ADE5D899032FA49C6E0401BFF0E27D488BE09691
upper,186,169,source-pages/upper/page-0186.jpg,911,1340,embedded-jpeg,5AC1B055B40BF102D41DE4C85995B354E7A1E56D79588954C7BFA6ED75D5B72C
upper,187,170,source-pages/upper/page-0187.jpg,911,1343,embedded-jpeg,6ACFBA6627A66C6B7E82CB00FE7197FD60456DA39E3120769D998571995F4C85
upper,188,171,source-pages/upper/page-0188.jpg,911,1340,embedded-jpeg,770367F4028E516CC92A0487773C3A1733FA8B897F336CA68411472F54B094D1
upper,189,172,source-pages/upper/page-0189.jpg,911,1343,embedded-jpeg,E197483BFC71807AF635362729477CC989D505081CBCE9656E1D1CFE72E2808A
upper,190,173,source-pages/upper/page-0190.jpg,911,1340,embedded-jpeg,DE06DF56EF45DB6CEE01BE772280A11402CF1604FA0CF5356ABAF063362A424A
upper,191,174,source-pages/upper/page-0191.jpg,911,1343,embedded-jpeg,919D2D511C9B56E51A39713C70796F77FD1EE8D2E94DFA5DF3AD137973EED8B5
upper,192,175,source-pages/upper/page-0192.jpg,911,1340,embedded-jpeg,2B82D0AA53D58BCDC65F712A823FAF54338B3D372C2D9EB9A7FEAFEAABBEF052
upper,193,176,source-pages/upper/page-0193.jpg,911,1343,embedded-jpeg,260363D65C0939029E5D10BD0C1998994F4EBA038F9F5193734E6DD72316B873
upper,194,177,source-pages/upper/page-0194.jpg,911,1340,embedded-jpeg,58B5598257C8C75E08FA9647F386E1F9D287D6E37EF57BA960630EE16A3CCB34
upper,195,178,source-pages/upper/page-0195.jpg,911,1343,embedded-jpeg,33D9598B9B0CB95304F71876FC2DECF63F9DB7652665BB6C1CB07F30D6D8D0F4
upper,196,179,source-pages/upper/page-0196.jpg,911,1340,embedded-jpeg,B26A7DEBF3F55AF680479A61403218E03E2C48DB1A03C67B6F7BB8E4DDB057FD
upper,197,180,source-pages/upper/page-0197.jpg,911,1343,embedded-jpeg,5BD5FA8BD62F41671E8BE6A8B390CC5CAF296D2F1D63FFC6B7860376F0D6F380
upper,198,181,source-pages/upper/page-0198.jpg,911,1340,embedded-jpeg,5684F516FBC0B6FAE4DBEFA9B55902A9E924D8844141828A92E30F2CFCEDB4F2
upper,199,182,source-pages/upper/page-0199.jpg,911,1343,embedded-jpeg,A08DEF47128DBC1A8B1DD7ABA0E2C31CED87BBC763B41ADDB25DE4E67395AE96
upper,200,183,source-pages/upper/page-0200.jpg,911,1340,embedded-jpeg,E2B29D5557B88BD307CB826E027BF33F492476C2665B5A377B4773BEC92C0BCD
upper,201,184,source-pages/upper/page-0201.jpg,911,1343,embedded-jpeg,E9120B3B65D93C8BDDCA75C55A934A8A3EB023D239F2A01EFBD1F702E9568CCD
upper,202,185,source-pages/upper/page-0202.jpg,911,1340,embedded-jpeg,B835A8F5F69635E10CDC74735ACC45C7BC037ECE39D97BE4C08910D63432B8AA
upper,203,186,source-pages/upper/page-0203.jpg,911,1343,embedded-jpeg,C51605A2DD930FC5441B6CDA20E634F0674B69CD84CCEAAA28061D409532E1DB
upper,204,187,source-pages/upper/page-0204.jpg,911,1340,embedded-jpeg,AD88D379185A703E35A70767E5A617052AE6E5C5788AECB3BB56E17FAD754905
upper,205,188,source-pages/upper/page-0205.jpg,911,1343,embedded-jpeg,6C2D394872D8401B79F2749CAFB08917FCA19F1262618C6BD9914FADCAB64DC8
upper,206,189,source-pages/upper/page-0206.jpg,911,1340,embedded-jpeg,8E5600B5AD3E01071ACF53D271F053F852EA90EC4C83C630483B7E3738780679
upper,207,190,source-pages/upper/page-0207.jpg,911,1343,embedded-jpeg,007B2EE55C989B9D217D9D683DCAE303571F005E7D90EF38F004501D8D3FD67B
upper,208,191,source-pages/upper/page-0208.jpg,911,1340,embedded-jpeg,532326D20C0654B4E1E0D3F2932B7B4F5B7C3291C6BB53004FE94EF951916871
upper,209,192,source-pages/upper/page-0209.jpg,911,1343,embedded-jpeg,F9A46FDA136DEAFDFCC89001D436DECCD3FC0E873354007131C9D7F86CCE6840
upper,210,193,source-pages/upper/page-0210.jpg,911,1340,embedded-jpeg,9F917C373C7E6CA9D4A838028CAC5A20FD1F03B6BB881A1B4C3E4C8B37839B34
upper,211,194,source-pages/upper/page-0211.jpg,911,1343,embedded-jpeg,C1B9115E6993132E54BB9C47B4EB5E808258735008E7BF0888C9EEE2ECEB41E4
upper,212,195,source-pages/upper/page-0212.jpg,911,1340,embedded-jpeg,E3B371DD71F146258819D864399E81BFAB890D8FD27977F914B746F3FF24CA5D
upper,213,196,source-pages/upper/page-0213.jpg,911,1343,embedded-jpeg,E032D7A4B2898ED1169BB2B7081B602F84E3EC9713AD4D920D9A1CF14039B0FB
upper,214,197,source-pages/upper/page-0214.jpg,911,1340,embedded-jpeg,51406A0BA130731021BBB7874913197F0B3CC97ED3BE1DBA7E2D2529D8395AB0
upper,215,198,source-pages/upper/page-0215.jpg,911,1343,embedded-jpeg,834FDF1E82EDB2EA2E99D8A427C84058865C703F13B899C7779865EF091C2354
upper,216,199,source-pages/upper/page-0216.jpg,911,1340,embedded-jpeg,46B4CDDA0F221A2887ABAA3A9C064D5E9DC9803808A428C8D69AB327C265DA25
upper,217,200,source-pages/upper/page-0217.jpg,911,1343,embedded-jpeg,025292063E1CA2AE04BA905E4CD7001422C8570E36789258D16B4C0306D912DD
upper,218,201,source-pages/upper/page-0218.jpg,911,1340,embedded-jpeg,D648A6A5E9CCFB74299E40568907456C6936571C0749E29DF9B6DE4BCD53BEF7
upper,219,202,source-pages/upper/page-0219.jpg,911,1343,embedded-jpeg,C56CB036FDEA48E8BD355A43E7076908C9F4C3A04F5BDDBA738DD576FABA2CA4
upper,220,203,source-pages/upper/page-0220.jpg,911,1340,embedded-jpeg,B55CF841CDBBF3648C2440A3DDB3B27516C5F32FFB171BD9AE66296CA453F5F5
upper,221,204,source-pages/upper/page-0221.jpg,911,1343,embedded-jpeg,E991348B51A8B68CC07CD1777521ECC598027BBD7DF7C25F5B7AB82027471AD1
upper,222,205,source-pages/upper/page-0222.jpg,911,1340,embedded-jpeg,99EDEB16D773A81F052196DEE376B99B136DDFFB895D1E8DD0DE8C0F831472E6
upper,223,206,source-pages/upper/page-0223.jpg,911,1343,embedded-jpeg,65117DD5145D380883E5C10823C984591D88901AE5BF6A6A0575A06226D4CC30
upper,224,207,source-pages/upper/page-0224.jpg,911,1340,embedded-jpeg,99C41F24F56C1B7834A590145ADC26299EFCEF9DBC971F5DF548D9959415C2CA
upper,225,208,source-pages/upper/page-0225.jpg,911,1343,embedded-jpeg,608D80B19EF777EEFDB1846C7BFE07F0B74263C082032F99162F302BAB153C14
upper,226,209,source-pages/upper/page-0226.jpg,911,1340,embedded-jpeg,860F71A8C20A72849A02B059B4E3CC6FCC5963F73454834959BDC32318B5E59D
upper,227,210,source-pages/upper/page-0227.jpg,911,1343,embedded-jpeg,282F4A2D8FBFDF710A691751A415EE38454D88D53CF313FF97FE65ECA1BFF052
upper,228,211,source-pages/upper/page-0228.jpg,911,1340,embedded-jpeg,00A227EA8D729AA5DB9B6658793377203BB1E20BF327D129CA1515699C7876F6
upper,229,212,source-pages/upper/page-0229.jpg,911,1343,embedded-jpeg,B288B9C86E9179A6D52D2911D7ED12B895BBCE4DD90A683CC7788C85D616CBB1
upper,230,213,source-pages/upper/page-0230.jpg,911,1340,embedded-jpeg,6511C89DA0B2D946D10A7D8779711174625496EFF17601665771BB5D405AB4DC
upper,231,214,source-pages/upper/page-0231.jpg,911,1343,embedded-jpeg,AAEF17BE851098AF512C0B5FCC1599924BE195B1194BF96261E0FC0AEF04C538
upper,232,215,source-pages/upper/page-0232.jpg,911,1340,embedded-jpeg,2FC7C7F08D1E45D39988A17A47197459DC129C49165659F2BCFA9F04C1DC4AF1
upper,233,216,source-pages/upper/page-0233.jpg,911,1343,embedded-jpeg,AC6C51D6E5198E52CDF44BFC3B33C4F2DF67E9097E74BA8385737A2BCE70CB1A
upper,234,217,source-pages/upper/page-0234.jpg,911,1340,embedded-jpeg,73FEC242460792D215083C5EE40F9F5DE1182084DB2F4F828E9DD21A9A0267FF
upper,235,218,source-pages/upper/page-0235.jpg,911,1343,embedded-jpeg,6F57E47F65F48C7CB95025E512F0673F0F8E3C1D345FCC9DCBC9208A2E28A2BD
upper,236,219,source-pages/upper/page-0236.jpg,911,1340,embedded-jpeg,7BE2F78A712E09BAAB4C1D1F369BCE7CD0831D852A72E30067832B13D415DF2C
upper,237,220,source-pages/upper/page-0237.jpg,911,1343,embedded-jpeg,E9F0E217F07B0489FE4D3057B11082EF95FAF0E2CD30A6442566A52098DEB7AC
upper,238,221,source-pages/upper/page-0238.jpg,911,1340,embedded-jpeg,3477E723D9F1FC86630A745AEE05B2A2F39B4A530B6DF225718B59F10A0D4A17
upper,239,222,source-pages/upper/page-0239.jpg,911,1343,embedded-jpeg,D28F0B3D360174C8567D48F3D88739D4ACB762541F1B9D0E97B01C9DA79AB539
upper,240,223,source-pages/upper/page-0240.jpg,911,1340,embedded-jpeg,4DBED29A8733143B8BF20D64E015E35C1976062082D4A861CC3A9B40DF596B85
upper,241,224,source-pages/upper/page-0241.jpg,911,1343,embedded-jpeg,C28B0E43BC4B5A018FE711491009A338DABDF9BE75FF5DB046B8E3C498FEE431
upper,242,225,source-pages/upper/page-0242.jpg,911,1340,embedded-jpeg,FB44F880FACAEF0A49CE2AAAA72DC0EED6556A5479D98B207591DCEA585CEB7A
upper,243,226,source-pages/upper/page-0243.jpg,911,1343,embedded-jpeg,2D06E161EBE90E5B387F6B9F744781BE9FFC71D28B68198B67AE9DA256D82927
upper,244,227,source-pages/upper/page-0244.jpg,911,1340,embedded-jpeg,30D4777C4ED9182DACFA9076E354E9173EC9EA62626FA12ED659F63C5384429E
upper,245,228,source-pages/upper/page-0245.jpg,911,1343,embedded-jpeg,0371EF1556C306CEC452F4499B2C4B10EE06BA1566C099A14C815F2AA6B93827
upper,246,229,source-pages/upper/page-0246.jpg,911,1340,embedded-jpeg,1580B92657A82F4B0EAEC66506AC42AA8BD2220902A89AD9584F4295BAB16611
upper,247,230,source-pages/upper/page-0247.jpg,911,1343,embedded-jpeg,076A3089C183A6A97B68156F510C1904B92BBE367249E97C5FFABD3B9D0F1942
upper,248,231,source-pages/upper/page-0248.jpg,911,1340,embedded-jpeg,214C14606039DC2E0659B032F202D8764D495F028BB810D3A2702CACC5B1AC70
upper,249,232,source-pages/upper/page-0249.jpg,911,1343,embedded-jpeg,33920152210E912C52297EB0D02A5D2C2232CD5221BEA35601862F078DC7E085
upper,250,233,source-pages/upper/page-0250.jpg,911,1340,embedded-jpeg,B5CE507853ED78769CF6D60AE93D077AF6A7DF0A749D64DF96B71E6EFE863906
upper,251,234,source-pages/upper/page-0251.jpg,911,1343,embedded-jpeg,D1360E91C2896DFAECAF9E57644480F718F2AC271C5BC476BA93D277763F9906
upper,252,235,source-pages/upper/page-0252.jpg,911,1340,embedded-jpeg,FFF6CE25F47A9D089CF41793B511F0ABB6FEDF450E83A357BC2E0A9D360B6DF0
upper,253,236,source-pages/upper/page-0253.jpg,911,1343,embedded-jpeg,F60FCA0083468A8869AB08C4F7E954121DB764A44DAE8FF358C6CDBAAEBB1EE0
upper,254,237,source-pages/upper/page-0254.jpg,911,1340,embedded-jpeg,E423842ED802D8BC4317F987D77814FFE6D53FFB97704D5EE451900B20655499
upper,255,238,source-pages/upper/page-0255.jpg,911,1343,embedded-jpeg,21ACC4B094DDA55D39C166AE4F8E19DBC2FA789995B9A648FB883C79CBB63CE1
upper,256,239,source-pages/upper/page-0256.jpg,911,1340,embedded-jpeg,5ADE872BBCA58B8F3112753623237C8BC7B730D160CE8A3943885D3D50160B75
upper,257,240,source-pages/upper/page-0257.jpg,911,1343,embedded-jpeg,2BF17A60DB8D3F1CF381E379955896D25BB1B1E558A82C4C96EAF85789A41BC6
upper,258,241,source-pages/upper/page-0258.jpg,911,1340,embedded-jpeg,7CFC6733B5AED15709CAE8B43C7D99256315D0BF5A0D60643604CAE762872237
upper,259,242,source-pages/upper/page-0259.jpg,911,1343,embedded-jpeg,2CA06359B3BBD167D5461531CB9575A38A312203EAD5352910D27CB6F80BC485
upper,260,243,source-pages/upper/page-0260.jpg,911,1340,embedded-jpeg,716630B2C4305CA110B7B2BC18551D213DD38E2292A970B851AC27410BED389B
upper,261,244,source-pages/upper/page-0261.jpg,911,1343,embedded-jpeg,A1746E896F34B50E30DDCFCF3AC15EBAEAEB6B7CC7AD3D2FE90FABAE4C6699CB
upper,262,245,source-pages/upper/page-0262.jpg,911,1340,embedded-jpeg,2BDDE15837D303462315878A2EEABA66121628DFB0626EFE02A39DB61EB82148
upper,263,246,source-pages/upper/page-0263.jpg,911,1343,embedded-jpeg,6D5551110F5A0D97623476DFCC966D8CD36DD24AC448E3542BC47171623CA5C9
upper,264,247,source-pages/upper/page-0264.jpg,911,1340,embedded-jpeg,8FE0908CA8FEDC432D1CD850CCAC1D727D2BFE55C81D07EA67D4863F13B98BC1
upper,265,248,source-pages/upper/page-0265.jpg,911,1343,embedded-jpeg,7F169A39B24AA0E5E7F388AD8D992940DCEF1F10C8144431B90AC98A8C94390D
upper,266,249,source-pages/upper/page-0266.jpg,911,1340,embedded-jpeg,E95959007D1B0B75E88BD7E594BA322AD9684EC380A696E6BF2D52C9B1795B73
upper,267,250,source-pages/upper/page-0267.jpg,911,1343,embedded-jpeg,A5EFE28887B8E60E0E6EE42DD88C768BB363C4ACBCFAD6B5FD657C8ECA4ECF12
upper,268,251,source-pages/upper/page-0268.jpg,911,1340,embedded-jpeg,27462D62D0B2D1FB85ACD234D31247193E1A00789FFC9C634B0C60044F83F4EA
upper,269,252,source-pages/upper/page-0269.jpg,911,1343,embedded-jpeg,70FDFFC1D81A2213F601C53464D8EE5F5EB5E7FD50F1A1E5428DE8471E987093
upper,270,253,source-pages/upper/page-0270.jpg,911,1340,embedded-jpeg,1480B7B3C4BADD00DC3ABFEC280B312AA9B9F193698558CF669D5000C979746C
upper,271,254,source-pages/upper/page-0271.jpg,911,1343,embedded-jpeg,2FDE5AEAE6F9E1925956E3FE42AA4796769A23A55AB10CA2B9220F24AC34F144
upper,272,255,source-pages/upper/page-0272.jpg,911,1340,embedded-jpeg,D6574673162A7AF2BCAECB022CBE58CAEE920F2E872269F327A302A3296846A1
upper,273,256,source-pages/upper/page-0273.jpg,911,1343,embedded-jpeg,256ACC9932C1B9A7BE194E944AF11F7BD0FB6F2042CECBB6871C20FEE52202EF
upper,274,257,source-pages/upper/page-0274.jpg,911,1340,embedded-jpeg,F3FE3B68143DD60A01536C2ABB42BC319509ED12E49229ED68A4753F4C8F6207
upper,275,258,source-pages/upper/page-0275.jpg,911,1343,embedded-jpeg,E339920F2C945931E452D4E35B495518C8166618D53ED137D153A3C2536563D4
upper,276,259,source-pages/upper/page-0276.jpg,911,1340,embedded-jpeg,701E8984D70E40F74449F54567E9D84782DF229C738E451D711609BEDF781B48
upper,277,260,source-pages/upper/page-0277.jpg,911,1343,embedded-jpeg,C903A624832B96DCD7896EC21266B3FA087FDD22A7BE8F7970173BC1C837F389
upper,278,261,source-pages/upper/page-0278.jpg,911,1340,embedded-jpeg,61D2060A164FFDE7CFD35E0B438F57777BF5440DB049B5755BD0DF7DCA4930BB
upper,279,262,source-pages/upper/page-0279.jpg,911,1343,embedded-jpeg,945A052C1D2E15F8662E6B165307BB6F92DD8FAE8E9D173E4B4840569B9B5774
upper,280,263,source-pages/upper/page-0280.jpg,911,1340,embedded-jpeg,042DE994070115C293E56948F1AF9D8B383940A1DC8FD20535C8DF30B6E0CADF
upper,281,264,source-pages/upper/page-0281.jpg,911,1343,embedded-jpeg,6A1A2325AA458FDF6F0962BDB1F8146716345A7C8730BF7D634853C42A57B125
upper,282,265,source-pages/upper/page-0282.jpg,911,1340,embedded-jpeg,C3E5EEBDA0B9CFDB5505AC3BE04432FA919BAF68FF07A7AFEF6DCD874DC444DC
upper,283,266,source-pages/upper/page-0283.jpg,911,1343,embedded-jpeg,FE2F825AC9826DCE4A59D6B7335293C19F2B23EA0BE67816B4D56C189473D2E5
upper,284,267,source-pages/upper/page-0284.jpg,911,1340,embedded-jpeg,07ED354032FF044942CF2ECF22BAA934922A29ADC3D05A89576929266D2655F4
upper,285,268,source-pages/upper/page-0285.jpg,911,1343,embedded-jpeg,A5A80842EB18F0858144CF671B969BB399D03A11527561C2377E31A7B4DF0D5F
upper,286,269,source-pages/upper/page-0286.jpg,911,1340,embedded-jpeg,657EC18B53A898F31C7E4C3F0BBF72368FEFB9C72855BEF43DE49C0E055A0F00
upper,287,270,source-pages/upper/page-0287.jpg,911,1343,embedded-jpeg,FF0CB74ADBEF1792A09B04A674CD289710B170FECB2D15BE809DBE385884D59E
upper,288,271,source-pages/upper/page-0288.jpg,911,1340,embedded-jpeg,12D13F2FD7605E85950130CD37DF4712F5595B6D2DA8F96DF35D69C3ACDE26FD
upper,289,272,source-pages/upper/page-0289.jpg,911,1343,embedded-jpeg,D2079AB4B8176BFB5F7AAFEA004BE81D68EEDEA234C6DA5C8C78F88C3F5AF47A
upper,290,273,source-pages/upper/page-0290.jpg,911,1340,embedded-jpeg,EDB3EA61164E9F27426A15509E7216997A2224BB07090239D38D3310D17EC83C
upper,291,274,source-pages/upper/page-0291.jpg,911,1343,embedded-jpeg,1D4A1BC880171BBF10CECFF895FC0CE32D56E89FB42E1C4AC068D266FB43D479
upper,292,275,source-pages/upper/page-0292.jpg,911,1340,embedded-jpeg,48298E99656F87EE781D46D0FD2870B753604FFEF7C15BF3862558363B48CF05
upper,293,276,source-pages/upper/page-0293.jpg,911,1343,embedded-jpeg,8691B98BF3B3DC90601543492C9CACF9C70957E3E67C268508E46E5787E3FBCF
upper,294,277,source-pages/upper/page-0294.jpg,911,1340,embedded-jpeg,5DC515A0204AC42DD9543C15309B04956D596CFF580C35E264FEAA8B89CAB9B9
upper,295,278,source-pages/upper/page-0295.jpg,911,1343,embedded-jpeg,8B9BFCA3262FBB2E8B3FF833DFB6766B22B4C3AE2A2B5E06A0066988869982F2
upper,296,279,source-pages/upper/page-0296.jpg,911,1340,embedded-jpeg,730D67A066C43BF2672919791E947B97D980A54900C72D18FA1655A234EAD41A
upper,297,280,source-pages/upper/page-0297.jpg,911,1343,embedded-jpeg,684D70D48077ABB0C56F234C63DDB2637EEA883EE106C9305E980FBEE5169C84
upper,298,281,source-pages/upper/page-0298.jpg,911,1340,embedded-jpeg,E845A5AFA5DB798338B6C6CFF643271AF11AF48B517177A52F6897A6405582F0
upper,299,282,source-pages/upper/page-0299.jpg,911,1343,embedded-jpeg,049BA6BC51F5B8FF2649CC4F479085BC5261B6689202F78C4168F78D7F9190EE
upper,300,283,source-pages/upper/page-0300.jpg,911,1340,embedded-jpeg,127544EC30706CC22AE8131521C7E953F1A9D3352314CE0B07B683F0A38C5494
upper,301,284,source-pages/upper/page-0301.jpg,911,1343,embedded-jpeg,1C47DDD2A033675D20E01D38D7DCF8A486C83A73204D5823F264C56B2E5C2800
upper,302,285,source-pages/upper/page-0302.jpg,911,1340,embedded-jpeg,CDD789342AE0AC1BF79F190C702DA440D52FBEE3D45E4678E53247DFE10C5843
upper,303,286,source-pages/upper/page-0303.jpg,911,1343,embedded-jpeg,8B53A87525B4F69BAE14C0C274AADFCADE78C90F6D8C4AF31529800D68815229
upper,304,287,source-pages/upper/page-0304.jpg,911,1340,embedded-jpeg,B86B32928F5AE7E06EA51A5FB545921456C386770C32E429766D00B04B200FC6
upper,305,288,source-pages/upper/page-0305.jpg,911,1343,embedded-jpeg,A6B879DD68E6DAA80846B9D06C8EE70F9AD09C0B414298B1F1237C6CE45CAA92
upper,306,289,source-pages/upper/page-0306.jpg,911,1340,embedded-jpeg,94C45A44B9256511EBD81364DD5E07009EF03C7AD3A2E782039A53576A62548D
upper,307,290,source-pages/upper/page-0307.jpg,911,1343,embedded-jpeg,C249682AD6540B0A91374CE9EFB7CBD3AA5816159866C2DDAFEC304147A110DB
upper,308,291,source-pages/upper/page-0308.jpg,911,1340,embedded-jpeg,240769C5DE486822BB2F867C284CE06C82737ECA38ED272F1D000B93E2D13552
upper,309,292,source-pages/upper/page-0309.jpg,911,1343,embedded-jpeg,A52A7A389B719AB6482DB8BEEC17542B82EA998B02D87B1E9C31EF08F432D884
upper,310,293,source-pages/upper/page-0310.jpg,911,1340,embedded-jpeg,1738760A0083DCA7F57B43ACBBD7390AFE3ED4535A265CA02C7B7A2CF14DA5FD
upper,311,294,source-pages/upper/page-0311.jpg,911,1343,embedded-jpeg,E811D2BEE4834C82A56E6CB94A2250D4491DF4A4C908B3FEBB1243379555C7A0
upper,312,295,source-pages/upper/page-0312.jpg,911,1340,embedded-jpeg,221EB7CE58314C1FA3612CDB441866F847B2E7DBF291C06BF48FD47B34B07D5A
upper,313,296,source-pages/upper/page-0313.jpg,911,1343,embedded-jpeg,4AC806A450F10795709FEFF923481503A0CB138771CE4ECE5D1DF98E41DCE26C
upper,314,297,source-pages/upper/page-0314.jpg,911,1340,embedded-jpeg,4AB42EA64A956370E3D06993B30104791437E8D65D51D322E616AF6557129039
upper,315,298,source-pages/upper/page-0315.jpg,911,1343,embedded-jpeg,19C88591D4A66CFCB62A002296EE9D83E14BE7BA42DEA2E889B1D8536A49671B
upper,316,299,source-pages/upper/page-0316.jpg,911,1340,embedded-jpeg,9962F344AAB240AB2E7EB9688084F2342E7230DBDB0F39D1ABA2F93C351B3064
upper,317,300,source-pages/upper/page-0317.jpg,911,1343,embedded-jpeg,CBD5BE58A44878F8EC3A49E191CF1FF4F2C005919DA39C22BC3F45201F54B947
upper,318,301,source-pages/upper/page-0318.jpg,911,1340,embedded-jpeg,1E7AAC055712718AD42AC475E2D71EA229C8F06C38099C4B6F6078B0E5718B40
upper,319,302,source-pages/upper/page-0319.jpg,911,1343,embedded-jpeg,CC9DC9AD2F632AA819DCE94A2AAFB6FA6CA46DA87F1B7AFC179694A2D754B1A7
upper,320,303,source-pages/upper/page-0320.jpg,911,1340,embedded-jpeg,FDB0F0DE7CB807347ED9DDAD046DBF18F1A503F0AF285DBA6F6CF23EF66178CB
upper,321,304,source-pages/upper/page-0321.jpg,911,1343,embedded-jpeg,854A1477799900F7620F66538BD1D4A0093A198408946A6CA04FAA1CA4734282
upper,322,305,source-pages/upper/page-0322.jpg,911,1340,embedded-jpeg,E1075A84C73FDD8D2EA2634493A92A5C1655B13C6D183BB172FA0D0B8B26F49A
upper,323,306,source-pages/upper/page-0323.jpg,911,1343,embedded-jpeg,F72CA1FAE36487576601ED1C1A1CBDC4BCBAF7BCE9B85478C640F0965B1F600F
upper,324,307,source-pages/upper/page-0324.jpg,911,1340,embedded-jpeg,63F2AEC6AE82AFB5636F7705E63D4D3669E68B2F707F2172654E7F673133B309
upper,325,308,source-pages/upper/page-0325.jpg,911,1343,embedded-jpeg,77EF427D59F75C2DDC6B33205F0F6E565481AFE7377E1F2BA23D2EE086448EA9
upper,326,309,source-pages/upper/page-0326.jpg,911,1340,embedded-jpeg,C53D47C56112C887A864673D0C95C02BA63E7BE7DAAC4AD8B2D3E93DDB42494C
upper,327,310,source-pages/upper/page-0327.jpg,911,1343,embedded-jpeg,83C38598FE379598E59AF4413A8F546F3FDE163A747B07742F5652607807BB19
upper,328,311,source-pages/upper/page-0328.jpg,911,1340,embedded-jpeg,E292F4B64B65C7FF95F6C4CCEE6FEF7794325E495AC4F761F4168D69184F998F
upper,329,312,source-pages/upper/page-0329.jpg,911,1343,embedded-jpeg,E355713EABD1B07C35FF3F8A1DF3BBF8AFAF02619574E2EF5B41F897903F77B5
upper,330,313,source-pages/upper/page-0330.jpg,911,1340,embedded-jpeg,80E1B83FF77B99CCDABCCAB88FD2055A3582D51100046134171A0BA842EAFA89
upper,331,314,source-pages/upper/page-0331.jpg,911,1343,embedded-jpeg,449F4A38D9AE13DA84F770FDB636574BB1E4B283B738D1E3D32809A9E3ECBF44
upper,332,315,source-pages/upper/page-0332.jpg,911,1340,embedded-jpeg,4EB2B8FC49448C1D958D322E8885A105447C13BF110B9BDB815315BF4C89211D
upper,333,316,source-pages/upper/page-0333.jpg,911,1343,embedded-jpeg,D97E095B6552034123680056E71F0D9C5AF103D7FCFA779DD0D153BBBF791A76
upper,334,317,source-pages/upper/page-0334.jpg,911,1340,embedded-jpeg,13F6EDB905C5B3A68FE25BD60A593618B8B2248E21683B02D5B8692546AC2896
upper,335,318,source-pages/upper/page-0335.jpg,911,1343,embedded-jpeg,308E6574C4969CE61EA4827C38CF991FAF72EFA1E25C96119F0198727A093ED8
upper,336,319,source-pages/upper/page-0336.jpg,911,1340,embedded-jpeg,250CFD6FE48B2403125A0D5A8D009CE085AACC919C3DFE4F1419E9B44045B56D
upper,337,320,source-pages/upper/page-0337.jpg,911,1343,embedded-jpeg,ADF5EC31FFF9E20B091E772DBCFE7F63690A83F87DABFB0D1D139A07428B5FA5
upper,338,321,source-pages/upper/page-0338.jpg,911,1340,embedded-jpeg,E041EC24A6DDB3AA793D7D64CA0421316F277696E3A95FCCEC1717D5F91C913B
upper,339,322,source-pages/upper/page-0339.jpg,911,1343,embedded-jpeg,AC2C1C101AA6598CE97ECDE5DC21BA5D1939E5FEE45C176377A75520FF29B093
upper,340,323,source-pages/upper/page-0340.jpg,911,1340,embedded-jpeg,3D17AB852387F0E8553B3D6B4F190536773C4ADD3C3FC510C43C6C83BC79E4C7
upper,341,324,source-pages/upper/page-0341.jpg,911,1343,embedded-jpeg,A98F0C114670F17DB83C4D66862599C68A6AFB9F440081B6D5E92BC21259D8D7
upper,342,325,source-pages/upper/page-0342.jpg,911,1340,embedded-jpeg,AF75BF343699CF8A0A5B9819CC7D570ED433BBEB8A289641E7B9AC2078DA4FBC
upper,343,326,source-pages/upper/page-0343.jpg,911,1343,embedded-jpeg,D36E77C6910506EF16EFD4A3C76062CD86F100C1AA9FEE85ACDB1ACFD65B2950
upper,344,327,source-pages/upper/page-0344.jpg,911,1340,embedded-jpeg,8E1AE50440801B3B7F5A83661C7BD4017435002A4F04CE715A788D84731C88FD
upper,345,328,source-pages/upper/page-0345.jpg,911,1343,embedded-jpeg,1C8B86669BD4D9E1B4F8C2634460D10AA826A1D0B25C77C1649C2AAC924F54AA
upper,346,329,source-pages/upper/page-0346.jpg,911,1340,embedded-jpeg,1A145D4E5FA7C0C5BD03D1AE9FF05344C0ADB50F2D120F11139F5904E089EC12
upper,347,330,source-pages/upper/page-0347.jpg,911,1343,embedded-jpeg,72A11CEC81BB9D5B421929909438B0AF2785B8C30183314355B75387AD254810
upper,348,331,source-pages/upper/page-0348.jpg,911,1340,embedded-jpeg,7C2405FCBECB176C73CB1345F8B676FC3EEA6BB7BBC3048168A37DB706F5560D
upper,349,332,source-pages/upper/page-0349.jpg,911,1343,embedded-jpeg,2B6C3381A4FC59C6488E7004D27C8E3E33CD6867C1A35DFF90055C5A03C3A517
upper,350,333,source-pages/upper/page-0350.jpg,911,1340,embedded-jpeg,49CA6A47F05CF4C5549AB3758EC664242825F88C3DABB8440FFA3D65337ED4C2
upper,351,334,source-pages/upper/page-0351.jpg,911,1343,embedded-jpeg,5EFED54D9FADB9446B824AB04C2574516FA6CC19C7292BE0036936AA0E162F11
upper,352,335,source-pages/upper/page-0352.jpg,911,1340,embedded-jpeg,B53D375558C461004CA796EA5DD3C984AF218E0110F1ACF470D328E2A0F03EDD
upper,353,336,source-pages/upper/page-0353.jpg,911,1343,embedded-jpeg,2A734BF8C7D3FE20C02045AA7CE0EE96D6B21F23C67CBACAFF9278544D25CD81
upper,354,337,source-pages/upper/page-0354.jpg,911,1340,embedded-jpeg,FE1D6451C788A57C4701336352C60F831538B7DC43EA5AEFB0822DC0E8661FE7
upper,355,338,source-pages/upper/page-0355.jpg,911,1343,embedded-jpeg,7629129837CC13741B65A55C84CEEFA95FB615D98FA2CE7BF0C3B5C564192366
upper,356,339,source-pages/upper/page-0356.jpg,911,1340,embedded-jpeg,455F8D6D62E2EAF3CA7A0CF421720B20434AD0013A8795EAA1727154E8929116
upper,357,340,source-pages/upper/page-0357.jpg,911,1343,embedded-jpeg,A927767863C40F6B03B5CA097CFEC3895DE6F229AE12B9B790F89CEE21FEE775
upper,358,341,source-pages/upper/page-0358.jpg,911,1340,embedded-jpeg,022842C7B4CD3D98D9E47229EE9CE68DD2A9D1F98EEC49CEF481847F1D509779
upper,359,342,source-pages/upper/page-0359.jpg,911,1343,embedded-jpeg,B7BF87271B9BDF35832B2D8A42E1536A9AB2F97D070440300BD1FCB5DA6E7F77
upper,360,343,source-pages/upper/page-0360.jpg,911,1340,embedded-jpeg,AAD05642D159DEF0D9184133AB87FADB6EE7B6BEDFB5003B2A6C84996224E01E
upper,361,344,source-pages/upper/page-0361.jpg,911,1343,embedded-jpeg,2FFA5E05C11132ED40F95CF6C147508E479263B16E2B13B51A434BC13D11DE07
upper,362,345,source-pages/upper/page-0362.jpg,911,1340,embedded-jpeg,1666F1E838C0E2EC525645A2CE5ED31C8E882A351D51279F3F39260F7E7464C6
upper,363,346,source-pages/upper/page-0363.jpg,911,1343,embedded-jpeg,11A3EC23E7328F5B3180D8A2006D1E5D7B50AC43A3DFB17340BEBB76137C75A8
upper,364,347,source-pages/upper/page-0364.jpg,911,1340,embedded-jpeg,C063C7305D3EE47C30870AB8579F16DB75F41F4EF8CB62391172C20DA77C2BCF
upper,365,348,source-pages/upper/page-0365.jpg,911,1343,embedded-jpeg,75C5B5FADAD983A5CD360E7975BCB44E7171B5D06E4B157FB9988EEE6998311A
upper,366,349,source-pages/upper/page-0366.jpg,911,1340,embedded-jpeg,713B7B76B5EAA0AC11281C7497D0FA23AFA759719E6A2027B4BF8DF02B98883C
upper,367,350,source-pages/upper/page-0367.jpg,911,1343,embedded-jpeg,807888BD012D986B90B59556ADB3290422BA7848CC28D24AD8A258662284B190
upper,368,351,source-pages/upper/page-0368.jpg,911,1340,embedded-jpeg,34023921F0D1F700A10F5E82236FD5F4F6299EAFB6693C47912AB476BFEE5BAB
upper,369,352,source-pages/upper/page-0369.jpg,911,1343,embedded-jpeg,BB12F099E1FC8140643385280986C08BF82C81AEC9B75621A1F7CFFA9389C160
upper,370,353,source-pages/upper/page-0370.jpg,911,1340,embedded-jpeg,2C7B8AC0898209872FDBD0DA19CDE73C555919DC410363C730D38B42B6699FCB
upper,371,354,source-pages/upper/page-0371.jpg,911,1343,embedded-jpeg,0A8FA316A84265EE4F535EEBEA30238C9CC0EC4C86CE5D342A42B7D8C9D467B0
upper,372,355,source-pages/upper/page-0372.jpg,911,1340,embedded-jpeg,375FA8AC68EA79C239EE52C6E891BC46DB5D5F49EC823C051D724F2EBDC13D6E
upper,373,356,source-pages/upper/page-0373.jpg,911,1343,embedded-jpeg,A77BE0D28FC2610887C82FD982AAD301983A1C91EADF9B305BCBED3A53AD63FD
upper,374,357,source-pages/upper/page-0374.jpg,911,1340,embedded-jpeg,75D37883868642D0D8EDC5E78804A779CCAF8AEC8612B0C517AC351B157C3426
upper,375,358,source-pages/upper/page-0375.jpg,911,1343,embedded-jpeg,FDA4ABD933C1E773782B7617224688D31D6F69E08F78A138F1EEA90DF33DFE6C
upper,376,359,source-pages/upper/page-0376.jpg,911,1340,embedded-jpeg,89198EA9ABBA37B56B237C9B4E6F68C41856325E9820503EFA9BAD02106152DE
upper,377,360,source-pages/upper/page-0377.jpg,911,1343,embedded-jpeg,D4E21225B3E68A473DC5EB87C36A1D69E1D3ECF680BB25A7148653FF470C43B0
upper,378,361,source-pages/upper/page-0378.jpg,911,1340,embedded-jpeg,A86FBBAEC19C1AE903AAE2E3B2D9AA46825A076DDC834AB3059B47A0B7ED5D35
upper,379,362,source-pages/upper/page-0379.jpg,911,1343,embedded-jpeg,1CAC1BAB6B6681A5D949DA24E9370349665B95C16378FAD8D3E19F5AAAA28243
upper,380,363,source-pages/upper/page-0380.jpg,911,1340,embedded-jpeg,754A50F91746AE90F8BC33A338755C539A925BC1A44F26123ADA435582B1FCA8
upper,381,364,source-pages/upper/page-0381.jpg,911,1343,embedded-jpeg,070B10035DE7339981F52F8389108E91B169FBEF0D230553A8843A43E4815200
upper,382,365,source-pages/upper/page-0382.jpg,911,1340,embedded-jpeg,867191B2BB531F5EC4CBADBD0C2A7DFB11C9568BED90EA061F0E23DAE03C4119
upper,383,366,source-pages/upper/page-0383.jpg,911,1343,embedded-jpeg,4C3B2CCDE7ED1B2092B5EC15EABB0CF1FB3B2189521D3696235AEF65DC433AE9
upper,384,367,source-pages/upper/page-0384.jpg,911,1340,embedded-jpeg,CDC782B1554EBDF2B6A3CAF76EB7AD0DB0785596AE4B3960D0DBD899A793F350
upper,385,368,source-pages/upper/page-0385.jpg,911,1343,embedded-jpeg,E661456E32DE5EA8405AEF4C6F1019466875B3A84FE2C79D143721D6B1263972
upper,386,369,source-pages/upper/page-0386.jpg,911,1340,embedded-jpeg,0FF5ACE0C12E9058F252A6523188018A7442980D476966A70961F1EC3B334DA8
upper,387,370,source-pages/upper/page-0387.jpg,911,1343,embedded-jpeg,EFDEE93C49DD9ADD61E94C2D18C0913AB675AA1543A821CBE49B31033D34EE4E
upper,388,371,source-pages/upper/page-0388.jpg,911,1340,embedded-jpeg,F161F8808332011DE49ACDD1BADDA1EA68A1181445188E35F193FBFD7BF500A8
upper,389,372,source-pages/upper/page-0389.jpg,911,1343,embedded-jpeg,0245F3EB035340A507EC482D680F41E9C5723E25430BAD80B0B90B7499AFEC79
upper,390,373,source-pages/upper/page-0390.jpg,911,1340,embedded-jpeg,254A8F7AEE851E162E13FC3ABE0064BAE7AB5C5C724F15C622244D279E4BE3F8
upper,391,374,source-pages/upper/page-0391.jpg,911,1343,embedded-jpeg,EAAB3917DAEDFD748F06F88BBF75D289438B86E064C640E1EC2A6B7CE2778BA2
upper,392,375,source-pages/upper/page-0392.jpg,911,1340,embedded-jpeg,A624AB2A6A08A16027F9CCB58AD98A8424557C241AECAB12B68C3110C89A6B6A
upper,393,376,source-pages/upper/page-0393.jpg,911,1343,embedded-jpeg,B37E4E577E517B45ECEB6107333214E3BC45F49AB9250B62A3957DF32428A53B
upper,394,377,source-pages/upper/page-0394.jpg,911,1340,embedded-jpeg,B0D65FC30F202C25E1A9C6B639F9BDB779B487F4C89C6852D2B586AEA4ABDB57
upper,395,378,source-pages/upper/page-0395.jpg,911,1343,embedded-jpeg,D72B60AE7A06980342C16F1EA96C5DBFB2D674FE01E45F6E2EAC0221A950F8F5
upper,396,379,source-pages/upper/page-0396.jpg,911,1340,embedded-jpeg,CDBDB9A14FC4804CC5EA19835E0A193EF8324A7A4326CC3DCDF1C86F184B0CE9
upper,397,380,source-pages/upper/page-0397.jpg,911,1343,embedded-jpeg,D504F453852FBB957725E7F5A6D56E56F491423FA5856AFCCFE9E64E9305DC8A
upper,398,381,source-pages/upper/page-0398.jpg,911,1340,embedded-jpeg,2CA4484EE8F063CB16EABE6969B2E6190508609F375EFF92C512BCBFBF8681BA
upper,399,382,source-pages/upper/page-0399.jpg,911,1343,embedded-jpeg,866BD5732A7BF0FEEB983C3A3188AC4AEE6B291A46879A94933AFA6CA3952A59
upper,400,383,source-pages/upper/page-0400.jpg,911,1340,embedded-jpeg,554DBC71DDD970B9EA91101CBE1E32521281B63B046F416347591BF818F9366C
upper,401,384,source-pages/upper/page-0401.jpg,911,1343,embedded-jpeg,C41E3C21DD9F550D8576850C4C20ED7AE7EF61B71C6CC91BBE63B8D2FA6494B4
upper,402,385,source-pages/upper/page-0402.jpg,911,1340,embedded-jpeg,595DCDD6D5A81087733F8B28F938725E013E0267D41723A12EDF9D2DF3FBD0E3
upper,403,386,source-pages/upper/page-0403.jpg,911,1343,embedded-jpeg,AA25F0F6B9CC9E2DD2F61FF7D4224F737A9FC66A62C66C08FAE23FC911232424
upper,404,387,source-pages/upper/page-0404.jpg,911,1340,embedded-jpeg,714D49FDB2A676B473FF54DFD9680ABF0556058AFDF225774FE09159279B4B52
upper,405,388,source-pages/upper/page-0405.jpg,911,1343,embedded-jpeg,34442799247182223806EE335F74EDDEE8E3DCCCE30A0CFE7CFB0313A8E21523
upper,406,389,source-pages/upper/page-0406.jpg,911,1340,embedded-jpeg,8A236C28F3135285EEE6A8725E197EC4318D975B209924237E662611113C43D6
upper,407,390,source-pages/upper/page-0407.jpg,911,1343,embedded-jpeg,E496A2C0F001861A43A8A9472F2D71CBC63A440C3BEF12BE9093EA9A1A3347E9
upper,408,391,source-pages/upper/page-0408.jpg,911,1340,embedded-jpeg,27DAA5D18CD8F03F26186F883BE56F3D2CEBE87E8B053EB0F73357CFBA22E521
upper,409,392,source-pages/upper/page-0409.jpg,911,1343,embedded-jpeg,1B6FEB4ECA5642634BA0B0F6823750E946FC762FE2D53132E3F12D54B6263194
upper,410,393,source-pages/upper/page-0410.jpg,911,1340,embedded-jpeg,8FE69AC7422361CE5C75B0E6F3AAD5D2C6A1E0743507B12D4DC4AC70821735BA
upper,411,394,source-pages/upper/page-0411.jpg,911,1343,embedded-jpeg,ADEE6B43DBC63ACB581819C7F9A578670E766DD484C2768DA24BC65606C9960A
upper,412,395,source-pages/upper/page-0412.jpg,911,1340,embedded-jpeg,8FCFBD3D6DDD7D86BF911FCF357EFD271E018918B40D5DD2517D072696574175
upper,413,396,source-pages/upper/page-0413.jpg,911,1343,embedded-jpeg,140A60C37A9FE2798897A699268C9C32784ABE7689E0C5B61FE3295E76BABFD6
upper,414,397,source-pages/upper/page-0414.jpg,911,1340,embedded-jpeg,822CB9F0D58D300019E81725EDFA2155F7FF90ACB6665AC862DF18D008546A5B
upper,415,398,source-pages/upper/page-0415.jpg,911,1343,embedded-jpeg,4E8947AD3724B1B5696A4B555FBC2456C18B0E114037186DC48828C4FE423155
upper,416,399,source-pages/upper/page-0416.jpg,911,1340,embedded-jpeg,3FBCA401C52AF6536E3DB2DE667ABFA76A3B24490E98A569803D52A678959093
upper,417,400,source-pages/upper/page-0417.jpg,911,1343,embedded-jpeg,1A12A5AFC155C44A4DACF6ECBCEBDC48CCFC2C6B1EC96E1CF315722C96B157F2
upper,418,401,source-pages/upper/page-0418.jpg,911,1340,embedded-jpeg,6D0564B9D5CE8E5E72FBDAD290893D99E05F416050BAA2FB1BCE96653BF021BB
upper,419,402,source-pages/upper/page-0419.jpg,911,1343,embedded-jpeg,2BBDDFA9BDE8C8B747ED75F6DC4FDCE8C7E0681E182FEA56C2D774142A086D39
upper,420,403,source-pages/upper/page-0420.jpg,911,1340,embedded-jpeg,941DCCCA1932EBFAECC5E8E1C01D7E6886B77BFA73766C6618C79D7C3F2AEAAB
upper,421,404,source-pages/upper/page-0421.jpg,911,1343,embedded-jpeg,DB561312F990E49D90A11A83B1989ADF0004BF6DCAC0EDFBB4213D8E44843650
upper,422,405,source-pages/upper/page-0422.jpg,911,1340,embedded-jpeg,18C676DA1A676766EA3C42F950B20258564064C8EFEC8F52843C796DF7015E14
upper,423,406,source-pages/upper/page-0423.jpg,911,1343,embedded-jpeg,839C453C8B88083346CC81C943018B5A8921E77ACECA3D8B580B8653898F8B79
upper,424,407,source-pages/upper/page-0424.jpg,911,1340,embedded-jpeg,C888BE327C7CC7AE6167838B39605B70079C007209544F8F26E413DF5FD0D817
upper,425,408,source-pages/upper/page-0425.jpg,911,1343,embedded-jpeg,08BC86FE862DEC5E5A0C23B0711AADC1BBB8E395771789B5AC84C24AF347B85A
upper,426,409,source-pages/upper/page-0426.jpg,911,1340,embedded-jpeg,8D7AA286FBA5928AA58AC4CEAA0245AB33FA4AA5953C5AE29A77AD5CE7472E1D
upper,427,410,source-pages/upper/page-0427.jpg,911,1343,embedded-jpeg,5147CA46E4CA59AEC6C823DCB3FDB242E48CC2E3656A53393E255722EAAD5F25
upper,428,411,source-pages/upper/page-0428.jpg,911,1340,embedded-jpeg,1AB5C5E7B617711EA16CDBD8649ACC38C3FE26B394EBF0134DF7AC9356030046
upper,429,412,source-pages/upper/page-0429.jpg,911,1343,embedded-jpeg,2203D7C840C72A39DB07C132C94AB02979820A10A78AD123DB65F4FB9C501BEF
upper,430,413,source-pages/upper/page-0430.jpg,911,1340,embedded-jpeg,C37AA196B2B92F454DBE906B3839A850E094E90CAC42AAFF7E8A4F3A4B343F33
upper,431,414,source-pages/upper/page-0431.jpg,911,1343,embedded-jpeg,938B23E69144EC7517FA3E0590153DDB88C1BD1810DBA7A6B5CE5687B248166E
upper,432,415,source-pages/upper/page-0432.jpg,911,1340,embedded-jpeg,9CC5BE6CCC26CEC11C116F2058AE332EDAE4DE2D254FD858CAC7069A0C847A5E
upper,433,416,source-pages/upper/page-0433.jpg,911,1343,embedded-jpeg,DAC8B6E3DA5D1943DB052A70877CCC01A8AAF2B0773B739193F5ABAF693CE017
upper,434,417,source-pages/upper/page-0434.jpg,911,1340,embedded-jpeg,6A7377038910DE51CF006748CDF30B22F9D9E3F35A9A64EF8EB4DCA1D18E5127
upper,435,418,source-pages/upper/page-0435.jpg,911,1343,embedded-jpeg,BC21F25C0174384497DF99F454FDFEF9BA3FF20BB7EB44579009E2C0F7AF33D2
upper,436,419,source-pages/upper/page-0436.jpg,911,1340,embedded-jpeg,F53E58E30534DD93D99B48434A71E0711FFC014C3B236DC95C5D53320CEC218E
upper,437,420,source-pages/upper/page-0437.jpg,911,1343,embedded-jpeg,A81F7F75D1C596C160E810B2FA910BFB82A48FBE00D380BD1B2712FAFC8B1D3E
upper,438,421,source-pages/upper/page-0438.jpg,911,1340,embedded-jpeg,26C14C7C61673D779B72C8883A23B6181114BAA7DEDF2F3C36F2EFC8E10F6890
upper,439,422,source-pages/upper/page-0439.jpg,911,1343,embedded-jpeg,2B9218BF5CE0081B9AA33D26CF4A2C1131303F9213EB246416400BAB5413D268
upper,440,423,source-pages/upper/page-0440.jpg,911,1340,embedded-jpeg,9B5A3B153BEE22B6F1575F84CF939579A29AC896588C6A98CB338254DA6DC4D8
upper,441,424,source-pages/upper/page-0441.jpg,911,1343,embedded-jpeg,62BDDF64B7C62ABE20F4B00E490E5E5289E00472126A36673E0F52A500E75100
upper,442,425,source-pages/upper/page-0442.jpg,911,1340,embedded-jpeg,B3ED4752E2B5CCD415500190E182B3A48AAB78243F50B62C272EC5B8C7FC5A65
upper,443,426,source-pages/upper/page-0443.jpg,1200,1765,rendered-fallback,2696A4F24C9FE54817C8F01756884D643AB2290D8EA14CCE425D9279384BF3FD
lower,1,,source-pages/lower/page-0001.jpg,919,1327,embedded-jpeg,82EAA74084B9EFD4F5896611A739DB974B98CB3D2E75210A4CA6DC77B5D44E51
lower,2,,source-pages/lower/page-0002.jpg,919,1327,embedded-jpeg,86172BA1A86F93C4293A1931B07266AE9A02DC61D665B37945638C7B37028A2D
lower,3,,source-pages/lower/page-0003.jpg,919,1327,embedded-jpeg,5430411B8D643A48B34D708FD6D009250183058BE9F56AAECED731FCF3A5F367
lower,4,,source-pages/lower/page-0004.jpg,919,1327,embedded-jpeg,30B0E1C426645A8E35445E843D53FCFCA715557E34C9E617F7CE52B46077F968
lower,5,,source-pages/lower/page-0005.jpg,919,1327,embedded-jpeg,4C3F7D107FA137D5BB7EB15A5E68BBFFFDF72939E44F1C681AC0ED64F42BBCA4
lower,6,,source-pages/lower/page-0006.jpg,919,1327,embedded-jpeg,7330848428006732421E35E3C1A296A59EA6B80D7435D79B9B022BA07B93A938
lower,7,,source-pages/lower/page-0007.jpg,919,1327,embedded-jpeg,B5E9C63EACA6090D62B3CBB306551F58C0CBE30F3BE3B2397FAE747CE264B1CC
lower,8,,source-pages/lower/page-0008.jpg,919,1327,embedded-jpeg,E9CCE9D09B1F49AAE1AC98A8F8B0D11BC6345C07EF98CFDEE35C99378D9A348D
lower,9,,source-pages/lower/page-0009.jpg,919,1327,embedded-jpeg,93AFAF7A4C72051312395708D3A824D4FB0AA979285D2CF9220693797D1DF438
lower,10,,source-pages/lower/page-0010.jpg,919,1327,embedded-jpeg,72CEE3433A03D04D064B582E9149615A4356D17789AA0CA576E6FFD456ACA8A7
lower,11,,source-pages/lower/page-0011.jpg,919,1327,embedded-jpeg,DB2EF65EE6CE921C8476875D9638A23BF062A3E8880FAC4D17719917B6A82A86
lower,12,,source-pages/lower/page-0012.jpg,919,1327,embedded-jpeg,581CEDBE493ED79E3985039C6DBC623534D026E3079055AA0C3CA1AFE8C1EB27
lower,13,1,source-pages/lower/page-0013.jpg,919,1327,embedded-jpeg,5D3BE230709E937A2EEB7950D0815797468F33BBEF64A74DEA9DBAE41799CD53
lower,14,2,source-pages/lower/page-0014.jpg,919,1327,embedded-jpeg,AEA85B797B851B2A1622F08BD66506841380DF7E1517C159803C6D03ED5AF2F1
lower,15,3,source-pages/lower/page-0015.jpg,919,1327,embedded-jpeg,F43B5D6BD4570D835B73D43B2D48F831F063BB694AD859BD03D615BB34481AF6
lower,16,4,source-pages/lower/page-0016.jpg,919,1327,embedded-jpeg,E697BC9B4711C2508F4F17CAC24B71DDC30473EEFADFB550906A7236540CAD84
lower,17,5,source-pages/lower/page-0017.jpg,919,1327,embedded-jpeg,63FA7FED9B35895FF0EEBEDC4C3433E28C2F6FCB2E7EB8B152E97BF83C812902
lower,18,6,source-pages/lower/page-0018.jpg,919,1327,embedded-jpeg,848BED00F650E08E66153F7277865FD1F8E48BFE122A0A1B7284B2B6855BB402
lower,19,7,source-pages/lower/page-0019.jpg,919,1327,embedded-jpeg,56A09F6BC49B7FB29C1DB371064FCB73ACD6515330C08D92DF6DA59D8D183FB0
lower,20,8,source-pages/lower/page-0020.jpg,919,1327,embedded-jpeg,ED1C3D51B8135C7A1BD5EDA215B34FB7B7DDD75A677AE48EA5E3513A916879EE
lower,21,9,source-pages/lower/page-0021.jpg,919,1327,embedded-jpeg,D77403C3879EB9841B6BC4C3B489A9DCAC455FDA0079DACF6102B780FDDD0805
lower,22,10,source-pages/lower/page-0022.jpg,919,1327,embedded-jpeg,74D57EC70B870BAED5620AD3445487061C39099136D8CB2C9FB3A50AA11445FA
lower,23,11,source-pages/lower/page-0023.jpg,919,1327,embedded-jpeg,A7A2A5209D4193AD209A8283EE74CA78AA771EC709EBEAB4E264675DB44F136A
lower,24,12,source-pages/lower/page-0024.jpg,919,1327,embedded-jpeg,9B224E7F3CBF583B3C2B1078411ECBE4A3AC0BF9F83ABD9AE550023C5AA8C482
lower,25,13,source-pages/lower/page-0025.jpg,919,1327,embedded-jpeg,F39AA2DFA3CAFC3F4A6663D84398F62C9CD9566FA94831AAB3D2304B45D9D1FF
lower,26,14,source-pages/lower/page-0026.jpg,919,1327,embedded-jpeg,623137F31FA9468692B4FD593D7133BA30A705556EAAAC0A0CD54596DABE2C08
lower,27,15,source-pages/lower/page-0027.jpg,919,1327,embedded-jpeg,D1C6B369A3A2C5A79DDF3CA3A9BEC510676B0CDAABA601A9BC652F92779764BC
lower,28,16,source-pages/lower/page-0028.jpg,919,1327,embedded-jpeg,2D4A5A9347FF790CBE87D61E7C0AB754C6E15B5B3454895EF6D06098A445C2F3
lower,29,17,source-pages/lower/page-0029.jpg,919,1327,embedded-jpeg,6C30E4588C5D58264AD18FE6BF0C27D9FE58B0B0331B70BD45BE7379AAE90A57
lower,30,18,source-pages/lower/page-0030.jpg,919,1327,embedded-jpeg,C1B7F9E6602896DD7EE8609DEA2165BB30D3649E7284324078F2C7BE4AE19F40
lower,31,19,source-pages/lower/page-0031.jpg,919,1327,embedded-jpeg,9C3949E404DB02341BFD2A8F093699FDA415B7B7C2277EEBBD69439621EC5B5A
lower,32,20,source-pages/lower/page-0032.jpg,919,1327,embedded-jpeg,D583B7E0A524C9A8E8410066A1935651D9AC7777F2BA6F51FC99C233D3F2F978
lower,33,21,source-pages/lower/page-0033.jpg,919,1327,embedded-jpeg,7847BDA5E5EEBDB77E9F9EF71043E1B322B21B539A96A74A483CAA38258EC5B8
lower,34,22,source-pages/lower/page-0034.jpg,919,1327,embedded-jpeg,C377266E1DAE8B8827F7FF56CDD6B02F2CB4C2F5CB07F5A5066E2515FF328453
lower,35,23,source-pages/lower/page-0035.jpg,919,1327,embedded-jpeg,D38F284C893A8FBAA324EC7892DF75E8EC1BB45740F9F7985982FD80FB325943
lower,36,24,source-pages/lower/page-0036.jpg,919,1327,embedded-jpeg,B9C1A9C5943AC0A4F846ABD3B5B4DB794E000CF93DE86A2BF5E7EECAC403BDCD
lower,37,25,source-pages/lower/page-0037.jpg,919,1327,embedded-jpeg,8D8A38A77904BE4EC76F8EEC8DD6B8124627AFB291109493989CD83D3F61AD99
lower,38,26,source-pages/lower/page-0038.jpg,919,1327,embedded-jpeg,F3FEC86B970992076BE9B4EB638D84A9F4CDFF4A8CE952353E4F2A76E7B1B451
lower,39,27,source-pages/lower/page-0039.jpg,919,1327,embedded-jpeg,3F801C9FD3D22277F4889545F80C3DF9C4BE74E194F294E6A5EDADE9BEC3A283
lower,40,28,source-pages/lower/page-0040.jpg,919,1327,embedded-jpeg,4F300EEE73A6CACDEC03976EBC56D5F38AE39683EF9FF79B830F84A392950A02
lower,41,29,source-pages/lower/page-0041.jpg,919,1327,embedded-jpeg,1CBF49A36510848A8312122BC2CC91F7C3FC04E01CC5191C1B18081340DF702B
lower,42,30,source-pages/lower/page-0042.jpg,919,1327,embedded-jpeg,A28568EF738A5B94416E89354B8BD6D98C8689D166D98A616D43CA423DED822B
lower,43,31,source-pages/lower/page-0043.jpg,919,1327,embedded-jpeg,D6231216DA3D308B162C06DDB364CF52B4AA1C2F783CD5170404849FEB5A5ED7
lower,44,32,source-pages/lower/page-0044.jpg,919,1327,embedded-jpeg,D7396CE0E89C91440E41E96B7D00705CAA413DA4A2B1353A21A773C63BA6032B
lower,45,33,source-pages/lower/page-0045.jpg,919,1327,embedded-jpeg,5F8BA0CE11BBC11694423A0E02E55D283AD7FD9F8D67873DFB8E5D43F58F69CF
lower,46,34,source-pages/lower/page-0046.jpg,919,1327,embedded-jpeg,BB51E663CAA95CF2D2BB09754DE87A7FE10A3226B0C4F42D65874FB4F9126B96
lower,47,35,source-pages/lower/page-0047.jpg,919,1327,embedded-jpeg,E6BA5A385FD00105A312D1D2758FA7BA01D9870D6194FBF36FA573A1435C68F2
lower,48,36,source-pages/lower/page-0048.jpg,919,1327,embedded-jpeg,E61CCA1C53098B7B3A1F223A928246A583D426486B5CAA37F9E611347AC9F820
lower,49,37,source-pages/lower/page-0049.jpg,919,1327,embedded-jpeg,D6C3DF3515C33D1034072D716CE896CA2BE506A392BD741BF90DA6B6AC301EE8
lower,50,38,source-pages/lower/page-0050.jpg,919,1327,embedded-jpeg,7049FB791A1678F6E833EC8C16FCFCB4D797069B810330E22383C0D59B1B56F1
lower,51,39,source-pages/lower/page-0051.jpg,919,1327,embedded-jpeg,47D352F7A93E6EB93C229A23618A6273E53FEB7864C14E66781A62659DE2E4D9
lower,52,40,source-pages/lower/page-0052.jpg,919,1327,embedded-jpeg,8D458E5948D94235862A6137FCBFC801C3F8C6DACCDBE93A91D017BA88A7D5B8
lower,53,41,source-pages/lower/page-0053.jpg,919,1327,embedded-jpeg,F78EB71CBB33585B908F5C4677CFF6F99BA31250D9E5BF48524DAC857C8C98F5
lower,54,42,source-pages/lower/page-0054.jpg,919,1327,embedded-jpeg,EF1F0354E877785FFB62D733D5E370DCB9AECDDCCCA2A8700F728B30FAE50EAD
lower,55,43,source-pages/lower/page-0055.jpg,919,1327,embedded-jpeg,66737FC2CF3FC13A0BB4442691A9DAC4FA801709EB2BFBDDE242B135781E61C3
lower,56,44,source-pages/lower/page-0056.jpg,919,1327,embedded-jpeg,7DD445648C3E33CC1B9543E252FD6C17871F5478756556712DEE7D8D2EF05C42
lower,57,45,source-pages/lower/page-0057.jpg,919,1327,embedded-jpeg,EF5227EE704F8FA8EF2072E6AB08444D8692A2FD5450F82F1D98525A3779697A
lower,58,46,source-pages/lower/page-0058.jpg,919,1327,embedded-jpeg,8CB67AF7DAB2D093B82A5373B93D1E29112D9E9498B090422CD03E830A3A7136
lower,59,47,source-pages/lower/page-0059.jpg,919,1327,embedded-jpeg,F81EEFE081BDDCEFDD31C6C797D7BD47BACFEB5B5EB456A1F0ACF4FADF70463B
lower,60,48,source-pages/lower/page-0060.jpg,919,1327,embedded-jpeg,0AB2A574AEA185AACFD6279CA647B951CE9E6BE32F13F9F6F193F4BCFFC19D35
lower,61,49,source-pages/lower/page-0061.jpg,919,1327,embedded-jpeg,2D120FDC53B4F2C7971EE06BD557059ECF2ED6A68A6F869FF0FA39793DCC1138
lower,62,50,source-pages/lower/page-0062.jpg,919,1327,embedded-jpeg,EEB0E0854C0C2A5F23B7855E1A260A8E44DE83E1447F03ED238C56B19ABDF377
lower,63,51,source-pages/lower/page-0063.jpg,919,1327,embedded-jpeg,6CA4C6B89A47F63CC7CA32D7D821480AD498BD5BE271BD2BDABACD26B4575630
lower,64,52,source-pages/lower/page-0064.jpg,919,1327,embedded-jpeg,837188963252E5D84C4F97A5811B80E674116DF9D188DA05D70C8D160E6E9405
lower,65,53,source-pages/lower/page-0065.jpg,919,1327,embedded-jpeg,4D0AE779835CC4DC2D02795385FC058384FF2F1A81FCAFA4C1F31755E73664B4
lower,66,54,source-pages/lower/page-0066.jpg,919,1327,embedded-jpeg,BE09E4D4BDB0546C8782BC27337163610C5625DB14B314F0938B4F9828FF667E
lower,67,55,source-pages/lower/page-0067.jpg,919,1327,embedded-jpeg,37B0DE060DD64A63FEF1AE28BD1E418AEC3CE342BF39CC296B2412AA5B7BD689
lower,68,56,source-pages/lower/page-0068.jpg,919,1327,embedded-jpeg,9B4C1865B5421722AB83928B2F9FC9ABF8120C88A26E2E7483158C44ACD744CA
lower,69,57,source-pages/lower/page-0069.jpg,919,1327,embedded-jpeg,2D94C60C682757EE35AB034CDF0B2CB8A0E44F75DE4D4E5562D1C03826B8A3C2
lower,70,58,source-pages/lower/page-0070.jpg,919,1327,embedded-jpeg,075494C237EB30413DBEED206D6C557EC4C473981D354DEDD1ADFF01E3B40A51
lower,71,59,source-pages/lower/page-0071.jpg,919,1327,embedded-jpeg,4ACB20F9187CE49BEDE5B2CE38B80404AE4047D87EB66CC40B99AB5CB78765D5
lower,72,60,source-pages/lower/page-0072.jpg,919,1327,embedded-jpeg,3E78EEC9F137561D922F53F29943355F998D67122EECE7F6D831F970F5BA6F66
lower,73,61,source-pages/lower/page-0073.jpg,919,1327,embedded-jpeg,D5B1333E613E7509E22E2E2BA0585B48B17D473371925944E2704EDDA02276D5
lower,74,62,source-pages/lower/page-0074.jpg,919,1327,embedded-jpeg,E4C684705CC2701DEB5F23802B8B746C95375BA9400BEA08296230DD7462F696
lower,75,63,source-pages/lower/page-0075.jpg,919,1327,embedded-jpeg,EA818571019DF56EBF7A4CCC0CF44BE68A58EEC24B0A2B6DAA7C18058B39F8E7
lower,76,64,source-pages/lower/page-0076.jpg,919,1327,embedded-jpeg,63BFFD496017B38BF7A06EBE4D1E266EAA38861ECCA35643E313E3270EC6F6DF
lower,77,65,source-pages/lower/page-0077.jpg,919,1327,embedded-jpeg,5FFED1349C1D8B2C961D2A608F9F8218E2D8EBDFEBE9B16E17EA500A0CCEAD77
lower,78,66,source-pages/lower/page-0078.jpg,919,1327,embedded-jpeg,D3942BFACF058782EA4BB76122B3BBFF5BDBCE49142E8B2E4328D8C37C56DCF0
lower,79,67,source-pages/lower/page-0079.jpg,919,1327,embedded-jpeg,6CD3320AAE30E4FFBF3A83EB74465FAAD636DFAB3C008523B669B9985C0F4ABA
lower,80,68,source-pages/lower/page-0080.jpg,919,1327,embedded-jpeg,C20CAF686B33FE60CC8C2E09099AC2ACEF5F90F205F8106991904DF88AE88F6F
lower,81,69,source-pages/lower/page-0081.jpg,919,1327,embedded-jpeg,70CE87E8EACC86D9BE8A1C29F8C4BEFC225E17324E7C91A2EA9E871EE1254E7E
lower,82,70,source-pages/lower/page-0082.jpg,919,1327,embedded-jpeg,5E1C027633D8595773DAF113C743DF417CEAEED53ED64E14B9E95A9508BC85BC
lower,83,71,source-pages/lower/page-0083.jpg,919,1327,embedded-jpeg,E75570130A7B160B179B2A41989EE23F46DDF80B4D4FDC0257D4F56F16FD4E61
lower,84,72,source-pages/lower/page-0084.jpg,919,1327,embedded-jpeg,787A5C73D7766D31DBF93EA2922026B99688D1C5B304ED928A27C32DF6DC5F92
lower,85,73,source-pages/lower/page-0085.jpg,919,1327,embedded-jpeg,2F6BAC1CDAEDD96837B94EB9C14CA7B95069B5E38D30149CE2E998D1D5BE0BB4
lower,86,74,source-pages/lower/page-0086.jpg,919,1327,embedded-jpeg,F5C2A719DAE76341F6BC78E9A0793190645D9357E061D2FDE96AC7133726C145
lower,87,75,source-pages/lower/page-0087.jpg,919,1327,embedded-jpeg,4D3FF67C58D3C4F44FE53D6AC4BBA47685C82C2CE406963C0301DC857499E915
lower,88,76,source-pages/lower/page-0088.jpg,919,1327,embedded-jpeg,F922DE24E9B3E25D247DA599AAD4B3FF5FBF5E5E35DB2DFDA58527ADEDF0DFB1
lower,89,77,source-pages/lower/page-0089.jpg,919,1327,embedded-jpeg,9CE0D4B0579593F5BFC63B8E4B6A7445BABC1BAFADD2364467D2B607E7E39EB1
lower,90,78,source-pages/lower/page-0090.jpg,919,1327,embedded-jpeg,51E7807D59F56C036AEC66B25A3F5F374558BA4E45E25CE19BDEFDF316C71D5D
lower,91,79,source-pages/lower/page-0091.jpg,919,1327,embedded-jpeg,29BA15E9DB0593ED5EF6F9A8102A7ADB7C1455E91BCF7163C328BD500BA9C957
lower,92,80,source-pages/lower/page-0092.jpg,919,1327,embedded-jpeg,5CC576D3033C8F0ACBDB9678ABD0D872DA2CA13D80661D1F64E81222AB4758A1
lower,93,81,source-pages/lower/page-0093.jpg,919,1327,embedded-jpeg,474FA7CD4E5CF48D08B8F2995435F3D37E24CFFA6A4F67DE779DFA650C460630
lower,94,82,source-pages/lower/page-0094.jpg,919,1327,embedded-jpeg,6D4E1EA25278BC1FF18527B1F26E385B1FADDFE2C814998AA5CB7568B51A49D3
lower,95,83,source-pages/lower/page-0095.jpg,919,1327,embedded-jpeg,CB9E52067D076FDDA74E532C960E3BA43D8D9EC3DFC4CC12FFA229E07DACC210
lower,96,84,source-pages/lower/page-0096.jpg,919,1327,embedded-jpeg,E0D8692C46C356021BBB7694C80BB63A9567469FA4A130051111259E6826952C
lower,97,85,source-pages/lower/page-0097.jpg,919,1327,embedded-jpeg,2D6C5032950036B92B1C66F4C66B39E56F097D2EEF4422250C570E361810066F
lower,98,86,source-pages/lower/page-0098.jpg,919,1327,embedded-jpeg,99C3E91C5D2A511E271D47CB2E374945D9C0DE1B11476BD1147716107F26DDB2
lower,99,87,source-pages/lower/page-0099.jpg,919,1327,embedded-jpeg,142DBA1FF66109E576529956AA626FD186A2C90CCC05120D0696B6C3EC8C6FB2
lower,100,88,source-pages/lower/page-0100.jpg,919,1327,embedded-jpeg,847BC8920AA43BEAB74281CA6FF5BD5A6ADFF3B51D538D0230C8D136CFA157BC
lower,101,89,source-pages/lower/page-0101.jpg,919,1327,embedded-jpeg,0134C39FB3B4B2303E63E955DA026C7C6BD92887F2E889E26DB6B60627D8F401
lower,102,90,source-pages/lower/page-0102.jpg,919,1327,embedded-jpeg,25C7AEF47C772C02A50FBA81C9BC35D6B2AB889C97D75E893220F3E3AFD2FDC5
lower,103,91,source-pages/lower/page-0103.jpg,919,1327,embedded-jpeg,B5CFB0ADC8CCF06340A063B4A6274AD50B97640452AA1FDFF253D672C5DC918D
lower,104,92,source-pages/lower/page-0104.jpg,919,1327,embedded-jpeg,DBFDCEA877FC6065AB39CAC21BB8401A1683C3F2DD80584014328F49A3A1E708
lower,105,93,source-pages/lower/page-0105.jpg,919,1327,embedded-jpeg,C77C445321A80FD6A6EF0011E4800A7EDD6E6E0D3746ECB17C4955C10E16C5E6
lower,106,94,source-pages/lower/page-0106.jpg,919,1327,embedded-jpeg,F54DF5151DFB9FFC9DB66D05C7E864CC27AF3CCE5AB5438DA54FC85DC9BE320D
lower,107,95,source-pages/lower/page-0107.jpg,919,1327,embedded-jpeg,A095D3ACCBF0A628809BAD32DE125C4D996F6FEC34FC3ED33E0F54F24D15229F
lower,108,96,source-pages/lower/page-0108.jpg,919,1327,embedded-jpeg,06B5D921CFBB44CF22BF21222F3AD0DAE197DF2009B6EB366D4956CC06A9EE07
lower,109,97,source-pages/lower/page-0109.jpg,919,1327,embedded-jpeg,19ED30F837AB00A1849EEB2A0B5F9276CEF73534C8EFB364C703908D864B4819
lower,110,98,source-pages/lower/page-0110.jpg,919,1327,embedded-jpeg,B597AF87A688F45D14C158615AAAE435D1CE0FD55B7BA45CADF6DF1CA0031A40
lower,111,99,source-pages/lower/page-0111.jpg,919,1327,embedded-jpeg,B793F8DD0679CB69D588916CEF3914267BC2D4B9BD4F86D5DB73FA925913FC32
lower,112,100,source-pages/lower/page-0112.jpg,919,1327,embedded-jpeg,6B83F03F84EA5F77109493962337FCFBC76C6514F3FE468B66E85E659E60049D
lower,113,101,source-pages/lower/page-0113.jpg,919,1327,embedded-jpeg,24D73BDA40326E161E5FC9A555E3BEE77E9134AFF109C5120578431420F1A7D6
lower,114,102,source-pages/lower/page-0114.jpg,919,1327,embedded-jpeg,BB4E2DEDB2B0257231176501DDEDE7D80BEA72A01A7BE96FACFA8D5A53D37131
lower,115,103,source-pages/lower/page-0115.jpg,919,1327,embedded-jpeg,6FC87F7528BEEC8012A059CF5E8A43BC0A99066E57E6B4F39DC9B4DC8276983C
lower,116,104,source-pages/lower/page-0116.jpg,919,1327,embedded-jpeg,CD67DE4D1DAD297E72747356ED71CF80D63F04535B114EC6A6D7F5105BCD8C74
lower,117,105,source-pages/lower/page-0117.jpg,919,1327,embedded-jpeg,3E27E5A76528893725A892C3EF5C49ABB80810F552EA9A3412B782158455C175
lower,118,106,source-pages/lower/page-0118.jpg,919,1327,embedded-jpeg,2083486CFB640F28D5AE4BCD8265D703DBA0FFC2F852306C174DCD2205275ECC
lower,119,107,source-pages/lower/page-0119.jpg,919,1327,embedded-jpeg,FF057A05BCF8750D15551B9E3D2EF9DC31BE1CEEA3CB1B84380A5AC36FAAC8AD
lower,120,108,source-pages/lower/page-0120.jpg,919,1327,embedded-jpeg,D0E2FE57CA71840CB2F11F7A68EF18E9CB3B3344A78507B408850537800C863A
lower,121,109,source-pages/lower/page-0121.jpg,919,1327,embedded-jpeg,279CCC2A0C480357E88A5ED622018C9135B6FA7E763537A800154855B49FCE25
lower,122,110,source-pages/lower/page-0122.jpg,919,1327,embedded-jpeg,7E0D330949BCF030B5A456FA5ADBACC9EAE3219BA3E7B4C9B732C3343C79B7B1
lower,123,111,source-pages/lower/page-0123.jpg,919,1327,embedded-jpeg,0C40B233737511A705D5E56F70233C128956220F38F09C68EFD83067467F1F68
lower,124,112,source-pages/lower/page-0124.jpg,919,1327,embedded-jpeg,67E21537E8B5C4520A71D28124632895927E0046A009EEBF4E240D9FE43690B9
lower,125,113,source-pages/lower/page-0125.jpg,919,1327,embedded-jpeg,D7108CAB2CFEE8660C8A7EA21AA75B0147F2269BF53E941DA45C8931C1139A82
lower,126,114,source-pages/lower/page-0126.jpg,919,1327,embedded-jpeg,2D752E25D91B1173CE127535476B5948D0D3CC60BE5D500D563C4ADB059B196E
lower,127,115,source-pages/lower/page-0127.jpg,919,1327,embedded-jpeg,5DDE3D088B012E13AC7D8E599E096CE93888A985CEF517A15B7CC10BBC395337
lower,128,116,source-pages/lower/page-0128.jpg,919,1327,embedded-jpeg,0D03451517C174397A2E5CE8FC01C9B87D9835226A23D2BD3DA080E78CF52BE0
lower,129,117,source-pages/lower/page-0129.jpg,919,1327,embedded-jpeg,A9D0FE2A487E765CF38AE1FDB3F89A0847BB75E5BF90A55A6FCC6D3DF9587B1C
lower,130,118,source-pages/lower/page-0130.jpg,919,1327,embedded-jpeg,48029A109E444AADC95BA1E7196CD10431BE82FF2B9ACE5A40BD902BB4C48A3E
lower,131,119,source-pages/lower/page-0131.jpg,919,1327,embedded-jpeg,F6B1D468B006E35518F7CABB95C48FF438C20066BDC67C216E67A44B97F11219
lower,132,120,source-pages/lower/page-0132.jpg,919,1327,embedded-jpeg,C30E4C3156406B57A96C1ECE20AF14C161FA3FAFAF7DED08BD5B2CF397598955
lower,133,121,source-pages/lower/page-0133.jpg,919,1327,embedded-jpeg,640B531D630BC9C18DE2069A81A379E3B3C985F03D34B6104C42484C6B442806
lower,134,122,source-pages/lower/page-0134.jpg,919,1327,embedded-jpeg,5EB0CD9189519705BBFB99692E0A62C0EA55B35A4A43A65CAC7EDC7E02DE9691
lower,135,123,source-pages/lower/page-0135.jpg,919,1327,embedded-jpeg,78B002C45DC499EC09C39CBFB9A4707D5D95C55C50A606FCB6E3D5677C7EBC93
lower,136,124,source-pages/lower/page-0136.jpg,919,1327,embedded-jpeg,974E64AD720253D5E2EFA44D934E5560827F3D4542038F810ECB170D4688A01D
lower,137,125,source-pages/lower/page-0137.jpg,919,1327,embedded-jpeg,6DC335A58F9DA4073C6D4669850C1B5D208CEC04605471CC56564DFE4CBBA70F
lower,138,126,source-pages/lower/page-0138.jpg,919,1327,embedded-jpeg,3F060E2F8A1F5DF726007C8FE8823F20F503AFFA48A6CF5BFB1F0D190014757D
lower,139,127,source-pages/lower/page-0139.jpg,919,1327,embedded-jpeg,6FD956C655870EF082BD3EE67ED1B83DA197441A8568E78903797E38397FE95A
lower,140,128,source-pages/lower/page-0140.jpg,919,1327,embedded-jpeg,D665B133634D69BAEECFB007287B8D9CFA568213413B3358E42EDF2801F8CAE1
lower,141,129,source-pages/lower/page-0141.jpg,919,1327,embedded-jpeg,E16A5E66FC355776B5E0B235184CEF66B977CDC940968E3A07C2E5E899F0A177
lower,142,130,source-pages/lower/page-0142.jpg,919,1327,embedded-jpeg,673805B3EAEE11AD29E6EBA17B714843DFB98DF3F94C464A414A3AFF25127B76
lower,143,131,source-pages/lower/page-0143.jpg,919,1327,embedded-jpeg,CC08297740EA86B1F7A667010E9DE9824DC138DAA91118888636FDF9E466123A
lower,144,132,source-pages/lower/page-0144.jpg,919,1327,embedded-jpeg,A25E90F6F8B522A197C7280041502021A9BF63527EBAFED85098E659A568A298
lower,145,133,source-pages/lower/page-0145.jpg,919,1327,embedded-jpeg,DD13B779AD547696B9904AC6E1C84D1E0BE0377605C1EE45A26AF248757D492F
lower,146,134,source-pages/lower/page-0146.jpg,919,1327,embedded-jpeg,BC56C26797742AC4F684BBCF4261FE200F144A2CB0CA935F1DDF004113734787
lower,147,135,source-pages/lower/page-0147.jpg,919,1327,embedded-jpeg,E14A42F6807AACBC295AA4929470DDA4B9E24060933904B38DEAF775AF6F2159
lower,148,136,source-pages/lower/page-0148.jpg,919,1327,embedded-jpeg,CEF60A22A2EF811EF237CAAEAA5BF38FB0AAD29344340DA4234C544CA109CC0E
lower,149,137,source-pages/lower/page-0149.jpg,919,1327,embedded-jpeg,7BE437AED6A24F6E858A8CDBDF399AC43492D0C333821280D27323FFD0E22423
lower,150,138,source-pages/lower/page-0150.jpg,919,1327,embedded-jpeg,9E52A4F6D17DFD2BA123B3EC84451F439EC875EBBAA46B1C02F26AE54782C458
lower,151,139,source-pages/lower/page-0151.jpg,919,1327,embedded-jpeg,019FB4732038B658702528BAF62E75A56DB73634C95101AB9543FF52C3026791
lower,152,140,source-pages/lower/page-0152.jpg,919,1327,embedded-jpeg,96CFA81EB5197B0E55C6A145A99BD7A2ADE0FFB7CE57679A1953862428E32F4D
lower,153,141,source-pages/lower/page-0153.jpg,919,1327,embedded-jpeg,EA7334DEEFBF9E46EC648B959F65BDFA6B8E53C57B3A7B64BD27490B051CF6CC
lower,154,142,source-pages/lower/page-0154.jpg,919,1327,embedded-jpeg,C99F532AFF8D057DFCF9D47468CD7695C465EB8EF6A28A637FC76DAA440BE390
lower,155,143,source-pages/lower/page-0155.jpg,919,1327,embedded-jpeg,7C57E46ABD785F38C55E8E8E9E004A08918802D46A7A36524F54D49C485F09FD
lower,156,144,source-pages/lower/page-0156.jpg,919,1327,embedded-jpeg,B959FDA82C37EDB6C3AC50D309E4FF8D39E93859C7F71E61BF70FBFE261928D3
lower,157,145,source-pages/lower/page-0157.jpg,919,1327,embedded-jpeg,85141312A8E01B392764940AA40A279E2268B147C7E03E38809B4F5DC7CB0E01
lower,158,146,source-pages/lower/page-0158.jpg,919,1327,embedded-jpeg,69D2E063A999082178E83531B7AFDC2E5C11CD9480F4A6049585BEE3A4087853
lower,159,147,source-pages/lower/page-0159.jpg,919,1327,embedded-jpeg,260C7B7CEB972812D99495A749D2DC49CF2B38D08760FBD3F32407E642B85C2F
lower,160,148,source-pages/lower/page-0160.jpg,919,1327,embedded-jpeg,1BAA91416784CA598767733C2AC7B59627000BF821271739D838DB46D8138E89
lower,161,149,source-pages/lower/page-0161.jpg,919,1327,embedded-jpeg,31A2E0D846858C91B668B95556972B50F9889A3C6B5E22C18A9E9BBF1A1D3945
lower,162,150,source-pages/lower/page-0162.jpg,919,1327,embedded-jpeg,A3EE924C7F1BFA94B2218AA0FB90E928560251C756227E14FD2F6E3544A24BC0
lower,163,151,source-pages/lower/page-0163.jpg,919,1327,embedded-jpeg,57D0B5153C66D343F1747C210B28D9F1F3771CAD28C2315C2A3FEC38B149BA30
lower,164,152,source-pages/lower/page-0164.jpg,919,1327,embedded-jpeg,9731DA48A2115D4A0786D1A46F18E3D6975F83CABBBADF92B950B1EE451B6B67
lower,165,153,source-pages/lower/page-0165.jpg,919,1327,embedded-jpeg,7579AE2502B6D44EE2E33D41C69CC0AB2B15BC6D6FAF0F35BA69820B182DC12D
lower,166,154,source-pages/lower/page-0166.jpg,919,1327,embedded-jpeg,A194E5EE522FB26A8254AD362DA0B2C172BC9DC9589E38EA242F7830A78619A1
lower,167,155,source-pages/lower/page-0167.jpg,919,1327,embedded-jpeg,B8467D757A60C7820D97F8330DFF2AEAC8684091ED9DB03019588662CEE8B942
lower,168,156,source-pages/lower/page-0168.jpg,919,1327,embedded-jpeg,7BC7D3EBF31610E9BBFD279296C06D526FFDF86F2AADC7C33374E59C5CB39D1D
lower,169,157,source-pages/lower/page-0169.jpg,919,1327,embedded-jpeg,3D04DF8BA1BA939DCB7D1F58DE7F55F916FCE4BD93451B6D4E0959DE1AE9869D
lower,170,158,source-pages/lower/page-0170.jpg,919,1327,embedded-jpeg,63F131216ABA94218B5EEEFE33B79D6851B47FCE0CA343EA720456715462AC49
lower,171,159,source-pages/lower/page-0171.jpg,919,1327,embedded-jpeg,60CBA99BD97CC5CF22EB76C3438F921BAA852B93365BF7268D47A93D888E87D0
lower,172,160,source-pages/lower/page-0172.jpg,919,1327,embedded-jpeg,880C266107FE451083FAC6921EB124F762A8DF8D69C4878DE67DC7CE95256290
lower,173,161,source-pages/lower/page-0173.jpg,919,1327,embedded-jpeg,D73DFA686222A79E82F42776405527DA8C4F9BF104F18F1C59D8ABC2842500BE
lower,174,162,source-pages/lower/page-0174.jpg,919,1327,embedded-jpeg,16C0F207FF1A24B8E4C661A2FEDFA433BC40476D6FCE3CB98ABF977108D8477C
lower,175,163,source-pages/lower/page-0175.jpg,919,1327,embedded-jpeg,87CB708438D3DAC92EF23D8742462C4E53B4E78A0C54D08020497999CC45DA8A
lower,176,164,source-pages/lower/page-0176.jpg,919,1327,embedded-jpeg,AD7FD75F003B6A5B5513577FC2726F2F641657E8FCAD95BEEC1747EC1691B7B3
lower,177,165,source-pages/lower/page-0177.jpg,919,1327,embedded-jpeg,ABCF9927E078334328126BD757B550AC84878CAA5E1CC81B550246824C3FA0D3
lower,178,166,source-pages/lower/page-0178.jpg,919,1327,embedded-jpeg,E536473483DA19AB548CB723D3D49634512B9E2A8B4CDB481EA25BB244ADC575
lower,179,167,source-pages/lower/page-0179.jpg,919,1327,embedded-jpeg,9F2155389431D4E99DEC32CC94A456E20F0F12BD647CA0F61B57B3C38AC2B957
lower,180,168,source-pages/lower/page-0180.jpg,919,1327,embedded-jpeg,AB2A9F3785BDD7132420B9D7BCDF64F2F9CFF6AE704A192CA31D527052D99D6E
lower,181,169,source-pages/lower/page-0181.jpg,919,1327,embedded-jpeg,3E3DBD4C9B8D2C922BB89CD38BEEA73196FD72CAA9366F496BEA6D1BB38E50D7
lower,182,170,source-pages/lower/page-0182.jpg,919,1327,embedded-jpeg,2D4D012F5570D36B804278B06DD8CB45E25985820C02D1EB0103D18639C73408
lower,183,171,source-pages/lower/page-0183.jpg,919,1327,embedded-jpeg,714EA5170FE8963D6E4B675C577DE86BF35A76B7B3B3DE91D511A8C906DAE641
lower,184,172,source-pages/lower/page-0184.jpg,919,1327,embedded-jpeg,411ABC0B1C1A1BAFB1BD7CB81704660D0477E0E2DE55E3BC013AC3F01E27CF38
lower,185,173,source-pages/lower/page-0185.jpg,919,1327,embedded-jpeg,6AFE2FAAC99B268D2882FD6DEBBA61E000D8013ED89826E7658D8A5035E2CC2A
lower,186,174,source-pages/lower/page-0186.jpg,919,1327,embedded-jpeg,5A2353529C90058E6AFF9055A5040947979E2DA921A5C88FC19D56394C0A789A
lower,187,175,source-pages/lower/page-0187.jpg,919,1327,embedded-jpeg,914E5E98AA81442748B8611D307DD3F01A49E2F3BB31C065BF7DF3717CFCDC4E
lower,188,176,source-pages/lower/page-0188.jpg,919,1327,embedded-jpeg,9DC60DE34C77BE4194F99013C4D1A8457870778D7F350A419980D76BC7095E24
lower,189,177,source-pages/lower/page-0189.jpg,919,1327,embedded-jpeg,2E24E37657052005A8207B9F823F84464892D838E4A4AA8F23642581E437E306
lower,190,178,source-pages/lower/page-0190.jpg,919,1327,embedded-jpeg,78EC627FB75DD61FF0615A4AD69D79BB7EC3244FE5AFB4DA5623E27C34C26FB0
lower,191,179,source-pages/lower/page-0191.jpg,919,1327,embedded-jpeg,01EEF785DCA44890A401C18E013272B7DBACB8DC8B3BDDE92355368E87EBEA21
lower,192,180,source-pages/lower/page-0192.jpg,919,1327,embedded-jpeg,0C1642B19D5DB16ECF7779F5AA30A5DAD40299BC0304AE8CD426833F725C08EA
lower,193,181,source-pages/lower/page-0193.jpg,919,1327,embedded-jpeg,BB990F6783C460BDD4EBEE79E47BCBBD7D21AFD1264D0D576E811AC27ED8E72D
lower,194,182,source-pages/lower/page-0194.jpg,919,1327,embedded-jpeg,236F6478D64D2512B10B04B5EA642B135C8D3CD98C46BAA8D5E1031E558FBA7B
lower,195,183,source-pages/lower/page-0195.jpg,919,1327,embedded-jpeg,25A279DD602BC4D67A7703504067C3F0D2AD33056BCCAE9894C5F5F23A6F9FA8
lower,196,184,source-pages/lower/page-0196.jpg,919,1327,embedded-jpeg,72480F8754EEE2F473867C93225F8571F42650201A049E0ED2EC00AEE20BD861
lower,197,185,source-pages/lower/page-0197.jpg,919,1327,embedded-jpeg,610309CF95CE8CD3FE9D8DD0E33F5A65BDF041008C2A6935867A461462D82781
lower,198,186,source-pages/lower/page-0198.jpg,919,1327,embedded-jpeg,3D70443D7E6419A01AA8EEF0C3D20ADAE762AD317D4FE9C7EC396502A046A8B4
lower,199,187,source-pages/lower/page-0199.jpg,919,1327,embedded-jpeg,6ABDF67F6DE0853969A43B5D2962635090A3816B617BE95463AD354DEECBCFAA
lower,200,188,source-pages/lower/page-0200.jpg,919,1327,embedded-jpeg,CCC6DD2673698C69741DE7E349A8AB085FA4790D76ACB1FF12286F67519DE739
lower,201,189,source-pages/lower/page-0201.jpg,919,1327,embedded-jpeg,38AF5087297BDED21E264BE839BA1B32091637CBEA3F0E45167354849B013698
lower,202,190,source-pages/lower/page-0202.jpg,919,1327,embedded-jpeg,7C9E2035A4CCB07BBFBF4E3D35B2BED6E6678A3DB8517834C4428C653A274141
lower,203,191,source-pages/lower/page-0203.jpg,919,1327,embedded-jpeg,E109EE067FE0AC678A44E73DFF94417F084E52C4788252BCA5B37D09BFC883D6
lower,204,192,source-pages/lower/page-0204.jpg,919,1327,embedded-jpeg,9F9907AEEF88B901EFFB076D7761BF2974A2936773569BCADEAE297423D5DF00
lower,205,193,source-pages/lower/page-0205.jpg,919,1327,embedded-jpeg,181B12F5EA495794265E536E616E5B26773409E63DE9063F8CD2597691E7A0DD
lower,206,194,source-pages/lower/page-0206.jpg,919,1327,embedded-jpeg,5E277E5493158ECCA7F7739406F17DAE4CD242F79D8437726AB1BF1CDF3684F9
lower,207,195,source-pages/lower/page-0207.jpg,919,1327,embedded-jpeg,08D46F94ED7BF973DC0DED863B32FA12DD9C7226763C98BEBE61D66CE13655D6
lower,208,196,source-pages/lower/page-0208.jpg,919,1327,embedded-jpeg,EC615CAED627B7F780E596A827140A9E76916DAC8B59CC580453A0F5CD853897
lower,209,197,source-pages/lower/page-0209.jpg,919,1327,embedded-jpeg,5C8C2CB18F70B5310DF1C4E3730D7A62BE2DFA3FC9988AAF97D0048B74C017D6
lower,210,198,source-pages/lower/page-0210.jpg,919,1327,embedded-jpeg,79544069EEEC679116F7EC6A8D011826C1AEA2773E4112B8A8747E40767D34A5
lower,211,199,source-pages/lower/page-0211.jpg,919,1327,embedded-jpeg,F9FB898177281E4EE7D346D47FCFBF97ED05AFE42D37C76038DA8EE56B411933
lower,212,200,source-pages/lower/page-0212.jpg,919,1327,embedded-jpeg,D989CCDF42315F3A5D1E0CA31BC3AA668CF4C390CAD073BCBB181C58652986DB
lower,213,201,source-pages/lower/page-0213.jpg,919,1327,embedded-jpeg,545030B60F54D380E4DFB32B4FFF91B4210A8ED68C8DF99D7F478C05D5D83D7F
lower,214,202,source-pages/lower/page-0214.jpg,919,1327,embedded-jpeg,2B2475E5F5B8C62C442A45059939C5D6B2959715F752E394AB043626C5CD7A1E
lower,215,203,source-pages/lower/page-0215.jpg,919,1327,embedded-jpeg,2FCD0E20DEDEB34A28317D0CF62B8A4C0BF43A86C5887424C08CB26E7E69868A
lower,216,204,source-pages/lower/page-0216.jpg,919,1327,embedded-jpeg,A79D176C4BBC184273CF3AB6AEB345A25C5E4331CA6566723817D4EA7649697D
lower,217,205,source-pages/lower/page-0217.jpg,919,1327,embedded-jpeg,8C3BCD03CA151B3B8B9850C0EB3E032984442D0952BE4ABE115E6010EC205640
lower,218,206,source-pages/lower/page-0218.jpg,919,1327,embedded-jpeg,5CF335D68F4B645E0580200349B8009D5326D95D8EFF073F2FA69EB453226899
lower,219,207,source-pages/lower/page-0219.jpg,919,1327,embedded-jpeg,88EECD384C83F89DC79B312349A362AA810F12EC82257965F9EFAF9514CCE158
lower,220,208,source-pages/lower/page-0220.jpg,919,1327,embedded-jpeg,42543899865A93152DA7691D447B28D52B70A1A2D75506919AE240CCE06A3935
lower,221,209,source-pages/lower/page-0221.jpg,919,1327,embedded-jpeg,075F0FF65737A8BEB46BAFA3EC6E1D98DF1762354D67F9E610DF34E801B96464
lower,222,210,source-pages/lower/page-0222.jpg,919,1327,embedded-jpeg,D69418A975A40E380E728B472C42DF49BD0257BA39868432720817273F3C0BF9
lower,223,211,source-pages/lower/page-0223.jpg,919,1327,embedded-jpeg,B061EF143779EF21D2B290D893960594A4BB1D5A08981AF58834E14E9CC861D3
lower,224,212,source-pages/lower/page-0224.jpg,919,1327,embedded-jpeg,7880EE39F8C60E650282878B4DBBFE22960CCBFCA51A50F1D967F12006C6DF4A
lower,225,213,source-pages/lower/page-0225.jpg,919,1327,embedded-jpeg,5412257D519F3ECD162076812992A9E6802A08D5D713767CEA1403843D1C88D6
lower,226,214,source-pages/lower/page-0226.jpg,919,1327,embedded-jpeg,7ADC0B2575A4DAF934091DBFB66B5C1F4D4F9CD21E7B6FCC1C1190C25DF9C743
lower,227,215,source-pages/lower/page-0227.jpg,919,1327,embedded-jpeg,633D3A7AA991A60A76EFE6939A930EAC479122C20869CBBC56F0AB07DE9F5160
lower,228,216,source-pages/lower/page-0228.jpg,919,1327,embedded-jpeg,C8CF716C80D79E598819F57023491187BC4B6B86AB79AC257B9B42D2B244EF71
lower,229,217,source-pages/lower/page-0229.jpg,919,1327,embedded-jpeg,34DD28F401E4654615CAFE4736EC48C975E88EC85AA73652A15949D9A243B00B
lower,230,218,source-pages/lower/page-0230.jpg,919,1327,embedded-jpeg,10BC12DE76C870E6CAF2B972E6C6F5945306CC95E40198648A46CDC4E1BF2939
lower,231,219,source-pages/lower/page-0231.jpg,919,1327,embedded-jpeg,73B164F751370D0DB3D2382A0CC00A5F92407E8F02D4A34584B1496494A005EA
lower,232,220,source-pages/lower/page-0232.jpg,919,1327,embedded-jpeg,3F9139CCE8B3041E0160F85E55A2A99450E2FE0012709D53EA42D24AE8406AC3
lower,233,221,source-pages/lower/page-0233.jpg,919,1327,embedded-jpeg,FFB731CEEFC6D132E5DA4F0EE058CA878516C899E70501B3C70EA20CB17E1722
lower,234,222,source-pages/lower/page-0234.jpg,919,1327,embedded-jpeg,540C00CFEA1EE203814B3DD84C99FC91B1C2494B78D908890D6806604553FB61
lower,235,223,source-pages/lower/page-0235.jpg,919,1327,embedded-jpeg,51518689044B27C0732B12E7D6A0006E8ABD7D1CFC529ABA4D252288BAFB1204
lower,236,224,source-pages/lower/page-0236.jpg,919,1327,embedded-jpeg,FCBF04D030AA69F4F04FB2E60B7237BB143C1DDFC01EEE820EE68CCFB47DDF6E
lower,237,225,source-pages/lower/page-0237.jpg,919,1327,embedded-jpeg,E80C750DFF19CB793DB8E90C2369457076D7D182B93123BDA0B5316D442D44B2
lower,238,226,source-pages/lower/page-0238.jpg,919,1327,embedded-jpeg,17DECCA836B1DB29BFD65B486B04C4BDFA9145D1623B1B0E39931A2384363BFA
lower,239,227,source-pages/lower/page-0239.jpg,919,1327,embedded-jpeg,E1821C87EFCA32CB8D4B33CF956C6CD579AA1970EAE422DF3816E6B1E64AB61A
lower,240,228,source-pages/lower/page-0240.jpg,919,1327,embedded-jpeg,3EFF72B61F9CBCFADD6A2D120781C63029F7FA5898D265E8BEDC2175B877DD5B
lower,241,229,source-pages/lower/page-0241.jpg,919,1327,embedded-jpeg,52EBB8C1185B0F53B7BF1099829E35F8A7A37A736061C3B8B7BA2ECFD73A1D34
lower,242,230,source-pages/lower/page-0242.jpg,919,1327,embedded-jpeg,294EA31C913EB9F2B4180962DBF61F983E89DB482D762A4355F7235A83391AA0
lower,243,231,source-pages/lower/page-0243.jpg,919,1327,embedded-jpeg,91CD6660F4FB1D6B6B7DCD5670C78F336943B1BEF7BEC065A682CE8AECB6978E
lower,244,232,source-pages/lower/page-0244.jpg,919,1327,embedded-jpeg,9023571A5C8490B1762ECDD3265F9B6168FA5C3A1C0FD6F53B3EF377504575DF
lower,245,233,source-pages/lower/page-0245.jpg,919,1327,embedded-jpeg,7535D32D135D325DEDB18F080A0835174127A66CC99D6BA0DF63F8E9F3CFE515
lower,246,234,source-pages/lower/page-0246.jpg,919,1327,embedded-jpeg,BA07050A4451A15BD1A26875097560228135C8BC011CFC104A7AFB4B858EA8AA
lower,247,235,source-pages/lower/page-0247.jpg,919,1327,embedded-jpeg,2026D3ED9E44BDF085B2C4A73EA66528C4F1D72CEFF15DE152E79963721AA19A
lower,248,236,source-pages/lower/page-0248.jpg,919,1327,embedded-jpeg,D7CA634F09796E1D60DE993CD6D422777347D782631A550C5F5D685162166F18
lower,249,237,source-pages/lower/page-0249.jpg,919,1327,embedded-jpeg,C5B9CDB71E7222D06D1312B1B8FD480BF3C5BB6728119B498E4A6A52D9E291CB
lower,250,238,source-pages/lower/page-0250.jpg,919,1327,embedded-jpeg,40A251763536053C79FE6CC5EE64F4C5207BC1B8D2BCB7B8FD1BC23B03FEAD00
lower,251,239,source-pages/lower/page-0251.jpg,919,1327,embedded-jpeg,D5EF054BD77D1A9FE8CF1BC4AFD6D77F4DEC30956F75DD908E00AF1064806BC8
lower,252,240,source-pages/lower/page-0252.jpg,919,1327,embedded-jpeg,28A5EC95EEF9721D421D5974706D1174C7CFB7F9DBB7AA34284DF7760CF1908A
lower,253,241,source-pages/lower/page-0253.jpg,919,1327,embedded-jpeg,EC4D6BBAF3330350B645C609A77880059B4CB9FA68E4D6F62BA161B4C32B34F4
lower,254,242,source-pages/lower/page-0254.jpg,919,1327,embedded-jpeg,5C6B1B316B861905F56BE28C8ABBBEE6D04B6733E43297CBE99F6964CAA93457
lower,255,243,source-pages/lower/page-0255.jpg,919,1327,embedded-jpeg,6008890DF4E754F3339BDA49F70919C88165B6EDD461BE2B18C46E9E2E23C5BC
lower,256,244,source-pages/lower/page-0256.jpg,919,1327,embedded-jpeg,A5627125B38B78AC63298237E149CBCB3D2D0E669EB6AFD96E21B55BFCB29B27
lower,257,245,source-pages/lower/page-0257.jpg,919,1327,embedded-jpeg,757F5B8A390FE6A26CBBB6B6003EBC8467F67E3575224FE19446EF2B28894C05
lower,258,246,source-pages/lower/page-0258.jpg,919,1327,embedded-jpeg,42BC1F786800D2ED108B2A4FBC9A22B24A6F3E5FF2F53360DF3AD1A74ED085C7
lower,259,247,source-pages/lower/page-0259.jpg,919,1327,embedded-jpeg,FE30B5015867C279AE5B5D6E4FDE6D9BCA4DF1EC293356C8BE48B6A619F96A19
lower,260,248,source-pages/lower/page-0260.jpg,919,1327,embedded-jpeg,A207478DAE93D6FF83C20B9DA6806DD1510A129CFFC53346AFED1126B44835EC
lower,261,249,source-pages/lower/page-0261.jpg,919,1327,embedded-jpeg,2E9F16B62F8D02B882A9F0E11A241EAF08E61EBE91BE61F94AD306A1B7200D24
lower,262,250,source-pages/lower/page-0262.jpg,919,1327,embedded-jpeg,8953F98B5916929C5016DB5799ADA979596844FD3CE948574AA61BA874BF8B0F
lower,263,251,source-pages/lower/page-0263.jpg,919,1327,embedded-jpeg,F5F963388F2D0EFED18951B5DB3A457DCC960A02245B8D6D5808BD159AED268F
lower,264,252,source-pages/lower/page-0264.jpg,919,1327,embedded-jpeg,80BC4017EC81DB7FF3C06917A1DEC6051CF311AD82B89EB7BF74D101CFAE7926
lower,265,253,source-pages/lower/page-0265.jpg,919,1327,embedded-jpeg,BDD5D7AAD075C3983DCBCBFC6D1B201D093C8C6EEE150F2CADF808622A87D1AF
lower,266,254,source-pages/lower/page-0266.jpg,919,1327,embedded-jpeg,9130E097E497AB2615DD00ED6DBE395FDB6B0F2D3BBEC83B68D4ABD03945C1D7
lower,267,255,source-pages/lower/page-0267.jpg,919,1327,embedded-jpeg,F7755F271EB6A69CAB9AAC1D701E43490636A10DF0167BB54EE9146BD7EF2A81
lower,268,256,source-pages/lower/page-0268.jpg,919,1327,embedded-jpeg,10B666031B427EA302B6461AF6E156BE14018A72A3EF18037FE441AECA0822B8
lower,269,257,source-pages/lower/page-0269.jpg,919,1327,embedded-jpeg,6B8332A227B51388F302655AAC8385A6BA764AA952F5AF92B667ADA0A0715057
lower,270,258,source-pages/lower/page-0270.jpg,919,1327,embedded-jpeg,12545E3F044FDA594CADD0594B45F929A8F40982159D437E0D216135839DF390
lower,271,259,source-pages/lower/page-0271.jpg,919,1327,embedded-jpeg,B2520F5529E976E8F14015A6070AE65B9CF7E5A2CDE8E33580908AA23202A2F6
lower,272,260,source-pages/lower/page-0272.jpg,919,1327,embedded-jpeg,A344BA439EE90932938A4571933FF791586B474F5248C31E7398985704FF20A1
lower,273,261,source-pages/lower/page-0273.jpg,919,1327,embedded-jpeg,3902CE0241397661D070B8107D36B391952B938CEC50F7FB34E470AD511CA968
lower,274,262,source-pages/lower/page-0274.jpg,919,1327,embedded-jpeg,10897D9D1B7E5EEE5CFD3D0F6E20F759C2C778DD0953B60B70FDB5A092743B27
lower,275,263,source-pages/lower/page-0275.jpg,919,1327,embedded-jpeg,112173D8003CF487114E0A7726117227E0C1494A8A52EE35F5277C6A6D8174BA
lower,276,264,source-pages/lower/page-0276.jpg,919,1327,embedded-jpeg,9D2E95B62DAF41B478778ED03C7121771E32457E484325E142FDBFEB5EC56908
lower,277,265,source-pages/lower/page-0277.jpg,919,1327,embedded-jpeg,4B57615FA41A19CCA229DE30634854E59228FEF8E8DD54E98420EA52FF65810C
lower,278,266,source-pages/lower/page-0278.jpg,919,1327,embedded-jpeg,D8203EDE89045084D744F386534A96E78637E5D4C9195DFDA1D43E3992E05AA0
lower,279,267,source-pages/lower/page-0279.jpg,919,1327,embedded-jpeg,BE95C51C0D0CD1B290AD6D6280FE933422663095EAD788CEA0243FB0D0986521
lower,280,268,source-pages/lower/page-0280.jpg,919,1327,embedded-jpeg,EA11A4A0CF89011CDC5957B7AD5201FAC5D14C20BF91CAB21812725DCD9A97A6
lower,281,269,source-pages/lower/page-0281.jpg,919,1327,embedded-jpeg,7F1DB1B20396A391EAC12D6059FBB4F4160F41018B602EEE1E2E3C095D504E8F
lower,282,270,source-pages/lower/page-0282.jpg,919,1327,embedded-jpeg,F3D3DF8D40290FBB94F50949F652ED616909B3D385F14E5954F5F022264581F2
lower,283,271,source-pages/lower/page-0283.jpg,919,1327,embedded-jpeg,36E5C3B4F60464187C3D1884823EB3EE70AB283A38AA46B3615539AE41A02455
lower,284,272,source-pages/lower/page-0284.jpg,919,1327,embedded-jpeg,F60DB99E69CE61527309B2BEBB9031174383E9675448CF97DDCFC8EF88E57DA5
lower,285,273,source-pages/lower/page-0285.jpg,919,1327,embedded-jpeg,90BCE70569B42E1F00EF665A910C725E26A3CB0895B110AC2C7015030C7A33EF
lower,286,274,source-pages/lower/page-0286.jpg,919,1327,embedded-jpeg,E6F911376E09EE5F49775A29A36F8B75ECD10F8E8FC3C9E7D764272F5CCC9AFD
lower,287,275,source-pages/lower/page-0287.jpg,919,1327,embedded-jpeg,A94C172D37045495C6A608B72928AC386807B2777DB5D253B89976BD3DCA84A1
lower,288,276,source-pages/lower/page-0288.jpg,919,1327,embedded-jpeg,6819CDA78A37CDF9BB01A99A34ABA4FFD2A6BD39631A238A774C4BE0D49AE864
lower,289,277,source-pages/lower/page-0289.jpg,919,1327,embedded-jpeg,718F9C4E0FDF42E97E168864719D97F6D7EFF68AE03556793EBDAFCDEDE68515
lower,290,278,source-pages/lower/page-0290.jpg,919,1327,embedded-jpeg,D50FD252E94B3A75189A458AFCAD9124E75B1B3B5E36EC884546247BDF55FB12
lower,291,279,source-pages/lower/page-0291.jpg,919,1327,embedded-jpeg,C0111DE3091BBEFC1065C69CB52F120E03583E2093B2F91A3C085084E9DE227B
lower,292,280,source-pages/lower/page-0292.jpg,919,1327,embedded-jpeg,03583B6163AC62272978525B3B6C3C6A5B28F8C495C609350BE6432A472F2211
lower,293,281,source-pages/lower/page-0293.jpg,919,1327,embedded-jpeg,49CA4CBE4C480DE75EEC4207D295D19031D72E17143A8063B99DDC18B710F781
lower,294,282,source-pages/lower/page-0294.jpg,919,1327,embedded-jpeg,69A7BEFD2F5B5E3D05F4252E1D32C32D9A52B0FDD303196157040B6972504629
lower,295,283,source-pages/lower/page-0295.jpg,919,1327,embedded-jpeg,AF21887A715E9BBC63CEB4AD73FF597EC890198C1430D28196F41737A2F7C446
lower,296,284,source-pages/lower/page-0296.jpg,919,1327,embedded-jpeg,0B7980628097019B36EB76B1A2A8591565548B21485EF5AB01373881F06198AC
lower,297,285,source-pages/lower/page-0297.jpg,919,1327,embedded-jpeg,B2EA639984B0A920572027774D9A8F49EC6772D36547977AC71A1B54264AA844
lower,298,286,source-pages/lower/page-0298.jpg,919,1327,embedded-jpeg,64B497D5CE111E17B10D1D7B3F99ECEEB793C337D49E8B5E6048270F831B8E07
lower,299,287,source-pages/lower/page-0299.jpg,919,1327,embedded-jpeg,97BD09B85691D14EC7D655C191BCA24CEB1D5D35DF0DE4FB9E988924CAC0C308
lower,300,288,source-pages/lower/page-0300.jpg,919,1327,embedded-jpeg,202F8F6D38AAD8158172D5A708C08C67239A13F40EEB2098F10D078233525C07
lower,301,289,source-pages/lower/page-0301.jpg,919,1327,embedded-jpeg,181AF646DFD1CC4EF813217213EB1C0BDA15B6D9D6F35B7E8DFD8E8F85B45006
lower,302,290,source-pages/lower/page-0302.jpg,919,1327,embedded-jpeg,FCED58BAEB34A7558E00514B05BA6FBE3EB828E4E414D820EFCF83C3EB8D4D3E
lower,303,291,source-pages/lower/page-0303.jpg,919,1327,embedded-jpeg,4F6B4DEF3B24B2B04974158FD1BE18EAD464CD8D3488D4F9534C482B68F704B1
lower,304,292,source-pages/lower/page-0304.jpg,919,1327,embedded-jpeg,39043FA95945E97938A9C8B00E9D93246E5044BBF6B9AACB134220A6A5C29935
lower,305,293,source-pages/lower/page-0305.jpg,919,1327,embedded-jpeg,39E241059825416D1A5B6B3C9CD86B092F107999AED17C92FB092D8BAE41AD40
lower,306,294,source-pages/lower/page-0306.jpg,919,1327,embedded-jpeg,F664C1EB19B26DAFC778EB8965CAA45B0D533C9B5226A4AA3A988CE446FCA10A
lower,307,295,source-pages/lower/page-0307.jpg,919,1327,embedded-jpeg,041C7995DAC3A771B0B10AFA8024F7E8480858916B20EDABF9B3E0253A44B1C0
lower,308,296,source-pages/lower/page-0308.jpg,919,1327,embedded-jpeg,E91B5E234D7F89F279F2A6514B7FC8C15FF2088922F940A2EA4A56B1CC834160
lower,309,297,source-pages/lower/page-0309.jpg,919,1327,embedded-jpeg,9F3D08C2213E0F0A15EB920C42AC95F5C08D0164A9184F367175C88FCA8CF0E3
lower,310,298,source-pages/lower/page-0310.jpg,919,1327,embedded-jpeg,D9BAC97C19DFCFB6CE922C72394BF66ED36C619527E848603C8C272681B3AC87
lower,311,299,source-pages/lower/page-0311.jpg,919,1327,embedded-jpeg,3E3739AFF5591D003A098BD55946C620D86EADA89C2DE7F442ACA5EA07B13720
lower,312,300,source-pages/lower/page-0312.jpg,919,1327,embedded-jpeg,42F8A9ADDFF359C7C68C173F5855C6DE4C9C452608EE07BB83D124D9639FD9AD
lower,313,301,source-pages/lower/page-0313.jpg,919,1327,embedded-jpeg,9C412663F4229E9A5A7666650193DBCF51F1E9AED8C93841E2620E594E902901
lower,314,302,source-pages/lower/page-0314.jpg,919,1327,embedded-jpeg,E55694AAFF590D556BC0D668B5DC7BE506CE23482E72D222775DD4276311ADC3
lower,315,303,source-pages/lower/page-0315.jpg,919,1327,embedded-jpeg,20998144C9A58193C8D819DFD2AFAA859892D435DFDF4B7D585CD80C437E393E
lower,316,304,source-pages/lower/page-0316.jpg,919,1327,embedded-jpeg,FD0AA956469C3E0C7E74BD844E578B3AFA56CB12899D15DD525C196B42ABB436
lower,317,305,source-pages/lower/page-0317.jpg,919,1327,embedded-jpeg,52EE9497B7713869966301F358DFA35349108ECD7509B86B6D4C17C7479F9272
lower,318,306,source-pages/lower/page-0318.jpg,919,1327,embedded-jpeg,4CD565C560636859ECAC9DF71DF03525C385B581A2863AFCA6593A245B2A6D79
lower,319,307,source-pages/lower/page-0319.jpg,919,1327,embedded-jpeg,54DC2D1D947B5F004A76068258F34B3EB7A3C987CD65AE95A8B9FD4BDC77FE3D
lower,320,308,source-pages/lower/page-0320.jpg,919,1327,embedded-jpeg,EA1966F6BDC062DB628F07C3D6B1102B4B8B630CE9A52EF96ADF683E21916D9E
lower,321,309,source-pages/lower/page-0321.jpg,919,1327,embedded-jpeg,C4685C68E1BD21CCC2830FBFA472285DC37B757FA7030368E25ACB27068B8486
lower,322,310,source-pages/lower/page-0322.jpg,919,1327,embedded-jpeg,A8822462C6E96D4FF09763AAAEF95F34DC2184909FD11ED6944DFC57A3578E58
lower,323,311,source-pages/lower/page-0323.jpg,919,1327,embedded-jpeg,B825422B60341743E94B8FB626E90E3DDA1E23E535880680E5CC60C7C9882AFC
lower,324,312,source-pages/lower/page-0324.jpg,919,1327,embedded-jpeg,121479C8CAB1BACF770503FDF138312F505F5A96D498570A0A0FF888D66E67C4
lower,325,313,source-pages/lower/page-0325.jpg,919,1327,embedded-jpeg,4C354BB997FCF25A7C36E553ADCF19D58EAEDD78194E9186F8F2E4CB5E8BAF7F
lower,326,314,source-pages/lower/page-0326.jpg,919,1327,embedded-jpeg,2AE556A372048F65C49C8CFC22952AB8ACDBA531B10D9AEF263598976725FB36
lower,327,315,source-pages/lower/page-0327.jpg,919,1327,embedded-jpeg,CD482041F006056A47D1B279D3395F0605F0FDF09F085BC42CB74D7F1FCB9AD7
lower,328,316,source-pages/lower/page-0328.jpg,919,1327,embedded-jpeg,4F303471F028711ACF5B4784CE1F8A84D3C10DE0FBEEF0133B135B245404ACF0
lower,329,317,source-pages/lower/page-0329.jpg,919,1327,embedded-jpeg,E5549AF4F770FE8F28FD8F5AA7C501A5DF128EAD1166FAEBF85BACB2ADCAE3C9
lower,330,318,source-pages/lower/page-0330.jpg,919,1327,embedded-jpeg,C3F527A45610650405336286389F6E852167F5D81B84E7B8B0A36705DD8E7F29
lower,331,319,source-pages/lower/page-0331.jpg,919,1327,embedded-jpeg,BF5DC247A7B51D9712744F5E70294E0DB124D7CEC1E3E5653AC5DFBFEC9DCD3B
lower,332,320,source-pages/lower/page-0332.jpg,919,1327,embedded-jpeg,043E73093C671BBE46FDD4A7633D43C21C38824C28AA5ED53F53AD887EE9DC69
lower,333,321,source-pages/lower/page-0333.jpg,919,1327,embedded-jpeg,5E1A1D5CAD0282D9765964258676A8CDBA60606E53D3D7B7ABB786564D1FAA18
lower,334,322,source-pages/lower/page-0334.jpg,919,1327,embedded-jpeg,CECE9B421CC632A777208CBD7F96E68DB60AA5F7109E3BC8FCA4A033EE906246
lower,335,323,source-pages/lower/page-0335.jpg,919,1327,embedded-jpeg,245B33CDCB04B91E39A3F4D39F1A4ABB723DD08B56E8F79A11EAE2834A1F3C83
lower,336,324,source-pages/lower/page-0336.jpg,919,1327,embedded-jpeg,998C15EA7F5CB8B88B9500F60486C604301C06E3CB5F625B89CBA7A51C8069CF
lower,337,325,source-pages/lower/page-0337.jpg,919,1327,embedded-jpeg,9BEF20F69ED0B430100A3301AC871BE830ED9D4E2207F288D0C1273A5C9B9603
lower,338,326,source-pages/lower/page-0338.jpg,919,1327,embedded-jpeg,EAC95373A50E1CC1259EF3DE24A78129CCF8E5F3DD686DFDE577DC78634685A8
lower,339,327,source-pages/lower/page-0339.jpg,919,1327,embedded-jpeg,029DC49DA313AB6686D2D009BEEF15B6061C1A83B543D657099A0B540E89ACAA
lower,340,328,source-pages/lower/page-0340.jpg,919,1327,embedded-jpeg,D48AF8D786F6797F808033497EC6B90C484B993D2963310C73501D8286196A0F
lower,341,329,source-pages/lower/page-0341.jpg,919,1327,embedded-jpeg,56B1F4595C90030F2F834CC5B529AE4E16891F75F57F025C35DB21B207B2E52A
lower,342,330,source-pages/lower/page-0342.jpg,919,1327,embedded-jpeg,6F7A8E5650740381F96736D11933C37C4F9FC3B1D50A9B3A13A60E4819A8741F
lower,343,331,source-pages/lower/page-0343.jpg,919,1327,embedded-jpeg,BE5A22D057758CA3D96F5CA1ADC3E8323D4A530A699BC8B376EAC5148D9C8EEF
lower,344,332,source-pages/lower/page-0344.jpg,919,1327,embedded-jpeg,82D3406E65ABECA049227C313B9140EF110BB3798C7362BA1F281E171FDA3829
lower,345,333,source-pages/lower/page-0345.jpg,919,1327,embedded-jpeg,2E90502183D250E8CD74D3E24AC61BA4441E14D8B2D512747B5A060D9CFCDBF1
lower,346,334,source-pages/lower/page-0346.jpg,919,1327,embedded-jpeg,5C9C51B07F1184B9BDA0AE40D1D4713EA55778A9AF4F5D113BD2F2EC927893ED
lower,347,335,source-pages/lower/page-0347.jpg,919,1327,embedded-jpeg,55DD6B2CCFC50E0CEE1D502F40E4B9F8B6C3BDC8659C7653726CB49FAA300BEC
lower,348,336,source-pages/lower/page-0348.jpg,919,1327,embedded-jpeg,5CF7A69A9AFDDD48620A82CA09BDF0D1B960F6256C2956D811D567DA016FFF6E
lower,349,337,source-pages/lower/page-0349.jpg,919,1327,embedded-jpeg,77EAE4B2336E0EF8CF89603CE1AAABE062495B9415FECA032D1C428E610F8CB9
lower,350,338,source-pages/lower/page-0350.jpg,919,1327,embedded-jpeg,3739846053166153D72E698E0831858B39C7C9E5E2C6EBA028F02B9B85DB93A1
lower,351,339,source-pages/lower/page-0351.jpg,919,1327,embedded-jpeg,72B48E80EF90E70325EECED4DEA7C58034E2385CBD3A72C601849866703150DE
lower,352,340,source-pages/lower/page-0352.jpg,919,1327,embedded-jpeg,982F68AE9BFABBF18CA4FD76DE311DB16D814CD9842AEB500975AEE62DE4FE25
lower,353,341,source-pages/lower/page-0353.jpg,919,1327,embedded-jpeg,94363F6DCACE0923795DAFF3A5E402377106A73FF2D73AE5064F5E52C3610E96
lower,354,342,source-pages/lower/page-0354.jpg,919,1327,embedded-jpeg,9099936890409FBC9C18712793DB0A58E52F299A4A8B76F0747505A9FFEE1DA0
lower,355,343,source-pages/lower/page-0355.jpg,919,1327,embedded-jpeg,560081D6F7B5156A004ECEED44D6B45515FB44A35848A8AE79728A0988A81142
lower,356,344,source-pages/lower/page-0356.jpg,919,1327,embedded-jpeg,570952C70A16CED9019A11E500EFED4E73DDAF60A5EA3D88F5F5C505841F188E
lower,357,345,source-pages/lower/page-0357.jpg,919,1327,embedded-jpeg,8BF45037B0295D53295A8B70A66EB1452E45623F3E64AD69024BA235BDB6928B
lower,358,346,source-pages/lower/page-0358.jpg,919,1327,embedded-jpeg,B2237785F7633F163AD0039ABB439BE323E3B39005208186C09D8AF3619BCFB1
lower,359,347,source-pages/lower/page-0359.jpg,919,1327,embedded-jpeg,4A754C42DC8B0B3A6D136FB576E7DE05D391C6E609A956A8002F578C44A29A6B
lower,360,348,source-pages/lower/page-0360.jpg,919,1327,embedded-jpeg,D45D97299113B6ED6AF20684AB7A71C5F42F30BAF87446285137B2470A6E4EB1
lower,361,349,source-pages/lower/page-0361.jpg,919,1327,embedded-jpeg,802309785938628E18CBB99B739196083656D1439ECAABFE5B4B01D817C8F852
lower,362,350,source-pages/lower/page-0362.jpg,919,1327,embedded-jpeg,5770E6022CAC55BEC9259B83F723FE3941E412499DC46F4AE16991E99B145189
lower,363,351,source-pages/lower/page-0363.jpg,919,1327,embedded-jpeg,0224A950D7B25B2CE7601ECA24CFC163D248F380540AF86FB58B93BB667C2009
lower,364,352,source-pages/lower/page-0364.jpg,919,1327,embedded-jpeg,4288305DC21A417DC2BBB614A4E6BA130CC9F575B8B3ECB5556C985A55E08E58
lower,365,353,source-pages/lower/page-0365.jpg,919,1327,embedded-jpeg,5A47E714C6BB8760AC599837649260184D3B1C514BF99C4829F941D0697B882A
lower,366,354,source-pages/lower/page-0366.jpg,919,1327,embedded-jpeg,6AC27B4A9B48050ACC30D65F8BB4297BCAF506AED8112CDD56AC010F22A663DD
lower,367,355,source-pages/lower/page-0367.jpg,919,1327,embedded-jpeg,F11CBF8C504326B5C3BAF14D74EE12A9893AABBE079FAB1093DF059B053047D1
lower,368,356,source-pages/lower/page-0368.jpg,919,1327,embedded-jpeg,8ACCC5554FCCC38F06DCCD80FE99015E5E5D8A676AD4744223385E4B33681CD0
lower,369,357,source-pages/lower/page-0369.jpg,919,1327,embedded-jpeg,BA7584142D035AFB4FB95C682F95835A84908D4939B60B9237F29471EBF80FF5
lower,370,358,source-pages/lower/page-0370.jpg,919,1327,embedded-jpeg,30060BE648328AE5456824F2ED0C361EBBAB7DD8106A106FE5A9425AEAD76CBB
lower,371,359,source-pages/lower/page-0371.jpg,919,1327,embedded-jpeg,A2C41BB2AA887B67486CEFEFB47DA6E105D22CF4793304200966E1D9AFE57ABD
lower,372,360,source-pages/lower/page-0372.jpg,919,1327,embedded-jpeg,DB32DD8BB34F89214DB9209B95634B5AE74DF37EBE213B9D36B69DA25A641399
lower,373,361,source-pages/lower/page-0373.jpg,919,1327,embedded-jpeg,ECB3575A797E6B2EC6EA08884DBC8B63131505647A77C2815220FDC389EF8FB8
lower,374,362,source-pages/lower/page-0374.jpg,919,1327,embedded-jpeg,2B4A64019B9CAEEBD911C293E9A64029510EF7C30C48267A1FE9273D3A4CB32E
lower,375,363,source-pages/lower/page-0375.jpg,919,1327,embedded-jpeg,4C3A5CE33596CBF8AFFC2FF557569BF3A1F7ACA6FFB13AB1D381CC73C87775A3
lower,376,364,source-pages/lower/page-0376.jpg,919,1327,embedded-jpeg,1F3A314FDB4807CED7F8E2278C1742C78A823EC2F57FE8305227D48358AFC097
lower,377,365,source-pages/lower/page-0377.jpg,919,1327,embedded-jpeg,B5E7C6147CDC18495334BFB414C343A69D84B420C7E039F289547E4ED7586F86
lower,378,366,source-pages/lower/page-0378.jpg,919,1327,embedded-jpeg,BA662020AE908F8AEC9CDEB9358F964C065FB459166951C308329251F72832F5
lower,379,367,source-pages/lower/page-0379.jpg,919,1327,embedded-jpeg,AA30476537650EAF2459CD2EB8196CAA053B325CD4559A89AFE088445CF777C2
lower,380,368,source-pages/lower/page-0380.jpg,919,1327,embedded-jpeg,E0DA5FD54C1158631B098880E94FE4AD220B4BE56797A44905DC3DED143444D7
lower,381,369,source-pages/lower/page-0381.jpg,919,1327,embedded-jpeg,084106B27114E5F0EA1987810A359FB4AEFEDC7DD05EC0FFFD036619F3A759E2
lower,382,370,source-pages/lower/page-0382.jpg,919,1327,embedded-jpeg,E3DAE26DF4A20D7594958ADF9BD5233CB1B25DA80537438874357A92E4D0C9BE
lower,383,371,source-pages/lower/page-0383.jpg,919,1327,embedded-jpeg,27832F75167D68F6238D449AA7DBD17DB12F2F8D719CF8585BD7B28E48735762
lower,384,372,source-pages/lower/page-0384.jpg,919,1327,embedded-jpeg,8B0465A3949284FB36B36CCCC38CAB16644A656C631060199FE9AF276B627150
lower,385,373,source-pages/lower/page-0385.jpg,919,1327,embedded-jpeg,5E691D68DF96E2098E8782D1748BC7B4C940A3B05B93C764D3DFC26352661F2C
lower,386,374,source-pages/lower/page-0386.jpg,919,1327,embedded-jpeg,7D18A40A5A57A0F15CCBED30D4ED52ADCD8547055686D1E5A44F40AFE2EC50CB
lower,387,375,source-pages/lower/page-0387.jpg,919,1327,embedded-jpeg,26B8E7EF87A0B362891264D982A39A5FF5BF52AC516164AF54190CEF015662FD
lower,388,376,source-pages/lower/page-0388.jpg,919,1327,embedded-jpeg,330A0292610013BDB566B7AD78D6417FF10033A098E46E26E2F36AD6315440BF
lower,389,377,source-pages/lower/page-0389.jpg,919,1327,embedded-jpeg,109E7EF4F3FCBD98481E36ABF06E1FE60AE73702B326B8C3400D5783A58419A3
lower,390,378,source-pages/lower/page-0390.jpg,919,1327,embedded-jpeg,D856D5A3B2406E8B441C8F55332567EBCB5F2CB0563AF3B59563088598BF7535
lower,391,379,source-pages/lower/page-0391.jpg,919,1327,embedded-jpeg,E560DABCDDB9E590DCDF73B299DC196F99DA710912E276E9FC13555DE88213D1
lower,392,380,source-pages/lower/page-0392.jpg,919,1327,embedded-jpeg,397956B22DE57F3ABE62576A082B452DFE7DCB671B7DD3BAF4320D9B1F50E0B0
lower,393,381,source-pages/lower/page-0393.jpg,919,1327,embedded-jpeg,D1E3F94F132E723347C740818C0E0860AFF20F38CC87C9F20263EB953C3139F0
lower,394,382,source-pages/lower/page-0394.jpg,919,1327,embedded-jpeg,7A976B6523CFF2468512A21B7F9A5B94496B061A625B4CC100B90BC61D93C6FD
lower,395,383,source-pages/lower/page-0395.jpg,919,1327,embedded-jpeg,D0E85BE3766A9893630096F89AA7767EBACF941BE4938D95C63D320CEB8D2D84
lower,396,384,source-pages/lower/page-0396.jpg,919,1327,embedded-jpeg,287F88D3A93533DF88E6DB413CDCD57F37088026A8540C2A7B0A5D8903418413
lower,397,385,source-pages/lower/page-0397.jpg,919,1327,embedded-jpeg,CA72376A71EDA168EF15B1C7F998680D740F29F051880F20FCD3284C061B5209
lower,398,386,source-pages/lower/page-0398.jpg,919,1327,embedded-jpeg,476D5D2017CF57FE69BE2FD103DCF88F80D3EBB96A588B3E5D9A3642268C3E16
lower,399,387,source-pages/lower/page-0399.jpg,919,1327,embedded-jpeg,3C40864F332414F8EFC6FFB79A8B1A2E112A9C5F91470AEE2795A2EC4CED2317
lower,400,388,source-pages/lower/page-0400.jpg,919,1327,embedded-jpeg,E151E0C2C881822A5AE792AFBB69F501A51A749F66E8BF282359A7BDFCBBEE64
lower,401,389,source-pages/lower/page-0401.jpg,919,1327,embedded-jpeg,DE0437F8F6333D4D3F03BA0A293232A57BF1C6DD81A103972243A02339AC5BC8
lower,402,390,source-pages/lower/page-0402.jpg,919,1327,embedded-jpeg,1D8C4B75D623B88D108BF95DC6A351D2425A011BE20EE96697C1109FF85C7557
lower,403,391,source-pages/lower/page-0403.jpg,919,1327,embedded-jpeg,318FCD39C73D6CD96B9772DF13E39B24FCB7CC6183B45F6D8170A7F503A9A74D
lower,404,392,source-pages/lower/page-0404.jpg,919,1327,embedded-jpeg,D75A7637FD6E2C59ED3BEBB300AF5789CAFD2032B8BD36F38380694F5253C91D
lower,405,393,source-pages/lower/page-0405.jpg,919,1327,embedded-jpeg,9927759C17A84B7EE411349D601DB6B82393A9C7EA90A04FAF4C8448D8BEAC39
lower,406,394,source-pages/lower/page-0406.jpg,919,1327,embedded-jpeg,3BA679AAD5330325443AE90B07140202035653F42C473B1DA69C8A945CF3ACBB
lower,407,395,source-pages/lower/page-0407.jpg,919,1327,embedded-jpeg,471499B729F24000621B1EB1E79F4561188202230A07B71E0BB04DBC20695215
lower,408,396,source-pages/lower/page-0408.jpg,919,1327,embedded-jpeg,42A05A6AFDEEF506D4B07A953E48A6244DA3F7365E06233A9DC6626B02B56F2E
lower,409,397,source-pages/lower/page-0409.jpg,919,1327,embedded-jpeg,1E912B2332198EED6AC7B067B74628E013672D7025F6A25B7BC5A4E29F4D2437
lower,410,398,source-pages/lower/page-0410.jpg,919,1327,embedded-jpeg,20E8827D839FE6E5FDB041EC14D1B090A0BEA5857735A354468A8F37F44438AD
lower,411,399,source-pages/lower/page-0411.jpg,919,1327,embedded-jpeg,AC49E21CD7E4A93C7D592B96E184DDE5BB2757BD6A2A0811C0C983FE076AD3C8
lower,412,400,source-pages/lower/page-0412.jpg,919,1327,embedded-jpeg,8289163317E5CA35461AC55E91C2BD8EFFC71F99D4481C60725FA27ABAAC2724
lower,413,401,source-pages/lower/page-0413.jpg,919,1327,embedded-jpeg,921882EBC382AE6DAE26AEE462FA983F0957EFE43C104D84A9B14659A306252A
lower,414,402,source-pages/lower/page-0414.jpg,919,1327,embedded-jpeg,9652BB5F9CA61C9CE0D6459A360F999C045961F99F961B4053AB450732A5F7C2
lower,415,403,source-pages/lower/page-0415.jpg,919,1327,embedded-jpeg,B9CCE67AA253627954E65C5B848B79D67CB74C80F409B8FE1C5985DF13D7CA1C
lower,416,404,source-pages/lower/page-0416.jpg,919,1327,embedded-jpeg,00B402B4E8F5B9E1BF1A9776038D07AC995E6856F03FC7D11D942A64780C6F4F
lower,417,405,source-pages/lower/page-0417.jpg,919,1327,embedded-jpeg,49A5C730C9F93E554AE1DD613A75D678ADA1C36FEF65C86560356B7CBB888057
lower,418,406,source-pages/lower/page-0418.jpg,919,1327,embedded-jpeg,92E2529AEC5F91A9AA556D0752521BAC68E7D6B2F23495F692D152EC0A0BCB0F
lower,419,407,source-pages/lower/page-0419.jpg,919,1327,embedded-jpeg,165729C6EA29F76C1C87BFC188296AC95CF11C0BD012746605E36CFF50C30B71
lower,420,408,source-pages/lower/page-0420.jpg,919,1327,embedded-jpeg,6CED8D65EE2CBF2A9005486C48FD238E7088B866BDE8F2AD8C8296EDED5269BF
lower,421,409,source-pages/lower/page-0421.jpg,919,1327,embedded-jpeg,82E995F6C45FD44FBD1BC6BB9F25BA214DEBA7BDE7149D229D35056251280A12
